familia,categoria,slug,nombre,referencia,precio_eur,url
ADHESIVOS,ADHESIVOS,adhesivos,SPRAY DE 500 ML. ADHESIVO TEMPORAL-505,R-32499,18.14,https://canodiy.es/adhesivos/1800-R+32499.html
ADHESIVOS,ADHESIVOS,adhesivos,TUBO (30GR) PEGAMENTO TEXTIL HT2,R-21765,5.06,https://canodiy.es/adhesivos/3166-R+21765-4008015135119.html
ADHESIVOS,Cianocrilato,cianocrilato,ADHESIVO FORTE PLUS CIANOCRILATO 20G,R-5250,7.9,https://canodiy.es/cianocrilato/364-R+5250-4058093014363.html
ADHESIVOS,Cianocrilato,cianocrilato,ADHESIVO FORTE PLUS CIANOCRILATO 50G,R-5249,15.25,https://canodiy.es/cianocrilato/365-R+5249-4058093014370.html
ADHESIVOS,Otros Adhesivos,otros-adhesivos,SILICONA PARA PISTOLA TERMOADHESIVA 1KG,R-3478,16.76,https://canodiy.es/otros-adhesivos/124-R+3478-9999999022913.html
AGUJAS Y LEZNAS,AGUJAS,agujas,AGUJA PARA COSER SUELAS 4035 Nº 3,R-61638,7.79,https://canodiy.es/agujas/7175-R+61638-9999999018701.html
AGUJAS Y LEZNAS,AGUJAS,agujas,AGUJA PARA COSER SUELAS 4035 Nº 4,R-44901,5.66,https://canodiy.es/agujas/7152-R+44901-9999999025945.html
AGUJAS Y LEZNAS,Coser a Mano,coser-a-mano,AGUJA COSER A MANO TRES FILOS Nº7,R-22874,0.86,https://canodiy.es/coser-a-mano/3516-R+22874-9999999014659.html
AGUJAS Y LEZNAS,Coser a Mano,coser-a-mano,AGUJA CURVADA Nº1 - 32 MM,r-1908,3.3,https://canodiy.es/coser-a-mano/1180-r+1908-9999999019449.html
AGUJAS Y LEZNAS,Coser a Mano,coser-a-mano,AGUJA CURVADA Nº2 - 50 MM,R-43302,3.43,https://canodiy.es/coser-a-mano/1181-R+43302-9999999002243.html
AGUJAS Y LEZNAS,Coser a Mano,coser-a-mano,AGUJA CURVADA Nº3 -56 MM,R-42059,3.72,https://canodiy.es/coser-a-mano/348-R+42059-9999999015021.html
AGUJAS Y LEZNAS,Coser a Mano,coser-a-mano,"AGUJA CURVADA Nº3,5- 62 MM",R-43303,3.98,https://canodiy.es/coser-a-mano/1182-R+43303-9999999018299.html
AGUJAS Y LEZNAS,Coser a Mano,coser-a-mano,AGUJA CURVADA Nº4 - 83 MM,R-9184,4.28,https://canodiy.es/coser-a-mano/52-R+9184-9999999014802.html
AGUJAS Y LEZNAS,Coser a Mano,coser-a-mano,AGUJA CURVADA Nº5 - 91 MM,R-9185,5.54,https://canodiy.es/coser-a-mano/53-R+9185-9999999014819.html
AGUJAS Y LEZNAS,Coser a Mano,coser-a-mano,AGUJA CURVADA Nº6 - 100 MM,R-12600,6.12,https://canodiy.es/coser-a-mano/1183-R+12600-9999999014826.html
AGUJAS Y LEZNAS,Coser a Mano,coser-a-mano,AGUJA CURVADA Nº7 - 110 MM,R-12601,6.96,https://canodiy.es/coser-a-mano/51-R+12601-9999999025952.html
AGUJAS Y LEZNAS,Coser a Mano,coser-a-mano,AGUJA GUARNICIONERO SIN PUNTA Nº0 - 60 MM,R-43317,0.31,https://canodiy.es/coser-a-mano/1197-R+43317-9999999011566.html
AGUJAS Y LEZNAS,Coser a Mano,coser-a-mano,AGUJA GUARNICIONERO SIN PUNTA Nº00 - 70 MM,R-2043,0.33,https://canodiy.es/coser-a-mano/54-R+2043-9999999007835.html
AGUJAS Y LEZNAS,Coser a Mano,coser-a-mano,AGUJA GUARNICIONERO SIN PUNTA Nº000 - 80 MM,R-2066,0.36,https://canodiy.es/coser-a-mano/55-R+2066-9999999007705.html
AGUJAS Y LEZNAS,Coser a Mano,coser-a-mano,AGUJA GUARNICIONERO SIN PUNTA Nº1 - 60 MM,R-43316,0.27,https://canodiy.es/coser-a-mano/1196-R+43316-9999999002250.html
AGUJAS Y LEZNAS,Coser a Mano,coser-a-mano,AGUJA RECTA DOS PUNTAS 20CMS,R-43307,10.41,https://canodiy.es/coser-a-mano/1188-R+43307-9999999026003.html
AGUJAS Y LEZNAS,Coser a Mano,coser-a-mano,AGUJA RECTA DOS PUNTAS 25CMS,R-43308,12.74,https://canodiy.es/coser-a-mano/1189-R+43308-9999999026010.html
AGUJAS Y LEZNAS,Coser a Mano,coser-a-mano,AGUJA RECTA DOS PUNTAS 30CMS,R-43309,14.65,https://canodiy.es/coser-a-mano/1190-R+43309-9999999026027.html
AGUJAS Y LEZNAS,Coser a Mano,coser-a-mano,AGUJA RECTA DOS PUNTAS 35CMS,R-43310,18.26,https://canodiy.es/coser-a-mano/1191-R+43310-9999999026034.html
AGUJAS Y LEZNAS,Coser a Mano,coser-a-mano,AGUJA RECTA DOS PUNTAS 40CMS,R-43311,21.38,https://canodiy.es/coser-a-mano/1192-R+43311-9999999026041.html
AGUJAS Y LEZNAS,Coser a Mano,coser-a-mano,AGUJA RECTA UNA PUNTA 10CMS,R-3678,3.88,https://canodiy.es/coser-a-mano/1184-R+3678-9999999013744.html
AGUJAS Y LEZNAS,Coser a Mano,coser-a-mano,AGUJA RECTA UNA PUNTA 15CMS,R-43313,5.28,https://canodiy.es/coser-a-mano/1185-R+43313-9999999015595.html
AGUJAS Y LEZNAS,Coser a Mano,coser-a-mano,AGUJA RECTA UNA PUNTA 20CMS,R-43314,7.07,https://canodiy.es/coser-a-mano/1186-R+43314-9999999017537.html
AGUJAS Y LEZNAS,Coser a Mano,coser-a-mano,AGUJA RECTA UNA PUNTA 25CMS,R-43315,8.84,https://canodiy.es/coser-a-mano/1187-R+43315-9999999026058.html
AGUJAS Y LEZNAS,Coser a Mano,coser-a-mano,AGUJA RECTA UNA PUNTA 6CMS.,R-28176,1.84,https://canodiy.es/coser-a-mano/58-R+28176-9999999007330.html
AGUJAS Y LEZNAS,Coser a Mano,coser-a-mano,AGUJA RECTA UNA PUNTA 8CMS.,R-3677,2.11,https://canodiy.es/coser-a-mano/57-R+3677-9999999007927.html
AGUJAS Y LEZNAS,Coser a Mano,coser-a-mano,AGUJA SAQUERA 10CMS,R-21102,2.63,https://canodiy.es/coser-a-mano/1193-R+21102-9999999004032.html
AGUJAS Y LEZNAS,Coser a Mano,coser-a-mano,AGUJA SAQUERA 15CMS,R-43305,4.35,https://canodiy.es/coser-a-mano/1194-R+43305-9999999002472.html
AGUJAS Y LEZNAS,Coser a Mano,coser-a-mano,AGUJA SAQUERA 20CMS,R-43306,7.12,https://canodiy.es/coser-a-mano/1195-R+43306-9999999007323.html
AGUJAS Y LEZNAS,Coser a Mano,coser-a-mano,AGUJAS COSER A MANO PAQUETE (20U.) 102116.006,R-44258,2.66,https://canodiy.es/coser-a-mano/2767-R+44258-9999999029776.html
AGUJAS Y LEZNAS,Coser a Máquina,coser-a-maquina,AGUJA DE MÁQUINA DE COSER  328LR  230/26,R-20307,9.74,https://canodiy.es/coser-a-maquina/50-R+20307-9999999029356.html
AGUJAS Y LEZNAS,Coser a Máquina,coser-a-maquina,AGUJA DE MÁQUINA DE COSER 134  85/13,R-1344,3.07,https://canodiy.es/coser-a-maquina/329-R+1344-9999999027819.html
AGUJAS Y LEZNAS,Coser a Máquina,coser-a-maquina,AGUJA DE MÁQUINA DE COSER 134 R 160/23,R-25546,3.07,https://canodiy.es/coser-a-maquina/2947-R+25546-9999999027710.html
AGUJAS Y LEZNAS,Coser a Máquina,coser-a-maquina,AGUJA DE MÁQUINA DE COSER 134-35(R)  110/18,R-12245,4.54,https://canodiy.es/coser-a-maquina/308-R+12245-9999999029226.html
AGUJAS Y LEZNAS,Coser a Máquina,coser-a-maquina,AGUJA DE MÁQUINA DE COSER 134-35(R)  120/19,R-12056,4.54,https://canodiy.es/coser-a-maquina/312-R+12056-9999999029240.html
AGUJAS Y LEZNAS,Coser a Máquina,coser-a-maquina,AGUJA DE MÁQUINA DE COSER 134-35(R)  130/21,R-745,4.54,https://canodiy.es/coser-a-maquina/314-R+745-9999999029264.html
AGUJAS Y LEZNAS,Coser a Máquina,coser-a-maquina,AGUJA DE MÁQUINA DE COSER 134-35D  110/18,R-22417,4.94,https://canodiy.es/coser-a-maquina/299-R+22417-9999999029011.html
AGUJAS Y LEZNAS,Coser a Máquina,coser-a-maquina,AGUJA DE MÁQUINA DE COSER 134-35D  120/19,R-1284,4.94,https://canodiy.es/coser-a-maquina/284-R+1284-9999999029028.html
AGUJAS Y LEZNAS,Coser a Máquina,coser-a-maquina,AGUJA DE MÁQUINA DE COSER 134-35D  90/14,R-3342,4.94,https://canodiy.es/coser-a-maquina/46-R+3342-9999999029004.html
AGUJAS Y LEZNAS,Coser a Máquina,coser-a-maquina,AGUJA DE MÁQUINA DE COSER 134-35LR  100/16,R-664,4.94,https://canodiy.es/coser-a-maquina/304-R+664-9999999029035.html
AGUJAS Y LEZNAS,Coser a Máquina,coser-a-maquina,AGUJA DE MÁQUINA DE COSER 134-35LR  110/18,R-32081,4.94,https://canodiy.es/coser-a-maquina/482-R+32081-9999999029059.html
AGUJAS Y LEZNAS,Coser a Máquina,coser-a-maquina,AGUJA DE MÁQUINA DE COSER 134-35LR  130/21,R-283,4.94,https://canodiy.es/coser-a-maquina/302-R+283-9999999029103.html
AGUJAS Y LEZNAS,Coser a Máquina,coser-a-maquina,AGUJA DE MÁQUINA DE COSER 134-35LR  70/10,R-25547,4.94,https://canodiy.es/coser-a-maquina/47-R+25547-9999999029189.html
AGUJAS Y LEZNAS,Coser a Máquina,coser-a-maquina,AGUJA DE MÁQUINA DE COSER 134-35LR  80/12,R-2085,4.94,https://canodiy.es/coser-a-maquina/300-R+2085-9999999029196.html
AGUJAS Y LEZNAS,Coser a Máquina,coser-a-maquina,AGUJA DE MÁQUINA DE COSER 134-35LR  90/14,R-12540,4.94,https://canodiy.es/coser-a-maquina/303-R+12540-9999999029165.html
AGUJAS Y LEZNAS,Coser a Máquina,coser-a-maquina,AGUJA DE MÁQUINA DE COSER 134-35LR 140/22,R-2086,4.94,https://canodiy.es/coser-a-maquina/301-R+2086-9999999029127.html
AGUJAS Y LEZNAS,Coser a Máquina,coser-a-maquina,AGUJA DE MÁQUINA DE COSER 134-35R 100/16,R-2089,4.54,https://canodiy.es/coser-a-maquina/48-R+2089-9999999029202.html
AGUJAS Y LEZNAS,Coser a Máquina,coser-a-maquina,AGUJA DE MÁQUINA DE COSER 134D  100/16,R-1282,4.94,https://canodiy.es/coser-a-maquina/327-R+1282-9999999026232.html
AGUJAS Y LEZNAS,Coser a Máquina,coser-a-maquina,AGUJA DE MÁQUINA DE COSER 134D  110/18,R-1283,4.94,https://canodiy.es/coser-a-maquina/326-R+1283-9999999026331.html
AGUJAS Y LEZNAS,Coser a Máquina,coser-a-maquina,AGUJA DE MÁQUINA DE COSER 134D  130/21,R-1285,4.94,https://canodiy.es/coser-a-maquina/285-R+1285-9999999026263.html
AGUJAS Y LEZNAS,Coser a Máquina,coser-a-maquina,AGUJA DE MÁQUINA DE COSER 134D  70/10,R-1286,4.94,https://canodiy.es/coser-a-maquina/41-R+1286-9999999026324.html
AGUJAS Y LEZNAS,Coser a Máquina,coser-a-maquina,AGUJA DE MÁQUINA DE COSER 134D  80/12,R-1287,4.94,https://canodiy.es/coser-a-maquina/328-R+1287-9999999026287.html
AGUJAS Y LEZNAS,Coser a Máquina,coser-a-maquina,AGUJA DE MÁQUINA DE COSER 134D  85/13,R-8499,4.94,https://canodiy.es/coser-a-maquina/286-R+8499-9999999026317.html
AGUJAS Y LEZNAS,Coser a Máquina,coser-a-maquina,AGUJA DE MÁQUINA DE COSER 134D  90/14,R-1288,4.94,https://canodiy.es/coser-a-maquina/323-R+1288-9999999026294.html
AGUJAS Y LEZNAS,Coser a Máquina,coser-a-maquina,AGUJA DE MÁQUINA DE COSER 134LR  110/18,R-2070,4.94,https://canodiy.es/coser-a-maquina/288-R+2070-9999999026515.html
AGUJAS Y LEZNAS,Coser a Máquina,coser-a-maquina,AGUJA DE MÁQUINA DE COSER 134LR  120/19,R-24901,4.94,https://canodiy.es/coser-a-maquina/289-R+24901-9999999026539.html
AGUJAS Y LEZNAS,Coser a Máquina,coser-a-maquina,AGUJA DE MÁQUINA DE COSER 134LR  130/21,R-2071,4.94,https://canodiy.es/coser-a-maquina/319-R+2071-9999999026546.html
AGUJAS Y LEZNAS,Coser a Máquina,coser-a-maquina,AGUJA DE MÁQUINA DE COSER 134LR  140/22,R-2072,4.94,https://canodiy.es/coser-a-maquina/290-R+2072-9999999026560.html
AGUJAS Y LEZNAS,Coser a Máquina,coser-a-maquina,AGUJA DE MÁQUINA DE COSER 134LR  70/10,R-15483,4.94,https://canodiy.es/coser-a-maquina/43-R+15483-9999999026683.html
AGUJAS Y LEZNAS,Coser a Máquina,coser-a-maquina,AGUJA DE MÁQUINA DE COSER 134LR  90/14,R-15500,4.94,https://canodiy.es/coser-a-maquina/291-R+15500-9999999026638.html
AGUJAS Y LEZNAS,Coser a Máquina,coser-a-maquina,AGUJA DE MÁQUINA DE COSER 134PCL  110/18,R-1329,4.94,https://canodiy.es/coser-a-maquina/293-R+1329-9999999027505.html
AGUJAS Y LEZNAS,Coser a Máquina,coser-a-maquina,AGUJA DE MÁQUINA DE COSER 134PCL  120/19,R-10787,4.94,https://canodiy.es/coser-a-maquina/294-R+10787-9999999027512.html
AGUJAS Y LEZNAS,Coser a Máquina,coser-a-maquina,AGUJA DE MÁQUINA DE COSER 134PCL  65/9,R-1330,4.94,https://canodiy.es/coser-a-maquina/307-R+1330-9999999027482.html
AGUJAS Y LEZNAS,Coser a Máquina,coser-a-maquina,AGUJA DE MÁQUINA DE COSER 134PCL  70/10,R-1331,4.94,https://canodiy.es/coser-a-maquina/309-R+1331-9999999027529.html
AGUJAS Y LEZNAS,Coser a Máquina,coser-a-maquina,AGUJA DE MÁQUINA DE COSER 134PCL  75/11,R-1332,4.94,https://canodiy.es/coser-a-maquina/295-R+1332-9999999027475.html
AGUJAS Y LEZNAS,Coser a Máquina,coser-a-maquina,AGUJA DE MÁQUINA DE COSER 134PCL  90/14,R-1334,4.94,https://canodiy.es/coser-a-maquina/297-R+1334-9999999027451.html
AGUJAS Y LEZNAS,Coser a Máquina,coser-a-maquina,AGUJA DE MÁQUINA DE COSER 134PCL 100/16,R-1328,4.94,https://canodiy.es/coser-a-maquina/292-R+1328-9999999027499.html
AGUJAS Y LEZNAS,Coser a Máquina,coser-a-maquina,AGUJA DE MÁQUINA DE COSER 134PLC  80/12,R-1333,4.94,https://canodiy.es/coser-a-maquina/296-R+1333-9999999027468.html
AGUJAS Y LEZNAS,Coser a Máquina,coser-a-maquina,AGUJA DE MÁQUINA DE COSER 134R  100/16,R-1335,3.07,https://canodiy.es/coser-a-maquina/318-R+1335-9999999027635.html
AGUJAS Y LEZNAS,Coser a Máquina,coser-a-maquina,AGUJA DE MÁQUINA DE COSER 134R  110/18,R-1336,3.07,https://canodiy.es/coser-a-maquina/298-R+1336-9999999027659.html
AGUJAS Y LEZNAS,Coser a Máquina,coser-a-maquina,AGUJA DE MÁQUINA DE COSER 134R  120/19,R-1337,3.07,https://canodiy.es/coser-a-maquina/321-R+1337-9999999027673.html
AGUJAS Y LEZNAS,Coser a Máquina,coser-a-maquina,AGUJA DE MÁQUINA DE COSER 134R  130/21,R-1338,3.07,https://canodiy.es/coser-a-maquina/325-R+1338-9999999027697.html
AGUJAS Y LEZNAS,Coser a Máquina,coser-a-maquina,AGUJA DE MÁQUINA DE COSER 134R  140/22,R-1339,3.07,https://canodiy.es/coser-a-maquina/315-R+1339-9999999027703.html
AGUJAS Y LEZNAS,Coser a Máquina,coser-a-maquina,AGUJA DE MÁQUINA DE COSER 134R  60/8,R-5933,3.07,https://canodiy.es/coser-a-maquina/44-R+5933-9999999027727.html
AGUJAS Y LEZNAS,Coser a Máquina,coser-a-maquina,AGUJA DE MÁQUINA DE COSER 134R  65/9,R-1340,3.07,https://canodiy.es/coser-a-maquina/320-R+1340-9999999027734.html
AGUJAS Y LEZNAS,Coser a Máquina,coser-a-maquina,AGUJA DE MÁQUINA DE COSER 134R  70/10,R-1341,3.07,https://canodiy.es/coser-a-maquina/322-R+1341-9999999027758.html
AGUJAS Y LEZNAS,Coser a Máquina,coser-a-maquina,AGUJA DE MÁQUINA DE COSER 134R  75/11,R-1342,3.07,https://canodiy.es/coser-a-maquina/324-R+1342-9999999027772.html
AGUJAS Y LEZNAS,Coser a Máquina,coser-a-maquina,AGUJA DE MÁQUINA DE COSER 134R  90/14,R-1345,3.07,https://canodiy.es/coser-a-maquina/45-R+1345-9999999027826.html
AGUJAS Y LEZNAS,Coser a Máquina,coser-a-maquina,AGUJA DE MÁQUINA DE COSER 135 X 17  100/16,R-460,4.0,https://canodiy.es/coser-a-maquina/305-R+460-9999999029387.html
AGUJAS Y LEZNAS,Coser a Máquina,coser-a-maquina,AGUJA DE MÁQUINA DE COSER 135X17  110/18,R-461,4.0,https://canodiy.es/coser-a-maquina/306-R+461-9999999029394.html
AGUJAS Y LEZNAS,Coser a Máquina,coser-a-maquina,AGUJA DE MÁQUINA DE COSER 135X17  120/19,R-462,4.0,https://canodiy.es/coser-a-maquina/313-R+462-9999999029400.html
AGUJAS Y LEZNAS,Coser a Máquina,coser-a-maquina,AGUJA DE MÁQUINA DE COSER 135X17  90/14,R-464,4.0,https://canodiy.es/coser-a-maquina/332-R+464-9999999029424.html
AGUJAS Y LEZNAS,Coser a Máquina,coser-a-maquina,AGUJA DE MÁQUINA DE COSER 328 LR 180/24,R-27993,9.74,https://canodiy.es/coser-a-maquina/2946-R+27993.html
AGUJAS Y LEZNAS,Coser a Máquina,coser-a-maquina,AGUJA DE MÁQUINA DE COSER 328LR  120/19,R-3182,9.74,https://canodiy.es/coser-a-maquina/330-R+3182-9999999029332.html
AGUJAS Y LEZNAS,Coser a Máquina,coser-a-maquina,AGUJA DE MÁQUINA DE COSER 328LR  200/25,R-491,9.74,https://canodiy.es/coser-a-maquina/331-R+491-9999999029349.html
AGUJAS Y LEZNAS,Coser a Máquina,coser-a-maquina,AGUJA DE MÁQUINA DE COSER PARA BORDAR  DBXK5 80/12RG,R-34505,7.08,https://canodiy.es/coser-a-maquina/1799-R+34505-9999999029370.html
AGUJAS Y LEZNAS,Coser a Máquina,coser-a-maquina,PAQUETE (10U.) AGUJAS 134 LR 100/16,R-1293,4.94,https://canodiy.es/coser-a-maquina/1146-R+1293-9999999026485.html
AGUJAS Y LEZNAS,Coser a Máquina,coser-a-maquina,PAQUETE (10U.) AGUJAS 134 LR 80/12,R-4038,4.94,https://canodiy.es/coser-a-maquina/1090-R+4038-9999999026607.html
AGUJAS Y LEZNAS,Coser a Máquina,coser-a-maquina,PAQUETE (10U.) AGUJAS 134 R 80/12,R-1343,3.07,https://canodiy.es/coser-a-maquina/1088-R+1343-9999999027796.html
AGUJAS Y LEZNAS,Coser a Máquina,coser-a-maquina,PAQUETE (10U.) AGUJAS 134-35 (R) 80/12,R-23405,4.54,https://canodiy.es/coser-a-maquina/1144-R+23405-9999999029301.html
AGUJAS Y LEZNAS,Coser a Máquina,coser-a-maquina,PAQUETE (10U.) AGUJAS 134-35 LR 120/19,R-12541,4.94,https://canodiy.es/coser-a-maquina/1145-R+12541-9999999029073.html
AGUJAS Y LEZNAS,Leznas,leznas,"LEZNA ACANALADA Nº1 PARA CUERO   70 x 3,5 MM",R-43276,5.69,https://canodiy.es/leznas/1208-R+43276-9999999026065.html
AGUJAS Y LEZNAS,Leznas,leznas,"LEZNA ACANALADA Nº2 PARA CUERO   85 x 3,5 MM",R-43318,6.24,https://canodiy.es/leznas/1209-R+43318-9999999026072.html
AGUJAS Y LEZNAS,Leznas,leznas,"LEZNA ACANALADA Nº3 PARA CUERO   95 x 3,5 MM",R-43319,6.7,https://canodiy.es/leznas/1210-R+43319-9999999026089.html
AGUJAS Y LEZNAS,Leznas,leznas,LEZNA ACANALADA Nº4 PARA CUERO   105 x 4 MM,R-43320,7.15,https://canodiy.es/leznas/1211-R+43320-9999999026096.html
AGUJAS Y LEZNAS,Leznas,leznas,"LEZNA CUADRADA Nº1 PARA CUERO   2,5 MM x 70 MM",R-17410,3.86,https://canodiy.es/leznas/1215-R+17410-9999999000027.html
AGUJAS Y LEZNAS,Leznas,leznas,LEZNA CUADRADA Nº2 PARA CUERO    4 MM x 80 MM,R-43264,4.24,https://canodiy.es/leznas/1214-R+43264-9999999014970.html
AGUJAS Y LEZNAS,Leznas,leznas,LEZNA CUADRADA Nº3 PARA CUERO  4 MM x 85 MM,R-594,4.56,https://canodiy.es/leznas/1213-R+594-9999999014987.html
AGUJAS Y LEZNAS,Leznas,leznas,LEZNA CUADRADA Nº4 PARA CUERO 4 MM x 90 MM,R-556,4.88,https://canodiy.es/leznas/1212-R+556-9999999014994.html
AGUJAS Y LEZNAS,Leznas,leznas,LEZNA DE GUARNICIONERO CON PUNTA DE ESPADA   100 MM,R-43263,5.92,https://canodiy.es/leznas/1222-R+43263-9999999026454.html
AGUJAS Y LEZNAS,Leznas,leznas,LEZNA DE GUARNICIONERO CON PUNTA DE ESPADA   60 MM,R-43227,3.95,https://canodiy.es/leznas/1218-R+43227-9999999015014.html
AGUJAS Y LEZNAS,Leznas,leznas,LEZNA DE GUARNICIONERO CON PUNTA DE ESPADA   65 MM,R-43261,3.95,https://canodiy.es/leznas/1221-R+43261-9999999026164.html
AGUJAS Y LEZNAS,Leznas,leznas,LEZNA DE GUARNICIONERO CON PUNTA DE ESPADA  90 MM,R-9973,4.99,https://canodiy.es/leznas/1217-R+9973-9999999026171.html
AGUJAS Y LEZNAS,Leznas,leznas,LEZNA DE GUARNICIONERO CON PUNTA DE ESPADA 45 MM,R-43259,3.2,https://canodiy.es/leznas/1219-R+43259-9999999026157.html
AGUJAS Y LEZNAS,Leznas,leznas,LEZNA DE GUARNICIONERO CON PUNTA DE ESPADA 55 MM,R-43260,3.47,https://canodiy.es/leznas/1220-R+43260-9999999015007.html
AGUJAS Y LEZNAS,Leznas,leznas,"LEZNA ESPAÑOLA CURVADA Nº4 PARA CUERO     3,5 MM x 80 MM",R-42247,4.7,https://canodiy.es/leznas/1216-R+42247-9999999026126.html
AGUJAS Y LEZNAS,Leznas,leznas,LEZNA ESPAÑOLA CURVADA PARA CUERO 3 MM x 80 MM,R-43267,4.56,https://canodiy.es/leznas/1686-R+43267-9999999026119.html
AGUJAS Y LEZNAS,Leznas,leznas,LEZNA PERFORADA Nº0 PARA CUERO 95 MM,R-43272,6.08,https://canodiy.es/leznas/1223-R+43272-9999999019302.html
AGUJAS Y LEZNAS,Leznas,leznas,LEZNA PERFORADA Nº1 PARA CUERO   100 MM,R-43274,6.32,https://canodiy.es/leznas/1224-R+43274-9999999026188.html
AGUJAS Y LEZNAS,Leznas,leznas,LEZNA PERFORADA Nº2 PARA CUERO 110 MM,R-43275,6.64,https://canodiy.es/leznas/1225-R+43275-9999999026195.html
AGUJAS Y LEZNAS,Leznas,leznas,LEZNA PUNZON MANUAL PARA PERFORAR 1.8MM,R-46710,7.55,https://canodiy.es/leznas/3368-R+46710-9999999001758.html
AGUJAS Y LEZNAS,Leznas,leznas,LEZNA PUNZON MANUAL PARA PERFORAR 2.5MM,R-26727,7.55,https://canodiy.es/leznas/3347-R+26727-9999999002892.html
AGUJAS Y LEZNAS,Leznas,leznas,LEZNA PUNZON MANUAL PARA PERFORAR 3.5MM,R-51304,8.74,https://canodiy.es/leznas/3371-R+51304-9999999023026.html
AGUJAS Y LEZNAS,Leznas,leznas,LEZNA PUNZON MANUAL PARA PERFORAR 3MM,R-8738,8.05,https://canodiy.es/leznas/3369-R+8738-9999999007316.html
AGUJAS Y LEZNAS,Leznas,leznas,LEZNA PUNZON MANUAL PARA PERFORAR 4.2MM,R-51305,9.33,https://canodiy.es/leznas/3372-R+51305-9999999023033.html
AGUJAS Y LEZNAS,Leznas,leznas,LEZNA PUNZON MANUAL PARA PERFORAR 4.3MM,R-51307,10.89,https://canodiy.es/leznas/3374-R+51307-9999999023057.html
AGUJAS Y LEZNAS,Leznas,leznas,LEZNA PUNZON MANUAL PARA PERFORAR 4.5MM,R-51306,10.02,https://canodiy.es/leznas/3373-R+51306-9999999023040.html
AGUJAS Y LEZNAS,Leznas,leznas,LEZNA SEMIRECTA Nº1,R-43270,3.52,https://canodiy.es/leznas/1227-R+43270-9999999026201.html
AGUJAS Y LEZNAS,Leznas,leznas,LEZNA SEMIRECTA Nº2,R-21101,3.95,https://canodiy.es/leznas/1226-R+21101-9999999026225.html
AGUJAS Y LEZNAS,Máquina Doméstica,maquina-domestica,PAQUETE DE 1 AGUJA TALON PLANO DOBLE PUNTA 80/12,R-64929,4.92,https://canodiy.es/maquina-domestica/8731-R+64929-9999999028106.html
AGUJAS Y LEZNAS,Máquina Doméstica,maquina-domestica,PAQUETE DE 1 AGUJA TALON PLANO DOBLE PUNTA 90/14,R-64930,4.92,https://canodiy.es/maquina-domestica/8732-R+64930-9999999028113.html
AGUJAS Y LEZNAS,Máquina Doméstica,maquina-domestica,PAQUETE DE 10 AGUJAS MÁQUINA DOMÉSTICA TALÓN PLANO 80/12,R-51087,3.06,https://canodiy.es/maquina-domestica/3342-R+51087-9999999028960.html
AGUJAS Y LEZNAS,Máquina Doméstica,maquina-domestica,PAQUETE DE 10 AGUJAS TALON PLANO PUNTA DE BOLA 80/12,R-64940,3.85,https://canodiy.es/maquina-domestica/8727-R+64940-9999999028069.html
AGUJAS Y LEZNAS,Máquina Doméstica,maquina-domestica,PAQUETE DE 10 AGUJAS TALÓN PLANO PUNTA BOLA 70/10,R-64939,3.85,https://canodiy.es/maquina-domestica/8728-R+64939-9999999028052.html
AGUJAS Y LEZNAS,Máquina Doméstica,maquina-domestica,PAQUETE DE 10 AGUJAS TALÓN PLANO PUNTA DE BOLA 100/16,R-64942,3.85,https://canodiy.es/maquina-domestica/8726-R+64942-9999999028076.html
AGUJAS Y LEZNAS,Máquina Doméstica,maquina-domestica,PAQUETE DE 3 AGUJAS TALON PLANO DOBLE PUNTA SURTIDA,R-64928,11.74,https://canodiy.es/maquina-domestica/8730-R+64928-9999999028090.html
AGUJAS Y LEZNAS,Máquina Doméstica,maquina-domestica,PAQUETE DE 5 AGUJAS MÁQUINA DOMÉSTICA TALÓN PLANO 110/18,R-64945,1.92,https://canodiy.es/maquina-domestica/8722-R+64945-9999999028014.html
AGUJAS Y LEZNAS,Máquina Doméstica,maquina-domestica,PAQUETE DE 5 AGUJAS MÁQUINA DOMÉSTICA TALÓN PLANO 80/12,R-64944,1.92,https://canodiy.es/maquina-domestica/8721-R+64944-9999999027994.html
AGUJAS Y LEZNAS,Máquina Doméstica,maquina-domestica,PAQUETE DE 5 AGUJAS MÁQUINA DOMÉSTICA TALÓN PLANO 90/14,R-48004,1.92,https://canodiy.es/maquina-domestica/3341-R+48004-9999999028007.html
AGUJAS Y LEZNAS,Máquina Doméstica,maquina-domestica,PAQUETE DE 5 AGUJAS TALON PLANO PARA VAQUEROS 90/14,R-64937,2.33,https://canodiy.es/maquina-domestica/8729-R+64937-9999999028083.html
AGUJAS Y LEZNAS,Máquina Doméstica,maquina-domestica,PAQUETE DE 5 AGUJAS TALÓN PLANO PARA CUERO SURTIDAS,R-51090,3.27,https://canodiy.es/maquina-domestica/3344-R+51090-9999999029530.html
AGUJAS Y LEZNAS,Máquina Doméstica,maquina-domestica,PAQUETE DE 5 AGUJAS TALÓN PLANO PARA TEJIDO ELÁSTICO O LYCRA 75/11,R-51088,2.76,https://canodiy.es/maquina-domestica/3345-R+51088-9999999028977.html
AGUJAS Y LEZNAS,Máquina Doméstica,maquina-domestica,PAQUETE DE 5 AGUJAS TALÓN PLANO PARA TEJIDO ELÁSTICO O LYCRA 90/11,R-64938,2.7,https://canodiy.es/maquina-domestica/8733-R+64938-9999999028120.html
AGUJAS Y LEZNAS,Máquina Doméstica,maquina-domestica,PAQUETE DE 5 AGUJAS TALÓN PLANO PARA VAQUEROS SURTIDAS,R-51089,2.33,https://canodiy.es/maquina-domestica/3343-R+51089-9999999028137.html
AGUJAS Y LEZNAS,Máquina Remallar,maquina-remallar,AGUJA DE MÁQUINA DE REMALLAR 1738 287WH 70/10 SCHMETZ,R-25273,6.14,https://canodiy.es/maquina-remallar/7102-R+25273-9999999028151.html
AGUJAS Y LEZNAS,Máquina Remallar,maquina-remallar,AGUJA DE MÁQUINA DE REMALLAR 1738 287WH 75/11 SCHMETZ,R-25272,6.14,https://canodiy.es/maquina-remallar/7103-R+25272-9999999028144.html
AGUJAS Y LEZNAS,Máquina Remallar,maquina-remallar,AGUJA DE MÁQUINA DE REMALLAR 1738/16X231  120/19,R-31471,3.07,https://canodiy.es/maquina-remallar/49-R+31471-9999999029462.html
AGUJAS Y LEZNAS,Máquina Remallar,maquina-remallar,AGUJA DE MÁQUINA DE REMALLAR 1738/16X231 100/16,R-4484,3.07,https://canodiy.es/maquina-remallar/3245-R+4484-9999999029448.html
AGUJAS Y LEZNAS,Máquina Remallar,maquina-remallar,AGUJA DE MÁQUINA DE REMALLAR 1738/16X231 80/12,R-30545,3.07,https://canodiy.es/maquina-remallar/7104-R+30545-9999999029479.html
AGUJAS Y LEZNAS,Máquina Remallar,maquina-remallar,PAQUETE DE 5 AGUJAS TALON REDONDO PARA REMALLAR 100/16,R-64936,2.19,https://canodiy.es/maquina-remallar/8725-R+64936-9999999028045.html
AGUJAS Y LEZNAS,Máquina Remallar,maquina-remallar,PAQUETE DE 5 AGUJAS TALON REDONDO PARA REMALLAR 70/10,R-64934,2.19,https://canodiy.es/maquina-remallar/8724-R+64934-9999999028021.html
AGUJAS Y LEZNAS,Máquina Remallar,maquina-remallar,PAQUETE DE 5 AGUJAS TALON REDONDO PARA REMALLAR 90/14,R-64935,2.19,https://canodiy.es/maquina-remallar/8723-R+64935-9999999028038.html
CLAVOS GRAPAS TACHUELAS,"CLAVOS, GRAPAS Y TACHUELAS",clavos-grapas-y-tachuelas,PAQUETE DE KILO DE CLAVOS DE MANO SEMENCE 7MM,R-57919,19.24,https://canodiy.es/clavos-grapas-y-tachuelas/7476-R+57919-9999999020667.html
CLAVOS GRAPAS TACHUELAS,"CLAVOS, GRAPAS Y TACHUELAS",clavos-grapas-y-tachuelas,PAQUETE DE KILO DE CLAVOS DE MANO SEMENCE 8MM,R-57920,18.07,https://canodiy.es/clavos-grapas-y-tachuelas/7477-R+57920-9999999020674.html
CLAVOS GRAPAS TACHUELAS,Clavos,clavos,PAQUETE DE KILO DE CLAVOS DE MANO SEMENCE 10MM,R-7896,16.34,https://canodiy.es/clavos/2246-R+7896.html
CLAVOS GRAPAS TACHUELAS,Clavos,clavos,PAQUETE DE KILO DE CLAVOS DE MANO SEMENCE 10MM,R-1181,18.47,https://canodiy.es/clavos/2245-R+1181-9999999004681.html
CLAVOS GRAPAS TACHUELAS,Clavos,clavos,PAQUETE DE KILO DE CLAVOS DE MANO SEMENCE 12MM,R-1182,18.32,https://canodiy.es/clavos/6794-R+1182-9999999004704.html
CLAVOS GRAPAS TACHUELAS,Clavos,clavos,PAQUETE DE KILO DE CLAVOS DE MANO SEMENCE 12MM,R-6983,16.19,https://canodiy.es/clavos/2247-R+6983-9999999016011.html
CLAVOS GRAPAS TACHUELAS,Clavos,clavos,PAQUETE DE KILO DE CLAVOS DE MANO SEMENCE 14MM,R-1183,18.17,https://canodiy.es/clavos/6795-R+1183-9999999004698.html
CLAVOS GRAPAS TACHUELAS,Clavos,clavos,PAQUETE DE KILO DE CLAVOS DE MANO SEMENCE 14MM,R-6984,16.01,https://canodiy.es/clavos/2248-R+6984-9999999020704.html
CLAVOS GRAPAS TACHUELAS,Clavos,clavos,PAQUETE DE KILO DE CLAVOS DE MANO SEMENCE 16MM,R-6982,16.01,https://canodiy.es/clavos/2249-R+6982-9999999020711.html
CLAVOS GRAPAS TACHUELAS,Clavos,clavos,PAQUETE DE KILO DE CLAVOS DE MANO SEMENCE 18MM,R-1185,17.88,https://canodiy.es/clavos/2251-R+1185-9999999020728.html
CLAVOS GRAPAS TACHUELAS,Clavos,clavos,PAQUETE DE KILO DE CLAVOS DE MANO SEMENCE 18MM,R-5801,16.01,https://canodiy.es/clavos/2250-R+5801-9999999020735.html
CLAVOS GRAPAS TACHUELAS,Clavos,clavos,PAQUETE DE KILO DE CLAVOS DE MANO SEMENCE 20MM,R-1184,18.17,https://canodiy.es/clavos/6796-R+1184-9999999004711.html
CLAVOS GRAPAS TACHUELAS,Clavos,clavos,PAQUETE DE KILO DE CLAVOS DE MANO SEMENCE 20MM,R-1189,17.75,https://canodiy.es/clavos/2252-R+1189-9999999002441.html
CLAVOS GRAPAS TACHUELAS,Clavos,clavos,PAQUETE DE KILO DE CLAVOS DE MANO SEMENCE 6 MM,R-1176,19.2,https://canodiy.es/clavos/6792-R+1176-9999999020759.html
CLAVOS GRAPAS TACHUELAS,Clavos,clavos,PAQUETE DE KILO DE CLAVOS DE MANO SEMENCE 6MM,R-7009,20.0,https://canodiy.es/clavos/2242-R+7009-9999999020766.html
CLAVOS GRAPAS TACHUELAS,Clavos,clavos,PAQUETE DE KILO DE CLAVOS DE MANO SEMENCE 7MM,R-6986,18.68,https://canodiy.es/clavos/2243-R+6986.html
CLAVOS GRAPAS TACHUELAS,Clavos,clavos,PAQUETE DE KILO DE CLAVOS DE MANO SEMENCE 8MM,R-1179,18.73,https://canodiy.es/clavos/2254-R+1179-9999999011931.html
CLAVOS GRAPAS TACHUELAS,Clavos,clavos,PAQUETE DE KILO DE CLAVOS DE MANO SEMENCE 9MM,R-1180,18.6,https://canodiy.es/clavos/6793-R+1180-9999999004674.html
CLAVOS GRAPAS TACHUELAS,Grapas,grapas,CAJA DE 10000 GRAPAS 80/4 COSTADOS,R-63647,7.62,https://canodiy.es/grapas/7651-R+63647.html
CLAVOS GRAPAS TACHUELAS,Grapas,grapas,PAQUETE (5 MILL) GRAPAS 21/4,R-7136,10.57,https://canodiy.es/grapas/340-R+7136-9999999021121.html
CLAVOS GRAPAS TACHUELAS,Grapas,grapas,PAQUETE (5 MILL) GRAPAS 73/8,R-7135,18.37,https://canodiy.es/grapas/342-R+7135.html
CLAVOS GRAPAS TACHUELAS,Grapas,grapas,PAQUETE (5 MILL) GRAPAS OMER 73/12 (R-31),R-7133,17.01,https://canodiy.es/grapas/343-R+7133.html
CLAVOS GRAPAS TACHUELAS,Grapas,grapas,PAQUETE (5 MILL) GRAPAS SP-19 1/4 6MM.,R-7137,10.67,https://canodiy.es/grapas/338-R+7137-5902013935919.html
CLAVOS GRAPAS TACHUELAS,Grapas,grapas,PAQUETE (5 MILL) GRAPAS STCR 2115 10MM.,R-4730,13.87,https://canodiy.es/grapas/334-R+4730-5902013935889.html
CLAVOS GRAPAS TACHUELAS,Grapas,grapas,PAQUETE (5 MILL) GRAPAS STCR2115 6MM.,R-9392,11.74,https://canodiy.es/grapas/335-R+9392-5902013935902.html
CLAVOS GRAPAS TACHUELAS,Tachuelas,tachuelas,BOLSA DE 100 TACHUELAS 6.5X13MM. NIQUEL,R-63689,3.15,https://canodiy.es/tachuelas/7657-R+63689-9999999022845.html
CLAVOS GRAPAS TACHUELAS,Tachuelas,tachuelas,BOLSA DE 100 TACHUELAS 6.5X13MM. ORO,R-63690,3.15,https://canodiy.es/tachuelas/7658-R+63690-9999999036484.html
CLAVOS GRAPAS TACHUELAS,Tachuelas,tachuelas,BOLSA DE 100 TACHUELAS 9X13MM.  ORO VIEJO,R-63719,3.15,https://canodiy.es/tachuelas/7667-R+63719-9999999036507.html
CLAVOS GRAPAS TACHUELAS,Tachuelas,tachuelas,BOLSA DE 100 TACHUELAS 9X13MM. GRANEL ANILLADAS ORO,R-63718,3.15,https://canodiy.es/tachuelas/7668-R+63718-9999999036514.html
CLAVOS GRAPAS TACHUELAS,Tachuelas,tachuelas,BOLSA DE 100 TACHUELAS 9X13MM. NIQUEL,R-63714,3.15,https://canodiy.es/tachuelas/7663-R+63714-9999999036491.html
CLAVOS GRAPAS TACHUELAS,Tachuelas,tachuelas,TACHUELAS 6.5X13MM. ORO VIEJO,R-63693,3.15,https://canodiy.es/tachuelas/7661-R+63693-9999999036460.html
CORDONES,Cordón Náuticos,cordon-nauticos,"CORDÓN PLANO MARRÓN 020 PARA ZAPATOS NÁUTICOS 4 x 2,5 MM",R-68414,0.89,https://canodiy.es/cordon-nauticos/9698-R+68414-9999999036828.html
CORDONES,Cordón Náuticos,cordon-nauticos,"CORDÓN PLANO MARRÓN CON CANTO MOSTAZA PARA ZAPATOS NÁUTICOS 4 x 2,5 MM",R-51934,0.89,https://canodiy.es/cordon-nauticos/9699-R+51934-9999999005855.html
CORDONES,Cordón Náuticos,cordon-nauticos,"CORDÓN PLANO MARRÓN OSCURO 030 PARA ZAPATOS NÁUTICOS 3 x 2,5 MM",R-31161,0.76,https://canodiy.es/cordon-nauticos/9700-R+31161-9999999016974.html
CORDONES,Cordón Náuticos,cordon-nauticos,"CORDÓN PLANO NEGRO PARA ZAPATOS NÁUTICOS 4 x 2,5 MM",R-60055,0.89,https://canodiy.es/cordon-nauticos/9697-R+60055-9999999015366.html
CORDONES,Cordón de Algodón,cordon-para-macrame,CORDON ALGODÓN PLANO 8 MM ART.M-242 C/ NEGRO,R-65250,0.48,https://canodiy.es/cordon-para-macrame/9411-R+65250-9999999030789.html
CORDONES,Cordón de Algodón,cordon-para-macrame,CORDÓN ALGODON PLANO 10 MM ART.717/1 C/ 001 NEGRO,R-65251,0.7,https://canodiy.es/cordon-para-macrame/9412-R+65251-9999999030796.html
CORDONES,Cordón de Algodón,cordon-para-macrame,CORDÓN ALGODÓN PLANO 6 MM ART.91/1 C/ 001 NEGRO,R-65249,0.36,https://canodiy.es/cordon-para-macrame/9410-R+65249-9999999030772.html
CORDONES,Cordón de Algodón,cordon-para-macrame,CORDÓN DE 3 MM ALGODÓN ART.350 C/ 001 NEGRO,R-65248,0.29,https://canodiy.es/cordon-para-macrame/9413-R+65248-9999999030765.html
CORDONES,Cordón de Algodón,cordon-para-macrame,CORDÓN DE 3.5 MM ALGODÓN ART.374 C/ 001 NEGRO,R-65848,0.31,https://canodiy.es/cordon-para-macrame/9414-R+65848-9999999032134.html
CORDONES,Cordón de Algodón,cordon-para-macrame,CORDÓN DE 3.5 MM ALGODÓN ART.374 C/ 061 AZUL,R-65846,0.31,https://canodiy.es/cordon-para-macrame/9415-R+65846-9999999030598.html
CORDONES,Semiencerado 2 mm,semiencerado-2-mm,CORDÓN DE 2 MM ALGODÓN AMARILLO CLARO SEMIENCERADO ART.98 C/ 093,R-65300,0.35,https://canodiy.es/semiencerado-2-mm/9245-R+65300-9999999031106.html
CORDONES,Semiencerado 2 mm,semiencerado-2-mm,CORDÓN DE 2 MM ALGODÓN AMARILLO MOSTAZA SEMIENCERADO ART.98 C/ 054,R-65297,0.42,https://canodiy.es/semiencerado-2-mm/9239-R+65297-9999999031076.html
CORDONES,Semiencerado 2 mm,semiencerado-2-mm,CORDÓN DE 2 MM ALGODÓN AMARILLO SEMIENCERADO ART.98 C/ 051,R-65299,0.42,https://canodiy.es/semiencerado-2-mm/9364-R+65299-9999999031090.html
CORDONES,Semiencerado 2 mm,semiencerado-2-mm,CORDÓN DE 2 MM ALGODÓN ARENA SEMIENCERADO ART.98 C/ 066,R-65348,0.35,https://canodiy.es/semiencerado-2-mm/9256-R+65348-9999999031564.html
CORDONES,Semiencerado 2 mm,semiencerado-2-mm,CORDÓN DE 2 MM ALGODÓN AZUL CLARO SEMIENCERADO ART.98 C/ 048,R-65339,0.42,https://canodiy.es/semiencerado-2-mm/9248-R+65339-9999999031472.html
CORDONES,Semiencerado 2 mm,semiencerado-2-mm,CORDÓN DE 2 MM ALGODÓN AZUL MARINO SEMIENCERADO ART.98 C/ 003,R-65260,0.42,https://canodiy.es/semiencerado-2-mm/9367-R+65260-9999999030802.html
CORDONES,Semiencerado 2 mm,semiencerado-2-mm,CORDÓN DE 2 MM ALGODÓN AZUL OSCURO SEMIENCERADO ART.98 C/ 039,R-65322,0.42,https://canodiy.es/semiencerado-2-mm/9292-R+65322-9999999031304.html
CORDONES,Semiencerado 2 mm,semiencerado-2-mm,CORDÓN DE 2 MM ALGODÓN AZUL OSCURO SEMIENCERADO ART.98 C/ 050,R-65321,0.42,https://canodiy.es/semiencerado-2-mm/9291-R+65321-9999999031298.html
CORDONES,Semiencerado 2 mm,semiencerado-2-mm,CORDÓN DE 2 MM ALGODÓN AZUL PETROLEO SEMIENCERADO ART.98 C/ 069,R-65330,0.35,https://canodiy.es/semiencerado-2-mm/9279-R+65330-9999999031380.html
CORDONES,Semiencerado 2 mm,semiencerado-2-mm,CORDÓN DE 2 MM ALGODÓN AZUL PETRÓLEO SEMIENCERADO ART.98 C/ 063,R-65329,0.35,https://canodiy.es/semiencerado-2-mm/9270-R+65329-9999999031373.html
CORDONES,Semiencerado 2 mm,semiencerado-2-mm,CORDÓN DE 2 MM ALGODÓN AZUL SEMIENCERADO ART.98 C/ 040,R-65323,0.42,https://canodiy.es/semiencerado-2-mm/9288-R+65323-9999999031311.html
CORDONES,Semiencerado 2 mm,semiencerado-2-mm,CORDÓN DE 2 MM ALGODÓN AZUL SEMIENCERADO ART.98 C/ 042,R-65328,0.42,https://canodiy.es/semiencerado-2-mm/9285-R+65328-9999999031366.html
CORDONES,Semiencerado 2 mm,semiencerado-2-mm,CORDÓN DE 2 MM ALGODÓN AZUL SEMIENCERADO ART.98 C/ 061,R-65325,0.35,https://canodiy.es/semiencerado-2-mm/9289-R+65325-9999999031335.html
CORDONES,Semiencerado 2 mm,semiencerado-2-mm,CORDÓN DE 2 MM ALGODÓN AZUL SEMIENCERADO ART.98 C/ 076,R-65326,0.35,https://canodiy.es/semiencerado-2-mm/9290-R+65326-9999999031342.html
CORDONES,Semiencerado 2 mm,semiencerado-2-mm,CORDÓN DE 2 MM ALGODÓN AZUL SEMIENCERADO ART.98 C/ 077,R-65327,0.35,https://canodiy.es/semiencerado-2-mm/9287-R+65327-9999999031359.html
CORDONES,Semiencerado 2 mm,semiencerado-2-mm,CORDÓN DE 2 MM ALGODÓN AZUL VAQUERO SEMIENCERADO ART.98 C/ 056,R-65334,0.35,https://canodiy.es/semiencerado-2-mm/9281-R+65334-9999999031427.html
CORDONES,Semiencerado 2 mm,semiencerado-2-mm,CORDÓN DE 2 MM ALGODÓN BEIG SEMIENCERADO ART.98 C/ 091,R-65304,0.35,https://canodiy.es/semiencerado-2-mm/9369-R+65304-9999999031144.html
CORDONES,Semiencerado 2 mm,semiencerado-2-mm,CORDÓN DE 2 MM ALGODÓN BEIGE ARENA SEMIENCERADO ART.98 C/ 034,R-65306,0.42,https://canodiy.es/semiencerado-2-mm/9278-R+65306-9999999031168.html
CORDONES,Semiencerado 2 mm,semiencerado-2-mm,CORDÓN DE 2 MM ALGODÓN BEIGE CLARO SEMIENCERADO ART.98 C/ 014,R-65345,0.42,https://canodiy.es/semiencerado-2-mm/9237-R+65345-9999999031533.html
CORDONES,Semiencerado 2 mm,semiencerado-2-mm,CORDÓN DE 2 MM ALGODÓN BEIGE CLARO SEMIENCERADO ART.98 C/ 025,R-65343,0.42,https://canodiy.es/semiencerado-2-mm/9361-R+65343-9999999031519.html
CORDONES,Semiencerado 2 mm,semiencerado-2-mm,CORDÓN DE 2 MM ALGODÓN BEIGE SEMIENCERADO ART.98 C/ 012,R-65301,0.42,https://canodiy.es/semiencerado-2-mm/9259-R+65301-9999999031113.html
CORDONES,Semiencerado 2 mm,semiencerado-2-mm,CORDÓN DE 2 MM ALGODÓN BEIGE SEMIENCERADO ART.98 C/ 023,R-65303,0.42,https://canodiy.es/semiencerado-2-mm/9271-R+65303-9999999031137.html
CORDONES,Semiencerado 2 mm,semiencerado-2-mm,CORDÓN DE 2 MM ALGODÓN BEIGE SEMIENCERADO ART.98 C/ 075,R-65347,0.35,https://canodiy.es/semiencerado-2-mm/9257-R+65347-9999999031557.html
CORDONES,Semiencerado 2 mm,semiencerado-2-mm,CORDÓN DE 2 MM ALGODÓN BLANCO ROTO SEMIENCERADO ART.98 C/ 032,R-65344,0.42,https://canodiy.es/semiencerado-2-mm/9265-R+65344-9999999031526.html
CORDONES,Semiencerado 2 mm,semiencerado-2-mm,CORDÓN DE 2 MM ALGODÓN BLANCO SEMIENCERADO ART.98 C/ 015,R-65346,0.42,https://canodiy.es/semiencerado-2-mm/9268-R+65346-9999999031540.html
CORDONES,Semiencerado 2 mm,semiencerado-2-mm,CORDÓN DE 2 MM ALGODÓN BURDEOS SEMIENCERADO ART.98 C/ 020,R-65277,0.42,https://canodiy.es/semiencerado-2-mm/9261-R+65277-9999999030963.html
CORDONES,Semiencerado 2 mm,semiencerado-2-mm,CORDÓN DE 2 MM ALGODÓN BURDEOS SEMIENCERADO ART.98 C/ 046,R-65279,0.42,https://canodiy.es/semiencerado-2-mm/9368-R+65279-9999999030987.html
CORDONES,Semiencerado 2 mm,semiencerado-2-mm,CORDÓN DE 2 MM ALGODÓN CAOBA SEMIENCERADO ART.98 C/ 062,R-65272,0.35,https://canodiy.es/semiencerado-2-mm/9356-R+65272-9999999030925.html
CORDONES,Semiencerado 2 mm,semiencerado-2-mm,CORDÓN DE 2 MM ALGODÓN FUCSIA SEMIENCERADO ART.98 C/ 085,R-65360,0.35,https://canodiy.es/semiencerado-2-mm/9236-R+65360-9999999031687.html
CORDONES,Semiencerado 2 mm,semiencerado-2-mm,CORDÓN DE 2 MM ALGODÓN GRANATE SEMIENCERADO ART.98 C/ 037,R-65292,0.42,https://canodiy.es/semiencerado-2-mm/9241-R+65292-9999999031021.html
CORDONES,Semiencerado 2 mm,semiencerado-2-mm,CORDÓN DE 2 MM ALGODÓN GRIS CENIZA SEMIENCERADO ART.98 C/ 027,R-65340,0.42,https://canodiy.es/semiencerado-2-mm/9247-R+65340-9999999031489.html
CORDONES,Semiencerado 2 mm,semiencerado-2-mm,CORDÓN DE 2 MM ALGODÓN GRIS CLARO SEMIENCERADO ART.98 C/ 082,R-65342,0.35,https://canodiy.es/semiencerado-2-mm/9260-R+65342-9999999031502.html
CORDONES,Semiencerado 2 mm,semiencerado-2-mm,CORDÓN DE 2 MM ALGODÓN GRIS OSCURO SEMIENCERADO ART.98 C/ 058,R-65332,0.35,https://canodiy.es/semiencerado-2-mm/9283-R+65332-9999999031403.html
CORDONES,Semiencerado 2 mm,semiencerado-2-mm,CORDÓN DE 2 MM ALGODÓN GRIS SEMIENCERADO ART.98 C/ 011,R-65338,0.42,https://canodiy.es/semiencerado-2-mm/9249-R+65338-9999999031465.html
CORDONES,Semiencerado 2 mm,semiencerado-2-mm,CORDÓN DE 2 MM ALGODÓN GRIS SEMIENCERADO ART.98 C/ 028,R-65336,0.42,https://canodiy.es/semiencerado-2-mm/9238-R+65336-9999999031441.html
CORDONES,Semiencerado 2 mm,semiencerado-2-mm,CORDÓN DE 2 MM ALGODÓN GRIS SEMIENCERADO ART.98 C/ 068,R-65341,0.35,https://canodiy.es/semiencerado-2-mm/9252-R+65341-9999999031496.html
CORDONES,Semiencerado 2 mm,semiencerado-2-mm,CORDÓN DE 2 MM ALGODÓN GRIS SEMIENCERADO ART.98 C/ 072,R-65337,0.35,https://canodiy.es/semiencerado-2-mm/9264-R+65337-9999999031458.html
CORDONES,Semiencerado 2 mm,semiencerado-2-mm,CORDÓN DE 2 MM ALGODÓN GRIS SEMIENCERADO ART.98 C/ 084,R-65333,0.35,https://canodiy.es/semiencerado-2-mm/9284-R+65333-9999999031410.html
CORDONES,Semiencerado 2 mm,semiencerado-2-mm,CORDÓN DE 2 MM ALGODÓN GRIS SEMIENCERADO ART.98 C/ 086,R-65335,0.35,https://canodiy.es/semiencerado-2-mm/9251-R+65335-9999999031434.html
CORDONES,Semiencerado 2 mm,semiencerado-2-mm,CORDÓN DE 2 MM ALGODÓN GRIS VERDOSO SEMIENCERADO ART.98 C/ 060,R-65313,0.35,https://canodiy.es/semiencerado-2-mm/9296-R+65313-9999999031212.html
CORDONES,Semiencerado 2 mm,semiencerado-2-mm,CORDÓN DE 2 MM ALGODÓN LILA SEMIENCERADO ART.98 C/ 057,R-65358,0.35,https://canodiy.es/semiencerado-2-mm/9365-R+65358-9999999031663.html
CORDONES,Semiencerado 2 mm,semiencerado-2-mm,CORDÓN DE 2 MM ALGODÓN MALVA SEMIENCERADO ART.98 C/ 034,R-65353,0.35,https://canodiy.es/semiencerado-2-mm/9300-R+65353-9999999031618.html
CORDONES,Semiencerado 2 mm,semiencerado-2-mm,CORDÓN DE 2 MM ALGODÓN MALVA SEMIENCERADO ART.98 C/ 087,R-65356,0.35,https://canodiy.es/semiencerado-2-mm/9302-R+65356-9999999031649.html
CORDONES,Semiencerado 2 mm,semiencerado-2-mm,CORDÓN DE 2 MM ALGODÓN MARRÓN CAMEL SEMIENCERADO ART.98 C/ 013,R-65302,0.42,https://canodiy.es/semiencerado-2-mm/9240-R+65302-9999999031120.html
CORDONES,Semiencerado 2 mm,semiencerado-2-mm,CORDÓN DE 2 MM ALGODÓN MARRÓN CAMEL SEMIENCERADO ART.98 C/ 083,R-65273,0.35,https://canodiy.es/semiencerado-2-mm/9250-R+65273-9999999030932.html
CORDONES,Semiencerado 2 mm,semiencerado-2-mm,CORDÓN DE 2 MM ALGODÓN MARRÓN CUERO SEMIENCERADO ART.98 C/ 049,R-65295,0.42,https://canodiy.es/semiencerado-2-mm/9243-R+65295-9999999031052.html
CORDONES,Semiencerado 2 mm,semiencerado-2-mm,CORDÓN DE 2 MM ALGODÓN MARRÓN SEMIENCERADO ART.98 C/ 002,R-65264,416.24,https://canodiy.es/semiencerado-2-mm/9355-R+65264-9999999030840.html
CORDONES,Semiencerado 2 mm,semiencerado-2-mm,CORDÓN DE 2 MM ALGODÓN MARRÓN SEMIENCERADO ART.98 C/ 004,R-65266,0.42,https://canodiy.es/semiencerado-2-mm/9346-R+65266-9999999030864.html
CORDONES,Semiencerado 2 mm,semiencerado-2-mm,CORDÓN DE 2 MM ALGODÓN MARRÓN SEMIENCERADO ART.98 C/ 005,R-65265,0.42,https://canodiy.es/semiencerado-2-mm/9354-R+65265-9999999030857.html
CORDONES,Semiencerado 2 mm,semiencerado-2-mm,CORDÓN DE 2 MM ALGODÓN MARRÓN SEMIENCERADO ART.98 C/ 016,R-65271,0.42,https://canodiy.es/semiencerado-2-mm/9352-R+65271-9999999030918.html
CORDONES,Semiencerado 2 mm,semiencerado-2-mm,CORDÓN DE 2 MM ALGODÓN MARRÓN SEMIENCERADO ART.98 C/ 018,R-65270,0.42,https://canodiy.es/semiencerado-2-mm/9358-R+65270-9999999030901.html
CORDONES,Semiencerado 2 mm,semiencerado-2-mm,CORDÓN DE 2 MM ALGODÓN MARRÓN SEMIENCERADO ART.98 C/ 019,R-65310,0.42,https://canodiy.es/semiencerado-2-mm/9280-R+65310-9999999030338.html
CORDONES,Semiencerado 2 mm,semiencerado-2-mm,CORDÓN DE 2 MM ALGODÓN MARRÓN SEMIENCERADO ART.98 C/ 021,R-65269,0.42,https://canodiy.es/semiencerado-2-mm/9350-R+65269-9999999030895.html
CORDONES,Semiencerado 2 mm,semiencerado-2-mm,CORDÓN DE 2 MM ALGODÓN MARRÓN SEMIENCERADO ART.98 C/ 022,R-65263,0.42,https://canodiy.es/semiencerado-2-mm/9363-R+65263-9999999030833.html
CORDONES,Semiencerado 2 mm,semiencerado-2-mm,CORDÓN DE 2 MM ALGODÓN MARRÓN SEMIENCERADO ART.98 C/ 065,R-65311,0.35,https://canodiy.es/semiencerado-2-mm/9272-R+65311-9999999031199.html
CORDONES,Semiencerado 2 mm,semiencerado-2-mm,CORDÓN DE 2 MM ALGODÓN MARRÓN SEMIENCERADO ART.98 C/ 071,R-65309,0.35,https://canodiy.es/semiencerado-2-mm/9269-R+65309-9999999030345.html
CORDONES,Semiencerado 2 mm,semiencerado-2-mm,CORDÓN DE 2 MM ALGODÓN MARRÓN SEMIENCERADO ART.98 C/ 074,R-65274,0.35,https://canodiy.es/semiencerado-2-mm/9254-R+65274-9999999030949.html
CORDONES,Semiencerado 2 mm,semiencerado-2-mm,CORDÓN DE 2 MM ALGODÓN MARRÓN SEMIENCERADO ART.98 C/ 081,R-65267,0.35,https://canodiy.es/semiencerado-2-mm/9349-R+65267-9999999030871.html
CORDONES,Semiencerado 2 mm,semiencerado-2-mm,CORDÓN DE 2 MM ALGODÓN MORADO OSCURO SEMIENCERADO ART.98 C/ 004,R-65261,0.42,https://canodiy.es/semiencerado-2-mm/9347-R+65261-9999999030819.html
CORDONES,Semiencerado 2 mm,semiencerado-2-mm,CORDÓN DE 2 MM ALGODÓN MORADO OSCURO SEMIENCERADO ART.98 C/ 031,R-65355,0.42,https://canodiy.es/semiencerado-2-mm/9370-R+65355-9999999031632.html
CORDONES,Semiencerado 2 mm,semiencerado-2-mm,CORDÓN DE 2 MM ALGODÓN MORADO SEMIENCERADO ART.98 C/ 045,R-65359,0.42,https://canodiy.es/semiencerado-2-mm/9351-R+65359-9999999031670.html
CORDONES,Semiencerado 2 mm,semiencerado-2-mm,CORDÓN DE 2 MM ALGODÓN MORADO SEMIENCERADO ART.98 C/ 073,R-65357,0.35,https://canodiy.es/semiencerado-2-mm/9266-R+65357-9999999031656.html
CORDONES,Semiencerado 2 mm,semiencerado-2-mm,CORDÓN DE 2 MM ALGODÓN MOSTAZA SEMIENCERADO ART.98 C/ 038,R-65298,0.42,https://canodiy.es/semiencerado-2-mm/9244-R+65298-9999999031083.html
CORDONES,Semiencerado 2 mm,semiencerado-2-mm,CORDÓN DE 2 MM ALGODÓN NARANJA SEMIENCERADO ART.98 C/ 035,R-65293,0.42,https://canodiy.es/semiencerado-2-mm/9360-R+65293-9999999031038.html
CORDONES,Semiencerado 2 mm,semiencerado-2-mm,CORDÓN DE 2 MM ALGODÓN NARANJA SEMIENCERADO ART.98 C/ 052,R-65294,0.42,https://canodiy.es/semiencerado-2-mm/9242-R+65294-9999999031045.html
CORDONES,Semiencerado 2 mm,semiencerado-2-mm,CORDÓN DE 2 MM ALGODÓN NARANJA SEMIENCERADO ART.98 C/ 053,R-65296,0.42,https://canodiy.es/semiencerado-2-mm/9246-R+65296-9999999031069.html
CORDONES,Semiencerado 2 mm,semiencerado-2-mm,CORDÓN DE 2 MM ALGODÓN NEGRO SEMIENCERADO ART.98 C/ 001,R-65244,0.42,https://canodiy.es/semiencerado-2-mm/9297-R+65244-9999999030321.html
CORDONES,Semiencerado 2 mm,semiencerado-2-mm,CORDÓN DE 2 MM ALGODÓN ROJO CORAL SEMIENCERADO ART.98 C/ 024,R-65291,0.42,https://canodiy.es/semiencerado-2-mm/9353-R+65291-9999999031014.html
CORDONES,Semiencerado 2 mm,semiencerado-2-mm,CORDÓN DE 2 MM ALGODÓN ROJO SEMIENCERADO ART.98 C/ 010,R-65281,0.42,https://canodiy.es/semiencerado-2-mm/9359-R+65281-9999999031007.html
CORDONES,Semiencerado 2 mm,semiencerado-2-mm,CORDÓN DE 2 MM ALGODÓN ROJO SEMIENCERADO ART.98 C/ 029,R-65278,0.42,https://canodiy.es/semiencerado-2-mm/9262-R+65278-9999999030970.html
CORDONES,Semiencerado 2 mm,semiencerado-2-mm,CORDÓN DE 2 MM ALGODÓN ROJO SEMIENCERADO ART.98 C/ 088,R-65276,0.35,https://canodiy.es/semiencerado-2-mm/9255-R+65276-9999999030956.html
CORDONES,Semiencerado 2 mm,semiencerado-2-mm,CORDÓN DE 2 MM ALGODÓN ROSA SALMON SEMIENCERADO ART.98 C/ 047,R-65350,0.42,https://canodiy.es/semiencerado-2-mm/9362-R+65350-9999999031588.html
CORDONES,Semiencerado 2 mm,semiencerado-2-mm,CORDÓN DE 2 MM ALGODÓN ROSA SALMÓN SEMIENCERADO ART.98 C/ 041,R-65349,0.42,https://canodiy.es/semiencerado-2-mm/9258-R+65349-9999999031571.html
CORDONES,Semiencerado 2 mm,semiencerado-2-mm,CORDÓN DE 2 MM ALGODÓN ROSA SEMIENCERADO ART.98 C/ 030,R-65354,0.42,https://canodiy.es/semiencerado-2-mm/9301-R+65354-9999999031625.html
CORDONES,Semiencerado 2 mm,semiencerado-2-mm,CORDÓN DE 2 MM ALGODÓN ROSA SEMIENCERADO ART.98 C/ 055,R-65351,0.42,https://canodiy.es/semiencerado-2-mm/9253-R+65351-9999999031595.html
CORDONES,Semiencerado 2 mm,semiencerado-2-mm,CORDÓN DE 2 MM ALGODÓN TOPO MALVA SEMIENCERADO ART.98 C/ 059,R-65352,0.35,https://canodiy.es/semiencerado-2-mm/9263-R+65352-9999999031601.html
CORDONES,Semiencerado 2 mm,semiencerado-2-mm,CORDÓN DE 2 MM ALGODÓN TURQUESA SEMIENCERADO ART.98 C/ 090,R-65324,0.35,https://canodiy.es/semiencerado-2-mm/9348-R+65324-9999999031328.html
CORDONES,Semiencerado 2 mm,semiencerado-2-mm,CORDÓN DE 2 MM ALGODÓN TURQUESA SEMIENCERADO ART.98 C/ 090,R-65268,0.35,https://canodiy.es/semiencerado-2-mm/9286-R+65268-9999999030888.html
CORDONES,Semiencerado 2 mm,semiencerado-2-mm,CORDÓN DE 2 MM ALGODÓN VERDE CAQUI SEMIENCERADO ART.98 C/ 017,R-65308,0.42,https://canodiy.es/semiencerado-2-mm/9267-R+65308-9999999031182.html
CORDONES,Semiencerado 2 mm,semiencerado-2-mm,CORDÓN DE 2 MM ALGODÓN VERDE MENTA SEMIENCERADO ART.98 C/ 034,R-65319,0.42,https://canodiy.es/semiencerado-2-mm/9294-R+65319-9999999031274.html
CORDONES,Semiencerado 2 mm,semiencerado-2-mm,CORDÓN DE 2 MM ALGODÓN VERDE OSCURO SEMIENCERADO ART.98 C/ 007,R-65314,0.42,https://canodiy.es/semiencerado-2-mm/9282-R+65314-9999999031229.html
CORDONES,Semiencerado 2 mm,semiencerado-2-mm,CORDÓN DE 2 MM ALGODÓN VERDE PISTACHO SEMIENCERADO ART.98 C/ 026,R-65320,0.42,https://canodiy.es/semiencerado-2-mm/9293-R+65320-9999999031281.html
CORDONES,Semiencerado 2 mm,semiencerado-2-mm,CORDÓN DE 2 MM ALGODÓN VERDE PISTACHO SEMIENCERADO ART.98 C/ 064,R-65305,0.35,https://canodiy.es/semiencerado-2-mm/9357-R+65305-9999999031151.html
CORDONES,Semiencerado 2 mm,semiencerado-2-mm,CORDÓN DE 2 MM ALGODÓN VERDE SEMIENCERADO ART.98 C/ 036,R-65318,0.42,https://canodiy.es/semiencerado-2-mm/9366-R+65318-9999999031267.html
CORDONES,Semiencerado 2 mm,semiencerado-2-mm,CORDÓN DE 2 MM ALGODÓN VERDE SEMIENCERADO ART.98 C/ 070,R-65317,0.35,https://canodiy.es/semiencerado-2-mm/9295-R+65317-9999999031250.html
CORDONES,Semiencerado 2 mm,semiencerado-2-mm,CORDÓN DE 2 MM ALGODÓN VERDE SEMIENCERADO ART.98 C/ 078,R-65315,0.35,https://canodiy.es/semiencerado-2-mm/9298-R+65315-9999999031236.html
CORDONES,Semiencerado 2 mm,semiencerado-2-mm,CORDÓN DE 2 MM ALGODÓN VERDE SEMIENCERADO ART.98 C/ 089,R-65316,0.35,https://canodiy.es/semiencerado-2-mm/9299-R+65316-9999999031243.html
CORDONES,Semiencerado 3 mm,semiencerado-3-mm,CORDÓN DE 3 MM ALGODÓN CAMEL SEMIENCERADO ART.320 C/ 083,R-66584,0.41,https://canodiy.es/semiencerado-3-mm/9407-R+66584-9999999030635.html
CORDONES,Semiencerado 3 mm,semiencerado-3-mm,CORDÓN DE 3 MM ALGODÓN MARRÓN SEMIENCERADO ART.320 C/ 005,R-66582,0.41,https://canodiy.es/semiencerado-3-mm/9408-R+66582-9999999030642.html
CORDONES,Semiencerado 3 mm,semiencerado-3-mm,CORDÓN DE 3 MM ALGODÓN MARRÓN SEMIENCERADO ART.320 C/ 021,R-66583,0.41,https://canodiy.es/semiencerado-3-mm/9409-R+66583-9999999030659.html
CORDONES,Semiencerado 3 mm,semiencerado-3-mm,CORDÓN DE 3 MM ALGODÓN NEGRO SEMIENCERADO ART.320 C/ NEGRO,R-65245,0.41,https://canodiy.es/semiencerado-3-mm/9406-R+65245-9999999030505.html
CORDONES,Varios Encerados,varios-encerados,CORDÓN ALGODÓN 5MM ENCERADO ART.91 C/ 001 NEGRO,R-65246,0.36,https://canodiy.es/varios-encerados/9417-R+65246-9999999030741.html
CORDONES,Varios Encerados,varios-encerados,CORDÓN ALGODÓN ENCERADO 7MM ART.300 C/ 001 NEGRO,R-65247,0.7,https://canodiy.es/varios-encerados/9418-R+65247-9999999030758.html
CORDONES,Varios Encerados,varios-encerados,CORDÓN NEGRO TRENZADO ALGODÓN ART.898 C/ NEGRO,R-66482,0.7,https://canodiy.es/varios-encerados/9416-R+66482-9999999033216.html
CREMALLERAS,CREMALLERA CONTINUA,cremallera-continua,CREMALLERA AMARILLA 1047 POR METROS NYLON MAYA 5,R-59419,0.23,https://canodiy.es/cremallera-continua/6643-R+59419.html
CREMALLERAS,CREMALLERA CONTINUA,cremallera-continua,CREMALLERA AMARILLA 1048 POR METROS NYLON MAYA 5,R-59420,0.23,https://canodiy.es/cremallera-continua/6644-R+59420.html
CREMALLERAS,CREMALLERA CONTINUA,cremallera-continua,CREMALLERA AMARILLA DORADA 1000 POR METROS NYLON MAYA 5,R-4859,0.23,https://canodiy.es/cremallera-continua/6581-R+4859.html
CREMALLERAS,CREMALLERA CONTINUA,cremallera-continua,CREMALLERA BEIGE 1014 POR METROS NYLON MAYA 5,R-5429,0.23,https://canodiy.es/cremallera-continua/6595-R+5429.html
CREMALLERAS,CREMALLERA CONTINUA,cremallera-continua,CREMALLERA BURDEOS 1060 POR METROS NYLON MAYA 5,R-59530,0.23,https://canodiy.es/cremallera-continua/6665-R+59530.html
CREMALLERAS,CREMALLERA CONTINUA,cremallera-continua,CREMALLERA LILA OSCURO1058 POR METROS NYLON MAYA 5,R-59528,0.23,https://canodiy.es/cremallera-continua/6663-R+59528.html
CREMALLERAS,CREMALLERA CONTINUA,cremallera-continua,CREMALLERA MARRÓN 1025 POR METROS NYLON MAYA 5,R-9789,0.23,https://canodiy.es/cremallera-continua/6618-R+9789-9999999014550.html
CREMALLERAS,CREMALLERA CONTINUA,cremallera-continua,CREMALLERA MARRÓN 1030 POR METROS NYLON MAYA 5,R-5246,0.23,https://canodiy.es/cremallera-continua/6624-R+5246.html
CREMALLERAS,CREMALLERA CONTINUA,cremallera-continua,CREMALLERA MARRÓN CAOBA 1029 POR METROS NYLON MAYA 5,R-4887,0.23,https://canodiy.es/cremallera-continua/6623-R+4887.html
CREMALLERAS,CREMALLERA CONTINUA,cremallera-continua,CREMALLERA MARRÓN CAOBA 1037 POR METROS NYLON MAYA 5,R-59366,0.23,https://canodiy.es/cremallera-continua/6633-R+59366.html
CREMALLERAS,CREMALLERA CONTINUA,cremallera-continua,CREMALLERA MOSTAZA 1049 POR METROS NYLON MAYA 5,R-59423,0.23,https://canodiy.es/cremallera-continua/6645-R+59423.html
CREMALLERAS,CREMALLERA CONTINUA,cremallera-continua,CREMALLERA NARANJA 1024 POR METROS NYLON MAYA 5,R-4874,0.23,https://canodiy.es/cremallera-continua/6617-R+4874.html
CREMALLERAS,CREMALLERA CONTINUA,cremallera-continua,CREMALLERA NARANJA PÁLIDO 1046 POR METROS NYLON MAYA 5,R-59417,0.23,https://canodiy.es/cremallera-continua/6642-R+59417.html
CREMALLERAS,CREMALLERA CONTINUA,cremallera-continua,CREMALLERA PEACH 1055 POR METROS NYLON MAYA 5,R-59521,0.23,https://canodiy.es/cremallera-continua/6656-R+59521.html
CREMALLERAS,CREMALLERA CONTINUA,cremallera-continua,CREMALLERA VERDE 1003 POR METROS NYLON MAYA 5,R-4855,0.23,https://canodiy.es/cremallera-continua/6583-R+4855-9999999013652.html
CREMALLERAS,CREMALLERA CONTINUA,cremallera-continua,CREMALLERA VERDE 1009 POR METROS NYLON MAYA 5,R-4857,0.23,https://canodiy.es/cremallera-continua/6590-R+4857.html
CREMALLERAS,CREMALLERA CONTINUA,cremallera-continua,CREMALLERA VERDE 1010 POR METROS NYLON MAYA 5,R-4880,0.23,https://canodiy.es/cremallera-continua/6591-R+4880.html
CREMALLERAS,CREMALLERA CONTINUA,cremallera-continua,CREMALLERA VERDE 1019 POR METROS NYLON MAYA 5,R-5244,0.23,https://canodiy.es/cremallera-continua/6600-R+5244.html
CREMALLERAS,CREMALLERA CONTINUA,cremallera-continua,CREMALLERA VERDE 1021 POR METROS NYLON MAYA 5,R-4883,0.23,https://canodiy.es/cremallera-continua/6602-R+4883.html
CREMALLERAS,CREMALLERA CONTINUA,cremallera-continua,CREMALLERA VERDE 1033 POR METROS NYLON MAYA 5,R-5248,0.23,https://canodiy.es/cremallera-continua/6627-R+5248.html
CREMALLERAS,CREMALLERA CONTINUA,cremallera-continua,CREMALLERA VERDE 1034 POR METROS NYLON MAYA 5,R-39373,0.23,https://canodiy.es/cremallera-continua/6628-R+39373.html
CREMALLERAS,CREMALLERA CONTINUA,cremallera-continua,CREMALLERA VERDE 1056 POR METROS NYLON MAYA 5,R-59525,0.23,https://canodiy.es/cremallera-continua/6661-R+59525.html
CREMALLERAS,CREMALLERA CONTINUA,cremallera-continua,CREMALLERA VERDE 1063 POR METROS NYLON MAYA 5,R-59558,0.23,https://canodiy.es/cremallera-continua/6677-R+59558.html
CREMALLERAS,CREMALLERA CONTINUA,cremallera-continua,CREMALLERA VERDE CLARO 1015 POR METROS NYLON MAYA 5,R-4865,0.23,https://canodiy.es/cremallera-continua/6596-R+4865.html
CREMALLERAS,CREMALLERA CONTINUA,cremallera-continua,CREMALLERA VERDE OSCURO 1018 POR METROS NYLON MAYA 5,R-4869,0.23,https://canodiy.es/cremallera-continua/6599-R+4869.html
CREMALLERAS,CREMALLERA CONTINUA,cremallera-continua,CREMALLERA VERDE OSCURO 1020 POR METROS NYLON MAYA 5,R-4852,0.23,https://canodiy.es/cremallera-continua/6601-R+4852.html
CREMALLERAS,CREMALLERA CONTINUA,cremallera-continua,CURSOR METÁLICO PARA CREMALLERA POR METROS DE NYLON-5 DORADO,R-57391-2N6QJ,0.29,https://canodiy.es/cremallera-continua/6706-R+57391+2N6QJ-9999999018374.html
CREMALLERAS,CREMALLERA CONTINUA,cremallera-continua,CURSOR METÁLICO PARA CREMALLERA POR METROS DE NYLON-5 MARRÓN,R-57391-EW6NV,0.08,https://canodiy.es/cremallera-continua/6704-R+57391+EW6NV-9999999023422.html
CREMALLERAS,CREMALLERA CONTINUA,cremallera-continua,TROZO 18 CMS CREMALLERA NYLON-5 C/002 MAS CURSOR,R-64446,0.15,https://canodiy.es/cremallera-continua/8172-R+64446.html
CREMALLERAS,Cursores Maya 5,cursores-maya-5,CURSOR METÁLICO PARA CREMALLERA POR METROS DE NYLON-5 AMARILLO 112,R-66704,0.11,https://canodiy.es/cursores-maya-5/9170-R+66704.html
CREMALLERAS,Cursores Maya 5,cursores-maya-5,CURSOR METÁLICO PARA CREMALLERA POR METROS DE NYLON-5 AMARILLO FLUOR 629,R-67437,0.46,https://canodiy.es/cursores-maya-5/9445-R+67437.html
CREMALLERAS,Cursores Maya 5,cursores-maya-5,CURSOR METÁLICO PARA CREMALLERA POR METROS DE NYLON-5 AZUL 203,R-65843,0.11,https://canodiy.es/cursores-maya-5/8871-R+65843.html
CREMALLERAS,Cursores Maya 5,cursores-maya-5,CURSOR METÁLICO PARA CREMALLERA POR METROS DE NYLON-5 AZUL 204,R-65826,0.11,https://canodiy.es/cursores-maya-5/8862-R+65826.html
CREMALLERAS,Cursores Maya 5,cursores-maya-5,CURSOR METÁLICO PARA CREMALLERA POR METROS DE NYLON-5 AZUL 209,R-65823,0.11,https://canodiy.es/cursores-maya-5/8859-R+65823.html
CREMALLERAS,Cursores Maya 5,cursores-maya-5,CURSOR METÁLICO PARA CREMALLERA POR METROS DE NYLON-5 AZUL 218,R-66702,0.11,https://canodiy.es/cursores-maya-5/9167-R+66702.html
CREMALLERAS,Cursores Maya 5,cursores-maya-5,CURSOR METÁLICO PARA CREMALLERA POR METROS DE NYLON-5 AZUL CELESTE 220,R-65777,0.11,https://canodiy.es/cursores-maya-5/8839-R+65777.html
CREMALLERAS,Cursores Maya 5,cursores-maya-5,CURSOR METÁLICO PARA CREMALLERA POR METROS DE NYLON-5 AZUL TURQUESA 192,R-65941,0.11,https://canodiy.es/cursores-maya-5/8889-R+65941.html
CREMALLERAS,Cursores Maya 5,cursores-maya-5,CURSOR METÁLICO PARA CREMALLERA POR METROS DE NYLON-5 AZUL TURQUESA 225,R-65920,0.11,https://canodiy.es/cursores-maya-5/8883-R+65920.html
CREMALLERAS,Cursores Maya 5,cursores-maya-5,CURSOR METÁLICO PARA CREMALLERA POR METROS DE NYLON-5 BEIGE 001,R-65666,0.11,https://canodiy.es/cursores-maya-5/8795-R+65666.html
CREMALLERAS,Cursores Maya 5,cursores-maya-5,CURSOR METÁLICO PARA CREMALLERA POR METROS DE NYLON-5 BEIGE 002,R-65715,0.11,https://canodiy.es/cursores-maya-5/8807-R+65715.html
CREMALLERAS,Cursores Maya 5,cursores-maya-5,CURSOR METÁLICO PARA CREMALLERA POR METROS DE NYLON-5 BEIGE CLARO 008,R-65618,0.11,https://canodiy.es/cursores-maya-5/8747-R+65618.html
CREMALLERAS,Cursores Maya 5,cursores-maya-5,CURSOR METÁLICO PARA CREMALLERA POR METROS DE NYLON-5 GRANATE 079,R-65833,0.11,https://canodiy.es/cursores-maya-5/8865-R+65833.html
CREMALLERAS,Cursores Maya 5,cursores-maya-5,CURSOR METÁLICO PARA CREMALLERA POR METROS DE NYLON-5 GRIS OSCURO 229,R-65663,0.11,https://canodiy.es/cursores-maya-5/8792-R+65663.html
CREMALLERAS,Cursores Maya 5,cursores-maya-5,CURSOR METÁLICO PARA CREMALLERA POR METROS DE NYLON-5 LILA 149,R-65727,0.11,https://canodiy.es/cursores-maya-5/8813-R+65727.html
CREMALLERAS,Cursores Maya 5,cursores-maya-5,CURSOR METÁLICO PARA CREMALLERA POR METROS DE NYLON-5 LILA OSCURO 208,R-65820,0.11,https://canodiy.es/cursores-maya-5/8856-R+65820.html
CREMALLERAS,Cursores Maya 5,cursores-maya-5,CURSOR METÁLICO PARA CREMALLERA POR METROS DE NYLON-5 MALVA 157,R-65762,0.11,https://canodiy.es/cursores-maya-5/8828-R+65762.html
CREMALLERAS,Cursores Maya 5,cursores-maya-5,CURSOR METÁLICO PARA CREMALLERA POR METROS DE NYLON-5 MALVA 158,R-65745,0.11,https://canodiy.es/cursores-maya-5/8822-R+65745.html
CREMALLERAS,Cursores Maya 5,cursores-maya-5,CURSOR METÁLICO PARA CREMALLERA POR METROS DE NYLON-5 MARRÓN 028,R-65674,0.11,https://canodiy.es/cursores-maya-5/8798-R+65674.html
CREMALLERAS,Cursores Maya 5,cursores-maya-5,CURSOR METÁLICO PARA CREMALLERA POR METROS DE NYLON-5 MARRÓN 029,R-65660,0.11,https://canodiy.es/cursores-maya-5/8788-R+65660.html
CREMALLERAS,Cursores Maya 5,cursores-maya-5,CURSOR METÁLICO PARA CREMALLERA POR METROS DE NYLON-5 MARRÓN 033,R-64442,0.11,https://canodiy.es/cursores-maya-5/8171-R+64442.html
CREMALLERAS,Cursores Maya 5,cursores-maya-5,CURSOR METÁLICO PARA CREMALLERA POR METROS DE NYLON-5 MARRÓN 074,R-65818,0.11,https://canodiy.es/cursores-maya-5/8853-R+65818.html
CREMALLERAS,Cursores Maya 5,cursores-maya-5,CURSOR METÁLICO PARA CREMALLERA POR METROS DE NYLON-5 MORADO 071,R-65692,0.11,https://canodiy.es/cursores-maya-5/8800-R+65692.html
CREMALLERAS,Cursores Maya 5,cursores-maya-5,CURSOR METÁLICO PARA CREMALLERA POR METROS DE NYLON-5 MORADO 081,R-65803,0.11,https://canodiy.es/cursores-maya-5/8845-R+65803.html
CREMALLERAS,Cursores Maya 5,cursores-maya-5,CURSOR METÁLICO PARA CREMALLERA POR METROS DE NYLON-5 MORADO 155,R-65753,0.11,https://canodiy.es/cursores-maya-5/8825-R+65753.html
CREMALLERAS,Cursores Maya 5,cursores-maya-5,CURSOR METÁLICO PARA CREMALLERA POR METROS DE NYLON-5 NARANJA 129,R-65939,0.11,https://canodiy.es/cursores-maya-5/8886-R+65939.html
CREMALLERAS,Cursores Maya 5,cursores-maya-5,CURSOR METÁLICO PARA CREMALLERA POR METROS DE NYLON-5 ROJO 082,R-65765,0.11,https://canodiy.es/cursores-maya-5/8831-R+65765.html
CREMALLERAS,Cursores Maya 5,cursores-maya-5,CURSOR METÁLICO PARA CREMALLERA POR METROS DE NYLON-5 ROJO BURDEOS 068,R-65788,0.11,https://canodiy.es/cursores-maya-5/8842-R+65788.html
CREMALLERAS,Cursores Maya 5,cursores-maya-5,CURSOR METÁLICO PARA CREMALLERA POR METROS DE NYLON-5 ROSA FLÚOR 738,R-67455,0.46,https://canodiy.es/cursores-maya-5/9465-R+67455.html
CREMALLERAS,Cursores Maya 5,cursores-maya-5,CURSOR METÁLICO PARA CREMALLERA POR METROS DE NYLON-5 SALMÓN 054,R-65730,0.11,https://canodiy.es/cursores-maya-5/8816-R+65730.html
CREMALLERAS,Cursores Maya 5,cursores-maya-5,CURSOR METÁLICO PARA CREMALLERA POR METROS DE NYLON-5 VERDE 176,R-65769,0.11,https://canodiy.es/cursores-maya-5/8834-R+65769.html
CREMALLERAS,Cursores Maya 5,cursores-maya-5,CURSOR METÁLICO PARA CREMALLERA POR METROS DE NYLON-5 VERDE 178,R-65841,0.11,https://canodiy.es/cursores-maya-5/8868-R+65841.html
CREMALLERAS,Cursores Maya 5,cursores-maya-5,CURSOR METÁLICO PARA CREMALLERA POR METROS DE NYLON-5 VERDE 187,R-65602,0.11,https://canodiy.es/cursores-maya-5/8744-R+65602.html
CREMALLERAS,Cursores Maya 5,cursores-maya-5,CURSOR METÁLICO PARA CREMALLERA POR METROS DE NYLON-5 VERDE 193,R-65699,0.11,https://canodiy.es/cursores-maya-5/8804-R+65699.html
CREMALLERAS,Cursores Maya 5,cursores-maya-5,CURSOR METÁLICO PARA CREMALLERA POR METROS DE NYLON-5 VERDE 197,R-65627,0.11,https://canodiy.es/cursores-maya-5/8753-R+65627.html
CREMALLERAS,Cursores Maya 5,cursores-maya-5,CURSOR METÁLICO PARA CREMALLERA POR METROS DE NYLON-5 VERDE 199,R-65898,0.11,https://canodiy.es/cursores-maya-5/8880-R+65898.html
CREMALLERAS,Cursores Maya 5,cursores-maya-5,CURSOR METÁLICO PARA CREMALLERA POR METROS DE NYLON-5 VERDE FLÚOR 733,R-67460,0.46,https://canodiy.es/cursores-maya-5/9468-R+67460.html
CREMALLERAS,Cursores Maya 5,cursores-maya-5,CURSOR METÁLICO PARA CREMALLERA POR METROS DE NYLON-5 VERDE KAKI 168,R-65847,0.11,https://canodiy.es/cursores-maya-5/8874-R+65847.html
CREMALLERAS,Cursores Maya 5,cursores-maya-5,CURSOR METÁLICO PARA CREMALLERA POR METROS DE NYLON-5 VERDE KAKI 172,R-65947,0.11,https://canodiy.es/cursores-maya-5/8891-R+65947.html
CREMALLERAS,Cursores Maya 5,cursores-maya-5,CURSOR METÁLICO PARA CREMALLERA POR METROS DE NYLON-5 VERDE KAKI 190,R-66688,0.11,https://canodiy.es/cursores-maya-5/9164-R+66688.html
CREMALLERAS,Cursores Maya 5,cursores-maya-5,CURSOR METÁLICO PARA CREMALLERA POR METROS DE NYLON-5 VERDE KAKI 196,R-65806,0.11,https://canodiy.es/cursores-maya-5/8848-R+65806.html
CREMALLERAS,Cursores Maya 5,cursores-maya-5,CURSOR METÁLICO PARA CREMALLERA POR METROS DE NYLON-5 VERDE MENTA 169,R-65733,0.11,https://canodiy.es/cursores-maya-5/8819-R+65733.html
CREMALLERAS,Cursores Maya 5,cursores-maya-5,CURSOR METÁLICO PARA CREMALLERA POR METROS DE NYLON-5 VERDE OSCURO 184,R-65624,0.11,https://canodiy.es/cursores-maya-5/8750-R+65624.html
CREMALLERAS,Cursores Maya 5,cursores-maya-5,CURSOR METÁLICO PARA CREMALLERA POR METROS DE NYLON-5 VERDE OSCURO 189,R-65725,0.11,https://canodiy.es/cursores-maya-5/8810-R+65725.html
CREMALLERAS,Cursores Maya 3,cursores-maya-3,CURSOR METÁLICO PARA CREMALLERA POR METROS DE NYLON-3 AMARILLO 105,R-66749,0.09,https://canodiy.es/cursores-maya-3/9191-R+66749.html
CREMALLERAS,Cursores Maya 3,cursores-maya-3,CURSOR METÁLICO PARA CREMALLERA POR METROS DE NYLON-3 AZUL CELESTE 201,R-67956,0.09,https://canodiy.es/cursores-maya-3/9602-R+67956.html
CREMALLERAS,Cursores Maya 3,cursores-maya-3,CURSOR METÁLICO PARA CREMALLERA POR METROS DE NYLON-3 AZUL MARINO 219,R-66814,0.09,https://canodiy.es/cursores-maya-3/9207-R+66814.html
CREMALLERAS,Cursores Maya 3,cursores-maya-3,CURSOR METÁLICO PARA CREMALLERA POR METROS DE NYLON-3 AZUL TURQUESA 210,R-66949,0.09,https://canodiy.es/cursores-maya-3/9223-R+66949.html
CREMALLERAS,Cursores Maya 3,cursores-maya-3,CURSOR METÁLICO PARA CREMALLERA POR METROS DE NYLON-3 BEIGE CLARO 008,R-66955,0.09,https://canodiy.es/cursores-maya-3/9225-R+66955.html
CREMALLERAS,Cursores Maya 3,cursores-maya-3,CURSOR METÁLICO PARA CREMALLERA POR METROS DE NYLON-3 BURDEOS 083,R-66765,0.09,https://canodiy.es/cursores-maya-3/9195-R+66765.html
CREMALLERAS,Cursores Maya 3,cursores-maya-3,CURSOR METÁLICO PARA CREMALLERA POR METROS DE NYLON-3 CRUDO 004,R-66815,0.09,https://canodiy.es/cursores-maya-3/9209-R+66815.html
CREMALLERAS,Cursores Maya 3,cursores-maya-3,CURSOR METÁLICO PARA CREMALLERA POR METROS DE NYLON-3 FUCSIA 070,R-67949,0.09,https://canodiy.es/cursores-maya-3/9594-R+67949.html
CREMALLERAS,Cursores Maya 3,cursores-maya-3,CURSOR METÁLICO PARA CREMALLERA POR METROS DE NYLON-3 GRIS OSCURO 229,R-66843,0.09,https://canodiy.es/cursores-maya-3/9215-R+66843.html
CREMALLERAS,Cursores Maya 3,cursores-maya-3,CURSOR METÁLICO PARA CREMALLERA POR METROS DE NYLON-3 MARRON 031,R-67954,0.09,https://canodiy.es/cursores-maya-3/9598-R+67954.html
CREMALLERAS,Cursores Maya 3,cursores-maya-3,CURSOR METÁLICO PARA CREMALLERA POR METROS DE NYLON-3 MARRON 033,R-67947,0.09,https://canodiy.es/cursores-maya-3/9590-R+67947.html
CREMALLERAS,Cursores Maya 3,cursores-maya-3,CURSOR METÁLICO PARA CREMALLERA POR METROS DE NYLON-3 MARRÓN 030,R-66957,0.09,https://canodiy.es/cursores-maya-3/9229-R+66957.html
CREMALLERAS,Cursores Maya 3,cursores-maya-3,CURSOR METÁLICO PARA CREMALLERA POR METROS DE NYLON-3 ROSA 052,R-66743,0.09,https://canodiy.es/cursores-maya-3/9186-R+66743.html
CREMALLERAS,Cursores Maya 3,cursores-maya-3,CURSOR METÁLICO PARA CREMALLERA POR METROS DE NYLON-3 VERDE 193,R-66968,0.09,https://canodiy.es/cursores-maya-3/9232-R+66968.html
CREMALLERAS,Cursores Maya 3,cursores-maya-3,CURSOR METÁLICO PARA CREMALLERA POR METROS DE NYLON-3 VERDE 197,R-66956,0.09,https://canodiy.es/cursores-maya-3/9227-R+66956.html
CREMALLERAS,Cursores Maya 3,cursores-maya-3,CURSOR METÁLICO PARA CREMALLERA POR METROS DE NYLON-3 VERDE FLÚOR 733,R-67527,0.33,https://canodiy.es/cursores-maya-3/9475-R+67527.html
CREMALLERAS,Cursores Maya 3,cursores-maya-3,CURSOR METÁLICO PARA CREMALLERA POR METROS DE NYLON-3 VERDE KAKI 172,R-66793,0.09,https://canodiy.es/cursores-maya-3/9204-R+66793.html
CREMALLERAS,Cursores Maya 3,cursores-maya-3,CURSOR METÁLICO PARA CREMALLERA POR METROS DE NYLON-3 VERDE OSCURO 186,R-66971,0.09,https://canodiy.es/cursores-maya-3/9234-R+66971.html
CREMALLERAS,Maya 3 Metálica Cerrada,maya-3-metalica-cerrada,CREMALLERA METÁLICA MARRÓN 900 YKK 20 CM - MAYA 3,R-63119,1.04,https://canodiy.es/maya-3-metalica-cerrada/7537-R+63119.html
CREMALLERAS,Maya 3 Metálica Cerrada,maya-3-metalica-cerrada,CREMALLERA METÁLICA NEGRA 580 YKK 13 CM - MAYA 3 CURSOR PARA TIRADOR PERSONALIZADO,R-62966,0.83,https://canodiy.es/maya-3-metalica-cerrada/7471-R+62966.html
CREMALLERAS,Maya 3 Metálica Cerrada,maya-3-metalica-cerrada,CREMALLERA METÁLICA NEGRA 580 YKK 20 CM - MAYA 3,R-63118,1.04,https://canodiy.es/maya-3-metalica-cerrada/7535-R+63118.html
CREMALLERAS,Maya 3 Metálica Continua,maya-3-metalica-continua-,CREMALLERA VERDE POR METROS NYLON MAYA 3 C/177,R-57270,0.31,https://canodiy.es/maya-3-metalica-continua-/6785-R+57270-9999999007071.html
CREMALLERAS,Maya 3 Plástico Abiertas,maya-3-plastico-abiertas,CREMALLERA YKK INYECTADA NEGRA 70 CMS - MAYA 3,R-62352,3.18,https://canodiy.es/maya-3-plastico-abiertas/7246-R+62352.html
CREMALLERAS,Maya 3 Plástico Cerrada,maya-3-plastico-cerrada,CREMALLERA YKK MARRÓN OSCURO MAYA 3 - 20 CMS C/394,R-63151,0.22,https://canodiy.es/maya-3-plastico-cerrada/7550-R+63151.html
CREMALLERAS,Maya 3 Plástico Continua,maya-3-plastico-continua,CREMALLERA AMARILLA POR METROS NYLON MAYA 3 C/105,R-41571,0.3,https://canodiy.es/maya-3-plastico-continua/9189-R+41571-9999999025464.html
CREMALLERAS,Maya 3 Plástico Continua,maya-3-plastico-continua,CREMALLERA AMARILLO FLÚOR POR METROS NYLON MAYA 3 C/252,R-66264,0.3,https://canodiy.es/maya-3-plastico-continua/9218-R+66264.html
CREMALLERAS,Maya 3 Plástico Continua,maya-3-plastico-continua,CREMALLERA AZUL CELESTE POR METROS NYLON MAYA 3 C/201,R-20643,0.3,https://canodiy.es/maya-3-plastico-continua/6808-R+20643.html
CREMALLERAS,Maya 3 Plástico Continua,maya-3-plastico-continua,CREMALLERA AZUL MARINO POR METROS NYLON MAYA 3 C/219,R-4838,0.3,https://canodiy.es/maya-3-plastico-continua/6809-R+4838-9999999001055.html
CREMALLERAS,Maya 3 Plástico Continua,maya-3-plastico-continua,CREMALLERA AZUL POR METROS NYLON MAYA 3 C/209,R-11715,0.3,https://canodiy.es/maya-3-plastico-continua/6813-R+11715.html
CREMALLERAS,Maya 3 Plástico Continua,maya-3-plastico-continua,CREMALLERA BLANCA POR METROS NYLON MAYA 3,R-16650,0.3,https://canodiy.es/maya-3-plastico-continua/6757-R+16650-9999999007897.html
CREMALLERAS,Maya 3 Plástico Continua,maya-3-plastico-continua,CREMALLERA BURDEOS POR METROS NYLON MAYA 3 C/083,R-66256,0.3,https://canodiy.es/maya-3-plastico-continua/9193-R+66256.html
CREMALLERAS,Maya 3 Plástico Continua,maya-3-plastico-continua,CREMALLERA CRUDO POR METROS NYLON MAYA 3 C/004,R-57497,0.3,https://canodiy.es/maya-3-plastico-continua/6764-R+57497-9999999007347.html
CREMALLERAS,Maya 3 Plástico Continua,maya-3-plastico-continua,CREMALLERA FUCSIA POR METROS NYLON MAYA 3 C/070,R-41568,0.3,https://canodiy.es/maya-3-plastico-continua/6772-R+41568-9999999007095.html
CREMALLERAS,Maya 3 Plástico Continua,maya-3-plastico-continua,CREMALLERA GRIS OSCURO POR METROS NYLON MAYA 3 C/229,R-66261,0.3,https://canodiy.es/maya-3-plastico-continua/9213-R+66261.html
CREMALLERAS,Maya 3 Plástico Continua,maya-3-plastico-continua,CREMALLERA GRIS POR METROS NYLON MAYA 3 C/226,R-31342,0.3,https://canodiy.es/maya-3-plastico-continua/6814-R+31342-9999999010552.html
CREMALLERAS,Maya 3 Plástico Continua,maya-3-plastico-continua,CREMALLERA MARRÓN CAOBA POR METROS NYLON MAYA 3 C/1037,R-60174,0.3,https://canodiy.es/maya-3-plastico-continua/6824-R+60174.html
CREMALLERAS,Maya 3 Plástico Continua,maya-3-plastico-continua,CREMALLERA MARRÓN POR METROS NYLON MAYA 3 C/002,R-25247,0.3,https://canodiy.es/maya-3-plastico-continua/6763-R+25247-9999999013836.html
CREMALLERAS,Maya 3 Plástico Continua,maya-3-plastico-continua,CREMALLERA MARRÓN POR METROS NYLON MAYA 3 C/023,R-59276,0.3,https://canodiy.es/maya-3-plastico-continua/6815-R+59276-9999999014208.html
CREMALLERAS,Maya 3 Plástico Continua,maya-3-plastico-continua,CREMALLERA MARRÓN POR METROS NYLON MAYA 3 C/028,R-4839,0.3,https://canodiy.es/maya-3-plastico-continua/9184-R+4839-9999999033087.html
CREMALLERAS,Maya 3 Plástico Continua,maya-3-plastico-continua,CREMALLERA MARRÓN POR METROS NYLON MAYA 3 C/029,R-56370,0.3,https://canodiy.es/maya-3-plastico-continua/6766-R+56370-9999999004575.html
CREMALLERAS,Maya 3 Plástico Continua,maya-3-plastico-continua,CREMALLERA MARRÓN POR METROS NYLON MAYA 3 C/030,R-47589,0.3,https://canodiy.es/maya-3-plastico-continua/6767-R+47589-9999999021190.html
CREMALLERAS,Maya 3 Plástico Continua,maya-3-plastico-continua,CREMALLERA MARRÓN POR METROS NYLON MAYA 3 C/031,R-47588,0.3,https://canodiy.es/maya-3-plastico-continua/6768-R+47588-9999999000645.html
CREMALLERAS,Maya 3 Plástico Continua,maya-3-plastico-continua,CREMALLERA MARRÓN POR METROS NYLON MAYA 3 C/033,R-11342,0.3,https://canodiy.es/maya-3-plastico-continua/8739-R+11342.html
CREMALLERAS,Maya 3 Plástico Continua,maya-3-plastico-continua,CREMALLERA MORADO POR METROS NYLON MAYA 3 C/155,R-16652,0.3,https://canodiy.es/maya-3-plastico-continua/6780-R+16652.html
CREMALLERAS,Maya 3 Plástico Continua,maya-3-plastico-continua,CREMALLERA NARANJA POR METROS NYLON MAYA 3 C/128,R-57129,0.31,https://canodiy.es/maya-3-plastico-continua/6779-R+57129-9999999006739.html
CREMALLERAS,Maya 3 Plástico Continua,maya-3-plastico-continua,CREMALLERA NEGRA POR METROS NYLON MAYA 3,R-25219,0.3,https://canodiy.es/maya-3-plastico-continua/6718-R+25219-9999999001079.html
CREMALLERAS,Maya 3 Plástico Continua,maya-3-plastico-continua,CREMALLERA ROJA POR METROS NYLON MAYA 3 C/090,R-62455,0.3,https://canodiy.es/maya-3-plastico-continua/7303-R+62455-9999999019340.html
CREMALLERAS,Maya 3 Plástico Continua,maya-3-plastico-continua,CREMALLERA ROJA POR METROS NYLON MAYA 3 C/092,R-41569,0.3,https://canodiy.es/maya-3-plastico-continua/6774-R+41569-9999999001062.html
CREMALLERAS,Maya 3 Plástico Continua,maya-3-plastico-continua,CREMALLERA ROSA CLARO POR METROS NYLON MAYA 3 C/051,R-13705,0.3,https://canodiy.es/maya-3-plastico-continua/6769-R+13705.html
CREMALLERAS,Maya 3 Plástico Continua,maya-3-plastico-continua,CREMALLERA ROSA POR METROS NYLON MAYA 3 C/052,R-6250,0.3,https://canodiy.es/maya-3-plastico-continua/6771-R+6250-9999999026102.html
CREMALLERAS,Maya 3 Plástico Continua,maya-3-plastico-continua,CREMALLERA ROSA POR METROS NYLON MAYA 3 C/1068,R-60176,0.3,https://canodiy.es/maya-3-plastico-continua/6826-R+60176.html
CREMALLERAS,Maya 3 Plástico Continua,maya-3-plastico-continua,CREMALLERA VERDE FLÚOR POR METROS NYLON MAYA 3 C/253,R-66262,0.3,https://canodiy.es/maya-3-plastico-continua/9217-R+66262.html
CREMALLERAS,Maya 3 Plástico Continua,maya-3-plastico-continua,CREMALLERA VERDE KAKI POR METROS NYLON MAYA 3 C/172,R-66259,0.3,https://canodiy.es/maya-3-plastico-continua/9202-R+66259.html
CREMALLERAS,Maya 3 Plástico Continua,maya-3-plastico-continua,CREMALLERA VERDE OSCURO POR METROS NYLON MAYA 3 C/186,R-41570,0.3,https://canodiy.es/maya-3-plastico-continua/6804-R+41570-9999999001666.html
CREMALLERAS,Maya 3 Plástico Continua,maya-3-plastico-continua,CREMALLERA VERDE POR METROS NYLON MAYA 3 C/178,R-4834,0.3,https://canodiy.es/maya-3-plastico-continua/6781-R+4834.html
CREMALLERAS,Maya 3 Plástico Continua,maya-3-plastico-continua,CREMALLERA VERDE POR METROS NYLON MAYA 3 C/196,R-54389,0.3,https://canodiy.es/maya-3-plastico-continua/6805-R+54389-9999999001086.html
CREMALLERAS,Maya 3 Plástico Continua,maya-3-plastico-continua,CURSOR METALICO CON PINCHO PARA CREMALLERA POR METROS DE NYLON-3 BLANCO,R-59822-PQDV5-9SPYO,0.08,https://canodiy.es/maya-3-plastico-continua/7247-R+59822+PQDV5+9SPYO.html
CREMALLERAS,Maya 3 Plástico Continua,maya-3-plastico-continua,CURSOR METALICO CON PINCHO PARA CREMALLERA POR METROS DE NYLON-3 NEGRO,R-59822-PQDV5,0.08,https://canodiy.es/maya-3-plastico-continua/6750-R+59822+PQDV5.html
CREMALLERAS,Maya 3 Plástico Continua,maya-3-plastico-continua,CURSOR METALICO YKK CON PINCHO PARA CREMALLERA POR METROS DE NYLON-3 ROJO,R-59949,0.1,https://canodiy.es/maya-3-plastico-continua/6776-R+59949.html
CREMALLERAS,Maya 3 Plástico Continua,maya-3-plastico-continua,CURSOR METÁLICO PARA CREMALLERA POR METROS DE NYLON-3 BLANCO,R-59833,0.09,https://canodiy.es/maya-3-plastico-continua/6759-R+59833.html
CREMALLERAS,Maya 3 Plástico Continua,maya-3-plastico-continua,CURSOR METÁLICO PARA CREMALLERA POR METROS DE NYLON-3 GRIS 226,R-66791,0.09,https://canodiy.es/maya-3-plastico-continua/9200-R+66791.html
CREMALLERAS,Maya 3 Plástico Continua,maya-3-plastico-continua,CURSOR METÁLICO PARA CREMALLERA POR METROS DE NYLON-3 MARRÓN 028,R-66738,0.09,https://canodiy.es/maya-3-plastico-continua/9183-R+66738.html
CREMALLERAS,Maya 3 Plástico Continua,maya-3-plastico-continua,CURSOR METÁLICO PARA CREMALLERA POR METROS DE NYLON-3 NEGRO,R-57391-E3DDP-HTMFM,0.09,https://canodiy.es/maya-3-plastico-continua/6724-R+57391+E3DDP+HTMFM.html
CREMALLERAS,Maya 3 Plástico Continua,maya-3-plastico-continua,CURSOR METÁLICO PARA CREMALLERA POR METROS DE NYLON-3 NÍQUEL,R-57391-E3DDP,0.09,https://canodiy.es/maya-3-plastico-continua/6719-R+57391+E3DDP.html
CREMALLERAS,Maya 3 Plástico Continua,maya-3-plastico-continua,CURSOR METÁLICO PARA CREMALLERA POR METROS DE NYLON-3 ORO,R-59864,0.13,https://canodiy.es/maya-3-plastico-continua/6761-R+59864.html
CREMALLERAS,Maya 3 Plástico Continua,maya-3-plastico-continua,CURSOR METÁLICO PARA CREMALLERA POR METROS DE NYLON-3 ROJO 090,R-59952,0.09,https://canodiy.es/maya-3-plastico-continua/6778-R+59952.html
CREMALLERAS,Maya 3 Plástico Continua,maya-3-plastico-continua,MTS. CREMALLERA NYLON-3 C/254,R-66260,0.3,https://canodiy.es/maya-3-plastico-continua/9611-R+66260.html
CREMALLERAS,Maya 3 Plástico Continua,maya-3-plastico-continua,PACK 5 METROS CREMALLERA CRUDO MAYA 3 MAS 10 CURSORES C/ 201,R-67960,2.41,https://canodiy.es/maya-3-plastico-continua/9607-R+67960.html
CREMALLERAS,Maya 3 Plástico Continua,maya-3-plastico-continua,PACK 5 METROS CREMALLERA MAYA 3 MAS 10 CURSORES GRIS C/ 226,R-66792,2.41,https://canodiy.es/maya-3-plastico-continua/9201-R+66792.html
CREMALLERAS,Maya 5 Metálica Abiertas,maya-5-metalica-abiertas,CREMALLERA ABIERTA YKK METÁLICA GRIS 032- 26 CMS - MAYA 5 ORO VIEJO,R-63642,2.53,https://canodiy.es/maya-5-metalica-abiertas/7653-R+63642.html
CREMALLERAS,Maya 5 Metálica Abiertas,maya-5-metalica-abiertas,CREMALLERA ABIERTA YKK METÁLICA MARRÓN 917- 70 CMS - MAYA 5 ORO VIEJO,R-62348,4.51,https://canodiy.es/maya-5-metalica-abiertas/7242-R+62348.html
CREMALLERAS,Maya 5 Metálica Abiertas,maya-5-metalica-abiertas,CREMALLERA ABIERTA YKK METÁLICA NEGRA 580- 70 CMS - MAYA 5 PLATEADA,R-62346,4.5,https://canodiy.es/maya-5-metalica-abiertas/7240-R+62346.html
CREMALLERAS,Maya 5 Metálica Abiertas,maya-5-metalica-abiertas,CREMALLERA YKK MGO-86 -  200 CM - MARRÓN C/570 - MAYA 8 LATONADA,R-62640,15.46,https://canodiy.es/maya-5-metalica-abiertas/7333-R+62640.html
CREMALLERAS,Maya 5 Metálica Cerrada,maya-5-metalica-cerrada,CREMALLERA METÁLICA AZUL C/351 YKK 28CM  - MAYA 5 CURSOR PARA TIRADOR PERSONALIZADO,R-63765,3.43,https://canodiy.es/maya-5-metalica-cerrada/7704-R+63765.html
CREMALLERAS,Maya 5 Metálica Cerrada,maya-5-metalica-cerrada,CREMALLERA METÁLICA BEIG 128 YKK 34 CM - MAYA 5 CURSOR PARA TIRADOR PERSONALIZADO,R-63771,2.74,https://canodiy.es/maya-5-metalica-cerrada/7709-R+63771.html
CREMALLERAS,Maya 5 Metálica Cerrada,maya-5-metalica-cerrada,CREMALLERA METÁLICA GRIS OSCURO 156 YKK 12 CM - MAYA 5 CURSOR PARA TIRADOR PERSONALIZADO,R-62957,2.38,https://canodiy.es/maya-5-metalica-cerrada/7466-R+62957.html
CREMALLERAS,Maya 5 Metálica Cerrada,maya-5-metalica-cerrada,CREMALLERA METÁLICA MARRÓN 157 YKK 12 CM - MAYA 5 CURSOR PARA TIRADOR PERSONALIZADO,R-62775-U4EGI,2.38,https://canodiy.es/maya-5-metalica-cerrada/7412-R+62775+U4EGI.html
CREMALLERAS,Maya 5 Metálica Cerrada,maya-5-metalica-cerrada,CREMALLERA METÁLICA MARRÓN 570 YKK 12 CM - MAYA 5 CURSOR PARA TIRADOR PERSONALIZADO,R-62956,2.38,https://canodiy.es/maya-5-metalica-cerrada/7464-R+62956.html
CREMALLERAS,Maya 5 Metálica Cerrada,maya-5-metalica-cerrada,CREMALLERA METÁLICA MARRÓN 570 YKK 12 CM - MAYA 5 CURSOR PARA TIRADOR PERSONALIZADO,R-62954,2.38,https://canodiy.es/maya-5-metalica-cerrada/7462-R+62954.html
CREMALLERAS,Maya 5 Metálica Cerrada,maya-5-metalica-cerrada,CREMALLERA METÁLICA MARRÓN 900 YKK 12 CM - MAYA 5 CURSOR PARA TIRADOR PERSONALIZADO,R-62775-PGCA6,2.38,https://canodiy.es/maya-5-metalica-cerrada/7460-R+62775+PGCA6.html
CREMALLERAS,Maya 5 Metálica Cerrada,maya-5-metalica-cerrada,CREMALLERA METÁLICA MARRÓN 916 YKK 35 CM - MAYA 5,R-63804,3.28,https://canodiy.es/maya-5-metalica-cerrada/7724-R+63804.html
CREMALLERAS,Maya 5 Metálica Cerrada,maya-5-metalica-cerrada,CREMALLERA METÁLICA NEGRA 580 YKK 10 CM - MAYA 5,R-62866,0.97,https://canodiy.es/maya-5-metalica-cerrada/7447-R+62866.html
CREMALLERAS,Maya 5 Metálica Cerrada,maya-5-metalica-cerrada,CREMALLERA METÁLICA NEGRA 580 YKK 12 CM - MAYA 5,R-62967,1.18,https://canodiy.es/maya-5-metalica-cerrada/7473-R+62967.html
CREMALLERAS,Maya 5 Metálica Cerrada,maya-5-metalica-cerrada,CREMALLERA METÁLICA NEGRA 580 YKK 12 CM - MAYA 5 CURSOR PARA TIRADOR PERSONALIZADO,R-62775,2.38,https://canodiy.es/maya-5-metalica-cerrada/7410-R+62775.html
CREMALLERAS,Maya 5 Metálica Cerrada,maya-5-metalica-cerrada,CREMALLERA METÁLICA NEGRA 580 YKK 14 CM - MAYA 5,R-62978,1.51,https://canodiy.es/maya-5-metalica-cerrada/7475-R+62978.html
CREMALLERAS,Maya 5 Metálica Cerrada,maya-5-metalica-cerrada,CREMALLERA METÁLICA NEGRA 580 YKK 15 CM - MAYA 5,R-63032,1.45,https://canodiy.es/maya-5-metalica-cerrada/7485-R+63032.html
CREMALLERAS,Maya 5 Metálica Cerrada,maya-5-metalica-cerrada,CREMALLERA METÁLICA NEGRA 580 YKK 20 CM - MAYA 5,R-63154,1.52,https://canodiy.es/maya-5-metalica-cerrada/7547-R+63154.html
CREMALLERAS,Maya 5 Metálica Cerrada,maya-5-metalica-cerrada,CREMALLERA METÁLICA NEGRA KB 10CM - MAYA 5 CURSOR PARA TIRADOR PERSONALIZADO,R-62867,1.92,https://canodiy.es/maya-5-metalica-cerrada/7449-R+62867.html
CREMALLERAS,Maya 5 Metálica Cerrada,maya-5-metalica-cerrada,CREMALLERA METÁLICA VERDE 879 YKK 20 CM - MAYA 5,R-63161,1.96,https://canodiy.es/maya-5-metalica-cerrada/7549-R+63161.html
CREMALLERAS,Maya 5 Metálica Cerrada,maya-5-metalica-cerrada,CREMALLERA METÁLICA VERDE 879 YKK 36 CM - MAYA 5,R-63767,2.85,https://canodiy.es/maya-5-metalica-cerrada/7706-R+63767.html
CREMALLERAS,Maya 5 Plástico Abiertas,maya-5-plastico-abiertas,CREMALLERA ABIERTA 70 CMS NYLON MAYA 5 MARRÓN 029,R-62702,1.21,https://canodiy.es/maya-5-plastico-abiertas/7452-R+62702-9999999019968.html
CREMALLERAS,Maya 5 Plástico Abiertas,maya-5-plastico-abiertas,CREMALLERA ABIERTA 70 CMS NYLON MAYA 5 NEGRO,R-62701,1.21,https://canodiy.es/maya-5-plastico-abiertas/7451-R+62701-9999999019975.html
CREMALLERAS,Maya 5 Plástico Abiertas,maya-5-plastico-abiertas,CREMALLERA INYECTADA NEGRA 70 CMS - MAYA 5,R-62703,0.61,https://canodiy.es/maya-5-plastico-abiertas/7450-R+62703-9999999019982.html
CREMALLERAS,Maya 5 Plástico Abiertas,maya-5-plastico-abiertas,CREMALLERA YKK INYECTADA NEGRA 70 CMS - MAYA 5,R-62351,2.99,https://canodiy.es/maya-5-plastico-abiertas/7244-R+62351.html
CREMALLERAS,Maya 5 Plástico Cerrada,maya-5-plastico-cerrada,CREMALLERA YKK AMARILLO MAYA 5 - 14 CMS C/087,R-64882,0.62,https://canodiy.es/maya-5-plastico-cerrada/8379-R+64882.html
CREMALLERAS,Maya 5 Plástico Cerrada,maya-5-plastico-cerrada,CREMALLERA YKK AMARILLO MAYA 5 - 50 CMS C/106,R-62492,1.51,https://canodiy.es/maya-5-plastico-cerrada/7291-R+62492.html
CREMALLERAS,Maya 5 Plástico Cerrada,maya-5-plastico-cerrada,CREMALLERA YKK AMARILLO MOSTAZA MAYA 5 - 50 CMS C/129,R-62494,1.51,https://canodiy.es/maya-5-plastico-cerrada/7293-R+62494.html
CREMALLERAS,Maya 5 Plástico Cerrada,maya-5-plastico-cerrada,CREMALLERA YKK AMARILLO PÁLIDO MAYA 5 - 30 CMS C/551,R-60827,1.02,https://canodiy.es/maya-5-plastico-cerrada/7011-R+60827.html
CREMALLERAS,Maya 5 Plástico Cerrada,maya-5-plastico-cerrada,CREMALLERA YKK AZUL CELESTE MAYA 5 - 46 CMS C/339,R-64896,1.41,https://canodiy.es/maya-5-plastico-cerrada/8385-R+64896.html
CREMALLERAS,Maya 5 Plástico Cerrada,maya-5-plastico-cerrada,CREMALLERA YKK AZUL MARINO  MAYA 5 - 16 CMS C/158,R-64879,0.67,https://canodiy.es/maya-5-plastico-cerrada/8373-R+64879.html
CREMALLERAS,Maya 5 Plástico Cerrada,maya-5-plastico-cerrada,CREMALLERA YKK AZUL MARINO MAYA 5 - 16 CMS C/169,R-64894,0.67,https://canodiy.es/maya-5-plastico-cerrada/8381-R+64894.html
CREMALLERAS,Maya 5 Plástico Cerrada,maya-5-plastico-cerrada,CREMALLERA YKK AZUL MARINO MAYA 5 - 20 CMS C/058,R-64127,0.78,https://canodiy.es/maya-5-plastico-cerrada/7875-R+64127.html
CREMALLERAS,Maya 5 Plástico Cerrada,maya-5-plastico-cerrada,CREMALLERA YKK AZUL MARINO MAYA 5 - 26 CMS C/196,R-65488,0.91,https://canodiy.es/maya-5-plastico-cerrada/8670-R+65488.html
CREMALLERAS,Maya 5 Plástico Cerrada,maya-5-plastico-cerrada,CREMALLERA YKK AZUL MARINO MAYA 5 - VARIOS TAMAÑOS C/233,R-63543,0.73,https://canodiy.es/maya-5-plastico-cerrada/7644-8112-R+63543.html#/122-variante-18_cms
CREMALLERAS,Maya 5 Plástico Cerrada,maya-5-plastico-cerrada,CREMALLERA YKK AZUL MARINO MAYA 5 - VARIOS TAMAÑOS C/960,R-64154,0.69,https://canodiy.es/maya-5-plastico-cerrada/7877-2311-R+64154.html#/87-variante-18_cms
CREMALLERAS,Maya 5 Plástico Cerrada,maya-5-plastico-cerrada,CREMALLERA YKK AZUL MAYA 5 - 14 CMS C/145,R-61932,0.62,https://canodiy.es/maya-5-plastico-cerrada/7149-R+61932.html
CREMALLERAS,Maya 5 Plástico Cerrada,maya-5-plastico-cerrada,CREMALLERA YKK AZUL MAYA 5 - 34 CMS C/909,R-61845,1.12,https://canodiy.es/maya-5-plastico-cerrada/7142-R+61845.html
CREMALLERAS,Maya 5 Plástico Cerrada,maya-5-plastico-cerrada,CREMALLERA YKK AZUL MAYA 5 - VARIOS TAMAÑOS C/160,R-64332,0.68,https://canodiy.es/maya-5-plastico-cerrada/7978-8043-R+64332.html#/121-variante-16_cms
CREMALLERAS,Maya 5 Plástico Cerrada,maya-5-plastico-cerrada,CREMALLERA YKK AZUL MAYA 5 - VARIOS TAMAÑOS C/382,R-61916,0.73,https://canodiy.es/maya-5-plastico-cerrada/7146-8045-R+61916.html#/122-variante-18_cms
CREMALLERAS,Maya 5 Plástico Cerrada,maya-5-plastico-cerrada,CREMALLERA YKK AZUL OSCURO MAYA 5 - 24 CMS C/395,R-64895,0.86,https://canodiy.es/maya-5-plastico-cerrada/8383-R+64895.html
CREMALLERAS,Maya 5 Plástico Cerrada,maya-5-plastico-cerrada,CREMALLERA YKK AZUL OSCURO MAYA 5 - 24 CMS C/919,R-60506-HHIA9,0.86,https://canodiy.es/maya-5-plastico-cerrada/6954-R+60506+HHIA9.html
CREMALLERAS,Maya 5 Plástico Cerrada,maya-5-plastico-cerrada,CREMALLERA YKK AZUL OSCURO MAYA 5 - 30 CMS C/579,R-60825,1.02,https://canodiy.es/maya-5-plastico-cerrada/7007-R+60825.html
CREMALLERAS,Maya 5 Plástico Cerrada,maya-5-plastico-cerrada,CREMALLERA YKK AZUL TURQUESA OSCURO MAYA 5 - 20 CMS C/017,R-64333,0.72,https://canodiy.es/maya-5-plastico-cerrada/7980-R+64333.html
CREMALLERAS,Maya 5 Plástico Cerrada,maya-5-plastico-cerrada,CREMALLERA YKK BEIGE CLARO MAYA 5 - VARIOS TAMAÑOS C/123,R-60506-8ZEQ3,0.86,https://canodiy.es/maya-5-plastico-cerrada/6928-8134-R+60506+8ZEQ3.html#/137-variante-24_cms
CREMALLERAS,Maya 5 Plástico Cerrada,maya-5-plastico-cerrada,CREMALLERA YKK BEIGE MAYA 5 - 24 CMS C/128,R-62937,0.86,https://canodiy.es/maya-5-plastico-cerrada/7458-R+62937.html
CREMALLERAS,Maya 5 Plástico Cerrada,maya-5-plastico-cerrada,CREMALLERA YKK BEIGE MAYA 5 - 26 CMS C/101,R-64881,0.91,https://canodiy.es/maya-5-plastico-cerrada/8377-R+64881.html
CREMALLERAS,Maya 5 Plástico Cerrada,maya-5-plastico-cerrada,CREMALLERA YKK BEIGE MAYA 5 - VARIOS TAMAÑOS C/098,R-60506-LBOWY,0.77,https://canodiy.es/maya-5-plastico-cerrada/6926-8127-R+60506+LBOWY.html#/123-variante-20_cms
CREMALLERAS,Maya 5 Plástico Cerrada,maya-5-plastico-cerrada,CREMALLERA YKK BLANCO ROTO MAYA 5 - 12 CMS C/841,R-60506-SSDUW,0.57,https://canodiy.es/maya-5-plastico-cerrada/6950-R+60506+SSDUW.html
CREMALLERAS,Maya 5 Plástico Cerrada,maya-5-plastico-cerrada,CREMALLERA YKK BLANCO ROTO MAYA 5 - VARIOS TAMAÑOS C/571,R-60403,0.77,https://canodiy.es/maya-5-plastico-cerrada/6882-8254-R+60403.html#/123-variante-20_cms
CREMALLERAS,Maya 5 Plástico Cerrada,maya-5-plastico-cerrada,CREMALLERA YKK CAMEL MAYA 5 - VARIOS TAMAÑOS C/203,R-60312,0.68,https://canodiy.es/maya-5-plastico-cerrada/6858-8147-R+60312.html#/121-variante-16_cms
CREMALLERAS,Maya 5 Plástico Cerrada,maya-5-plastico-cerrada,CREMALLERA YKK CRUDO MAYA 5 - 24 CMS C/801,R-60506-39ORX,0.86,https://canodiy.es/maya-5-plastico-cerrada/6944-R+60506+39ORX.html
CREMALLERAS,Maya 5 Plástico Cerrada,maya-5-plastico-cerrada,CREMALLERA YKK CRUDO MAYA 5 - VARIOS TAMAÑOS C/121,R-61933,0.62,https://canodiy.es/maya-5-plastico-cerrada/7151-8093-R+61933.html#/120-variante-14_cms
CREMALLERAS,Maya 5 Plástico Cerrada,maya-5-plastico-cerrada,CREMALLERA YKK FUCSIA MAYA 5 - 28 CMS. C/853,R-66198,0.97,https://canodiy.es/maya-5-plastico-cerrada/8960-R+66198.html
CREMALLERAS,Maya 5 Plástico Cerrada,maya-5-plastico-cerrada,CREMALLERA YKK FUCSIA MAYA 5 - 50 CMS C/258,R-62509,1.51,https://canodiy.es/maya-5-plastico-cerrada/7295-R+62509.html
CREMALLERAS,Maya 5 Plástico Cerrada,maya-5-plastico-cerrada,CREMALLERA YKK GRIS MATA 5 - 22 CMS C/832,R-60486,0.83,https://canodiy.es/maya-5-plastico-cerrada/6909-R+60486.html
CREMALLERAS,Maya 5 Plástico Cerrada,maya-5-plastico-cerrada,CREMALLERA YKK GRIS MAYA 5 - 14 CMS C/831,R-66197,0.62,https://canodiy.es/maya-5-plastico-cerrada/8958-R+66197.html
CREMALLERAS,Maya 5 Plástico Cerrada,maya-5-plastico-cerrada,CREMALLERA YKK GRIS MAYA 5 - 22 CMS C/323,R-60480,0.83,https://canodiy.es/maya-5-plastico-cerrada/6900-R+60480.html
CREMALLERAS,Maya 5 Plástico Cerrada,maya-5-plastico-cerrada,CREMALLERA YKK GRIS MAYA 5 - 22 CMS C/384,R-60482,0.83,https://canodiy.es/maya-5-plastico-cerrada/6904-R+60482.html
CREMALLERAS,Maya 5 Plástico Cerrada,maya-5-plastico-cerrada,CREMALLERA YKK GRIS MAYA 5 - 24 CMS C/181,R-60506-FRK2P,0.86,https://canodiy.es/maya-5-plastico-cerrada/6956-R+60506+FRK2P.html
CREMALLERAS,Maya 5 Plástico Cerrada,maya-5-plastico-cerrada,CREMALLERA YKK GRIS MAYA 5 - 24 CMS C/306,R-60506-XLRYO,0.86,https://canodiy.es/maya-5-plastico-cerrada/6938-R+60506+XLRYO.html
CREMALLERAS,Maya 5 Plástico Cerrada,maya-5-plastico-cerrada,CREMALLERA YKK GRIS MAYA 5 - 24 CMS C/336,R-60506-NE5VG,0.86,https://canodiy.es/maya-5-plastico-cerrada/6958-R+60506+NE5VG.html
CREMALLERAS,Maya 5 Plástico Cerrada,maya-5-plastico-cerrada,CREMALLERA YKK GRIS MAYA 5 - 28 CMS C/014,R-60755,0.97,https://canodiy.es/maya-5-plastico-cerrada/6975-8216-R+60755.html#/126-variante-28_cms
CREMALLERAS,Maya 5 Plástico Cerrada,maya-5-plastico-cerrada,CREMALLERA YKK GRIS MAYA 5 - 40 CMS C/154,R-61961,1.27,https://canodiy.es/maya-5-plastico-cerrada/7158-R+61961.html
CREMALLERAS,Maya 5 Plástico Cerrada,maya-5-plastico-cerrada,CREMALLERA YKK GRIS MAYA 5 - 40 CMS C/365,R-61965,1.27,https://canodiy.es/maya-5-plastico-cerrada/7162-R+61965.html
CREMALLERAS,Maya 5 Plástico Cerrada,maya-5-plastico-cerrada,CREMALLERA YKK GRIS MAYA 5 - VARIOS TAMAÑOS C/392,R-61963,1.27,https://canodiy.es/maya-5-plastico-cerrada/7160-8234-R+61963.html#/131-variante-40_cms
CREMALLERAS,Maya 5 Plástico Cerrada,maya-5-plastico-cerrada,CREMALLERA YKK GRIS MAYA 5 - VARIOS TAMAÑOS C/860,R-60413,0.77,https://canodiy.es/maya-5-plastico-cerrada/6890-8225-R+60413.html#/123-variante-20_cms
CREMALLERAS,Maya 5 Plástico Cerrada,maya-5-plastico-cerrada,CREMALLERA YKK GRIS MAYA 5 24 CMS C/275,R-60506-MUKYF,0.86,https://canodiy.es/maya-5-plastico-cerrada/6934-R+60506+MUKYF.html
CREMALLERAS,Maya 5 Plástico Cerrada,maya-5-plastico-cerrada,CREMALLERA YKK GRIS OSCURO MAYA 5 - 16 CMS C/182,R-60306,0.67,https://canodiy.es/maya-5-plastico-cerrada/6856-R+60306.html
CREMALLERAS,Maya 5 Plástico Cerrada,maya-5-plastico-cerrada,CREMALLERA YKK GRIS OSCURO MAYA 5 - 48 CMS C/301,R-62478,1.46,https://canodiy.es/maya-5-plastico-cerrada/7284-R+62478.html
CREMALLERAS,Maya 5 Plástico Cerrada,maya-5-plastico-cerrada,CREMALLERA YKK GRIS OSCURO MAYA 5 - VARIOS TAMAÑOS C/156,R-61344,1.06,https://canodiy.es/maya-5-plastico-cerrada/7078-8252-R+61344.html#/128-variante-32_cms
CREMALLERAS,Maya 5 Plástico Cerrada,maya-5-plastico-cerrada,CREMALLERA YKK MAQUILLAJE NYLON-5 -  24CM. C/213,R-62616,0.86,https://canodiy.es/maya-5-plastico-cerrada/7322-R+62616.html
CREMALLERAS,Maya 5 Plástico Cerrada,maya-5-plastico-cerrada,CREMALLERA YKK MARRON NYLON-5 - VARIOS TEMAÑOS C/868,R-62224,0.73,https://canodiy.es/maya-5-plastico-cerrada/7186-8086-R+62224.html#/122-variante-18_cms
CREMALLERAS,Maya 5 Plástico Cerrada,maya-5-plastico-cerrada,CREMALLERA YKK MARRÓN CAMEL MAYA 5 - 20 CMS. C/216,R-64253,0.78,https://canodiy.es/maya-5-plastico-cerrada/7899-R+64253.html
CREMALLERAS,Maya 5 Plástico Cerrada,maya-5-plastico-cerrada,CREMALLERA YKK MARRÓN CAMEL MAYA 5 - VARIOS TAMAÑOS C/229,R-60422,0.82,https://canodiy.es/maya-5-plastico-cerrada/6894-8245-R+60422.html#/124-variante-22_cms
CREMALLERAS,Maya 5 Plástico Cerrada,maya-5-plastico-cerrada,CREMALLERA YKK MARRÓN CAOBA MAYA 5 - 20 CMS. C/809,R-63962,0.78,https://canodiy.es/maya-5-plastico-cerrada/7843-R+63962.html
CREMALLERAS,Maya 5 Plástico Cerrada,maya-5-plastico-cerrada,CREMALLERA YKK MARRÓN CAOBA MAYA 5 - 24 CMS C/808,R-60506-6Z5GJ,0.86,https://canodiy.es/maya-5-plastico-cerrada/6946-R+60506+6Z5GJ.html
CREMALLERAS,Maya 5 Plástico Cerrada,maya-5-plastico-cerrada,CREMALLERA YKK MARRÓN CAOBA MAYA 5 - 42 CMS C/159,R-62002,1.32,https://canodiy.es/maya-5-plastico-cerrada/7170-R+62002.html
CREMALLERAS,Maya 5 Plástico Cerrada,maya-5-plastico-cerrada,CREMALLERA YKK MARRÓN CAOBA MAYA 5 - VARIOS TAMAÑOS C/857,R-60411,0.77,https://canodiy.es/maya-5-plastico-cerrada/6888-8261-R+60411.html#/123-variante-20_cms
CREMALLERAS,Maya 5 Plástico Cerrada,maya-5-plastico-cerrada,CREMALLERA YKK MARRÓN MAYA 5 - 20 CMS. C/086,R-63952,0.78,https://canodiy.es/maya-5-plastico-cerrada/7841-R+63952.html
CREMALLERAS,Maya 5 Plástico Cerrada,maya-5-plastico-cerrada,CREMALLERA YKK MARRÓN MAYA 5 - 22 CMS C/008,R-64187,0.83,https://canodiy.es/maya-5-plastico-cerrada/7887-R+64187.html
CREMALLERAS,Maya 5 Plástico Cerrada,maya-5-plastico-cerrada,CREMALLERA YKK MARRÓN MAYA 5 - 22 CMS C/215,R-60420,0.83,https://canodiy.es/maya-5-plastico-cerrada/6892-R+60420.html
CREMALLERAS,Maya 5 Plástico Cerrada,maya-5-plastico-cerrada,CREMALLERA YKK MARRÓN MAYA 5 - 22 CMS C/325,R-60481,0.83,https://canodiy.es/maya-5-plastico-cerrada/6902-R+60481.html
CREMALLERAS,Maya 5 Plástico Cerrada,maya-5-plastico-cerrada,CREMALLERA YKK MARRÓN MAYA 5 - 24 CMS C/072,R-63561,0.86,https://canodiy.es/maya-5-plastico-cerrada/7648-R+63561.html
CREMALLERAS,Maya 5 Plástico Cerrada,maya-5-plastico-cerrada,CREMALLERA YKK MARRÓN MAYA 5 - 30 CMS C/300,R-63102,1.02,https://canodiy.es/maya-5-plastico-cerrada/7528-R+63102.html
CREMALLERAS,Maya 5 Plástico Cerrada,maya-5-plastico-cerrada,CREMALLERA YKK MARRÓN MAYA 5 - 34 CMS C/097,R-61633,1.12,https://canodiy.es/maya-5-plastico-cerrada/7116-R+61633.html
CREMALLERAS,Maya 5 Plástico Cerrada,maya-5-plastico-cerrada,CREMALLERA YKK MARRÓN MAYA 5 - 44 CMS C/854,R-62581,1.36,https://canodiy.es/maya-5-plastico-cerrada/7313-R+62581.html
CREMALLERAS,Maya 5 Plástico Cerrada,maya-5-plastico-cerrada,CREMALLERA YKK MARRÓN MAYA 5 - 48 CMS C/022,R-62475,1.46,https://canodiy.es/maya-5-plastico-cerrada/7282-R+62475.html
CREMALLERAS,Maya 5 Plástico Cerrada,maya-5-plastico-cerrada,CREMALLERA YKK MARRÓN MAYA 5 - VARIOS TAMAÑOS  C/858,R-63311,0.77,https://canodiy.es/maya-5-plastico-cerrada/7596-8119-R+63311.html#/123-variante-20_cms
CREMALLERAS,Maya 5 Plástico Cerrada,maya-5-plastico-cerrada,CREMALLERA YKK MARRÓN MAYA 5 - VARIOS TAMAÑOS C/033,R-60368,0.73,https://canodiy.es/maya-5-plastico-cerrada/6870-8263-R+60368.html#/122-variante-18_cms
CREMALLERAS,Maya 5 Plástico Cerrada,maya-5-plastico-cerrada,CREMALLERA YKK MARRÓN MAYA 5 - VARIOS TAMAÑOS C/569,R-60397,0.77,https://canodiy.es/maya-5-plastico-cerrada/6880-8143-R+60397.html#/123-variante-20_cms
CREMALLERAS,Maya 5 Plástico Cerrada,maya-5-plastico-cerrada,CREMALLERA YKK MARRÓN MAYA 5 - VARIOS TAMAÑOS C/855,R-62310,0.73,https://canodiy.es/maya-5-plastico-cerrada/7227-8124-R+62310.html#/185-variante-18cms
CREMALLERAS,Maya 5 Plástico Cerrada,maya-5-plastico-cerrada,CREMALLERA YKK MARRÓN MAYA 5 - VARIOS TAMAÑOS C/894,R-66887,0.82,https://canodiy.es/maya-5-plastico-cerrada/9219-8021-R+66887.html#/124-variante-22_cms
CREMALLERAS,Maya 5 Plástico Cerrada,maya-5-plastico-cerrada,CREMALLERA YKK MARRÓN MAYA 5- 16 CM CURSOR NÍQUEL NEGRO CON ANILLA C/858,R-63033,2.1,https://canodiy.es/maya-5-plastico-cerrada/7487-R+63033.html
CREMALLERAS,Maya 5 Plástico Cerrada,maya-5-plastico-cerrada,CREMALLERA YKK MARRÓN MAYA 5- 20 CM CURSOR NÍQUEL NEGRO CON ANILLA C/858,R-63033-D12TJ,2.3,https://canodiy.es/maya-5-plastico-cerrada/7533-R+63033+D12TJ.html
CREMALLERAS,Maya 5 Plástico Cerrada,maya-5-plastico-cerrada,CREMALLERA YKK MARRÓN MAYA5- 48CM.CURSOR DORADO SIN TIRADOR C/569,R-62909,4.31,https://canodiy.es/maya-5-plastico-cerrada/7453-R+62909.html
CREMALLERAS,Maya 5 Plástico Cerrada,maya-5-plastico-cerrada,CREMALLERA YKK MARRÓN NYLON-5 - VARIOS TAMAÑOS C/009,R-62562,1.32,https://canodiy.es/maya-5-plastico-cerrada/7311-8023-R+62562.html#/132-variante-42_cms
CREMALLERAS,Maya 5 Plástico Cerrada,maya-5-plastico-cerrada,CREMALLERA YKK MORADA MAYA 5 - 50 CMS C/296,R-63947,1.51,https://canodiy.es/maya-5-plastico-cerrada/7837-R+63947.html
CREMALLERAS,Maya 5 Plástico Cerrada,maya-5-plastico-cerrada,CREMALLERA YKK MORADA MAYA 5 - VARIOS TAMAÑOS C/863,R-60506-F8GPW,0.86,https://canodiy.es/maya-5-plastico-cerrada/6952-8222-R+60506+F8GPW.html#/137-variante-24_cms
CREMALLERAS,Maya 5 Plástico Cerrada,maya-5-plastico-cerrada,CREMALLERA YKK MORADA MAYA 5 - VARIOS TAMAÑOS C/915,R-60292,0.57,https://canodiy.es/maya-5-plastico-cerrada/6854-8018-R+60292.html#/119-variante-12_cms
CREMALLERAS,Maya 5 Plástico Cerrada,maya-5-plastico-cerrada,CREMALLERA YKK MORADO MAYA 5 - 14 CMS C/526,R-64880,0.62,https://canodiy.es/maya-5-plastico-cerrada/8375-R+64880.html
CREMALLERAS,Maya 5 Plástico Cerrada,maya-5-plastico-cerrada,CREMALLERA YKK MORADO MAYA 5 - 24 CMS C/069,R-60506,0.86,https://canodiy.es/maya-5-plastico-cerrada/6920-R+60506.html
CREMALLERAS,Maya 5 Plástico Cerrada,maya-5-plastico-cerrada,CREMALLERA YKK MORADO MAYA 5 - 24 CMS C/206,R-60506-TBRQ7,0.86,https://canodiy.es/maya-5-plastico-cerrada/6930-R+60506+TBRQ7.html
CREMALLERAS,Maya 5 Plástico Cerrada,maya-5-plastico-cerrada,CREMALLERA YKK MORADO MAYA 5 - 38 CMS C/174,R-67354,1.21,https://canodiy.es/maya-5-plastico-cerrada/9442-R+67354.html
CREMALLERAS,Maya 5 Plástico Cerrada,maya-5-plastico-cerrada,CREMALLERA YKK MORADO MAYA 5 - VARIOS TAMAÑOS C/278,R-60344,0.68,https://canodiy.es/maya-5-plastico-cerrada/6860-8265-R+60344.html#/121-variante-16_cms
CREMALLERAS,Maya 5 Plástico Cerrada,maya-5-plastico-cerrada,CREMALLERA YKK MORADO OSCURO MAYA 5 - 42 CMS C/230,R-62154,1.32,https://canodiy.es/maya-5-plastico-cerrada/7184-R+62154.html
CREMALLERAS,Maya 5 Plástico Cerrada,maya-5-plastico-cerrada,CREMALLERA YKK NARANJA MAYA 5 - 24 CMS C/060,R-60498-S2EMC,0.86,https://canodiy.es/maya-5-plastico-cerrada/6918-R+60498+S2EMC.html
CREMALLERAS,Maya 5 Plástico Cerrada,maya-5-plastico-cerrada,CREMALLERA YKK ROJO BURDEOS MAYA 5 - 24 CMS C/005,R-60498-ARD5F,0.86,https://canodiy.es/maya-5-plastico-cerrada/6916-R+60498+ARD5F.html
CREMALLERAS,Maya 5 Plástico Cerrada,maya-5-plastico-cerrada,CREMALLERA YKK ROJO BURDEOS MAYA 5 - VARIOS TAMAÑOS C/048,R-62326,0.61,https://canodiy.es/maya-5-plastico-cerrada/7237-2285-R+62326.html#/86-variante-16_cms
CREMALLERAS,Maya 5 Plástico Cerrada,maya-5-plastico-cerrada,CREMALLERA YKK ROJO BURDEOS MAYA 5 - VARIOS TAMAÑOS C/527,R-60506-MBXLP,0.73,https://canodiy.es/maya-5-plastico-cerrada/6942-8061-R+60506+MBXLP.html#/122-variante-18_cms
CREMALLERAS,Maya 5 Plástico Cerrada,maya-5-plastico-cerrada,CREMALLERA YKK ROJO CORAL MAYA 5 - VARIOS TAMAÑOS C/816,R-60506-ALQFN,0.86,https://canodiy.es/maya-5-plastico-cerrada/6948-8163-R+60506+ALQFN.html#/137-variante-24_cms
CREMALLERAS,Maya 5 Plástico Cerrada,maya-5-plastico-cerrada,CREMALLERA YKK ROJO MAYA 5 - VARIOS TAMAÑOS C/519,R-60709,0.68,https://canodiy.es/maya-5-plastico-cerrada/6964-8090-R+60709.html#/121-variante-16_cms
CREMALLERAS,Maya 5 Plástico Cerrada,maya-5-plastico-cerrada,CREMALLERA YKK ROJO OSCURO MAYA 5 - VARIOS TAMAÑOS C/520,R-60711,0.73,https://canodiy.es/maya-5-plastico-cerrada/6966-8115-R+60711.html#/122-variante-18_cms
CREMALLERAS,Maya 5 Plástico Cerrada,maya-5-plastico-cerrada,CREMALLERA YKK ROSA FLÚOR MAYA 5 - 34 CMS C/516,R-61678,1.12,https://canodiy.es/maya-5-plastico-cerrada/7120-R+61678.html
CREMALLERAS,Maya 5 Plástico Cerrada,maya-5-plastico-cerrada,CREMALLERA YKK ROSA MAQUILLAJE MAYA 5 - 24 CMS C/005,R-60498,0.86,https://canodiy.es/maya-5-plastico-cerrada/6914-R+60498.html
CREMALLERAS,Maya 5 Plástico Cerrada,maya-5-plastico-cerrada,CREMALLERA YKK ROSA MAYA 5 - 16 CMS C/851,R-60357,0.67,https://canodiy.es/maya-5-plastico-cerrada/6865-R+60357.html
CREMALLERAS,Maya 5 Plástico Cerrada,maya-5-plastico-cerrada,CREMALLERA YKK ROSA MAYA 5 - 24 CMS C/069,R-60506-MPGA3,0.86,https://canodiy.es/maya-5-plastico-cerrada/6922-R+60506+MPGA3.html
CREMALLERAS,Maya 5 Plástico Cerrada,maya-5-plastico-cerrada,CREMALLERA YKK ROSA MAYA 5 - 24 CMS C/289,R-60506-ZSKYW,0.86,https://canodiy.es/maya-5-plastico-cerrada/6936-R+60506+ZSKYW.html
CREMALLERAS,Maya 5 Plástico Cerrada,maya-5-plastico-cerrada,CREMALLERA YKK ROSA MAYA 5 - 26 CMS C/344,R-63560,0.91,https://canodiy.es/maya-5-plastico-cerrada/7646-R+63560.html
CREMALLERAS,Maya 5 Plástico Cerrada,maya-5-plastico-cerrada,CREMALLERA YKK ROSA OSCURO MAYA 5 - 20 CMS C/082,R-64100,0.78,https://canodiy.es/maya-5-plastico-cerrada/7865-R+64100.html
CREMALLERAS,Maya 5 Plástico Cerrada,maya-5-plastico-cerrada,CREMALLERA YKK TURQUESA OSCURO MAYA 5 - VARIOS TAMAÑOS C/908,R-62544,1.36,https://canodiy.es/maya-5-plastico-cerrada/7302-8149-R+62544.html#/133-variante-44_cms
CREMALLERAS,Maya 5 Plástico Cerrada,maya-5-plastico-cerrada,CREMALLERA YKK VERDE KAKI MAYA 5 - 20 CMS C/096,R-60382,0.78,https://canodiy.es/maya-5-plastico-cerrada/6874-R+60382.html
CREMALLERAS,Maya 5 Plástico Cerrada,maya-5-plastico-cerrada,CREMALLERA YKK VERDE KAKI MAYA 5 - 20 CMS. C/342,R-63951,0.78,https://canodiy.es/maya-5-plastico-cerrada/7839-R+63951.html
CREMALLERAS,Maya 5 Plástico Cerrada,maya-5-plastico-cerrada,CREMALLERA YKK VERDE KAKI MAYA 5 - 20 CMS. C/888,R-65487,0.78,https://canodiy.es/maya-5-plastico-cerrada/8668-R+65487.html
CREMALLERAS,Maya 5 Plástico Cerrada,maya-5-plastico-cerrada,CREMALLERA YKK VERDE KAKI MAYA 5 - 34 CMS C/011,R-61631,1.11,https://canodiy.es/maya-5-plastico-cerrada/7114-8080-R+61631.html#/129-variante-34_cms
CREMALLERAS,Maya 5 Plástico Cerrada,maya-5-plastico-cerrada,CREMALLERA YKK VERDE KAKI MAYA-5 - 32 CMS C/567,R-61538,1.07,https://canodiy.es/maya-5-plastico-cerrada/7108-R+61538.html
CREMALLERAS,Maya 5 Plástico Cerrada,maya-5-plastico-cerrada,CREMALLERA YKK VERDE KAKI MAYA-5 - 36 CMS C/886,R-61947,1.17,https://canodiy.es/maya-5-plastico-cerrada/7154-R+61947.html
CREMALLERAS,Maya 5 Plástico Cerrada,maya-5-plastico-cerrada,CREMALLERA YKK VERDE MAYA 5 - 16CM. C/194,R-66188,0.67,https://canodiy.es/maya-5-plastico-cerrada/8955-R+66188.html
CREMALLERAS,Maya 5 Plástico Cerrada,maya-5-plastico-cerrada,CREMALLERA YKK VERDE MAYA 5 - 20 CMS. C/318,R-60392,0.68,https://canodiy.es/maya-5-plastico-cerrada/6878-9697-R+60392.html#/121-variante-16_cms
CREMALLERAS,Maya 5 Plástico Cerrada,maya-5-plastico-cerrada,CREMALLERA YKK VERDE MAYA 5 - 24 CMS C/ 149,R-61954,0.86,https://canodiy.es/maya-5-plastico-cerrada/7156-R+61954.html
CREMALLERAS,Maya 5 Plástico Cerrada,maya-5-plastico-cerrada,CREMALLERA YKK VERDE MAYA 5 - 24 CMS C/250,R-60506-UYZNM,0.86,https://canodiy.es/maya-5-plastico-cerrada/6932-R+60506+UYZNM.html
CREMALLERAS,Maya 5 Plástico Cerrada,maya-5-plastico-cerrada,CREMALLERA YKK VERDE MAYA 5 - 28 CMS. C/561,R-60760,0.97,https://canodiy.es/maya-5-plastico-cerrada/6977-R+60760.html
CREMALLERAS,Maya 5 Plástico Cerrada,maya-5-plastico-cerrada,CREMALLERA YKK VERDE MAYA 5 - 46 CMS C/566,R-62453,1.41,https://canodiy.es/maya-5-plastico-cerrada/7276-R+62453.html
CREMALLERAS,Maya 5 Plástico Cerrada,maya-5-plastico-cerrada,CREMALLERA YKK VERDE MAYA 5 - 48 CMS C/562,R-62480,1.46,https://canodiy.es/maya-5-plastico-cerrada/7286-R+62480.html
CREMALLERAS,Maya 5 Plástico Cerrada,maya-5-plastico-cerrada,CREMALLERA YKK VERDE MAYA 5 - 48 CMS C/911,R-62483,1.46,https://canodiy.es/maya-5-plastico-cerrada/7289-R+62483.html
CREMALLERAS,Maya 5 Plástico Cerrada,maya-5-plastico-cerrada,CREMALLERA YKK VERDE MAYA 5 - VARIOS TAMAÑOS C/223,R-60820,0.68,https://canodiy.es/maya-5-plastico-cerrada/7002-8037-R+60820.html#/121-variante-16_cms
CREMALLERAS,Maya 5 Plástico Cerrada,maya-5-plastico-cerrada,CREMALLERA YKK VERDE MAYA 5 - VARIOS TAMAÑOS C/394,R-60483,0.74,https://canodiy.es/maya-5-plastico-cerrada/6906-2271-R+60483.html#/88-variante-20_cms
CREMALLERAS,Maya 5 Plástico Cerrada,maya-5-plastico-cerrada,CREMALLERA YKK VERDE MAYA 5 - VARIOS TAMAÑOS C/399,R-60506-F9UKT,0.77,https://canodiy.es/maya-5-plastico-cerrada/6940-8107-R+60506+F9UKT.html#/123-variante-20_cms
CREMALLERAS,Maya 5 Plástico Cerrada,maya-5-plastico-cerrada,CREMALLERA YKK VERDE MAYA 5 - VARIOS TAMAÑOS C/540,R-60826,1.02,https://canodiy.es/maya-5-plastico-cerrada/7009-8242-R+60826.html#/127-variante-30_cms
CREMALLERAS,Maya 5 Plástico Cerrada,maya-5-plastico-cerrada,CREMALLERA YKK VERDE MOSTAZA MAYA 5 - 26 CMS C/897,R-60739,0.92,https://canodiy.es/maya-5-plastico-cerrada/6973-R+60739.html
CREMALLERAS,Maya 5 Plástico Cerrada,maya-5-plastico-cerrada,CREMALLERA YKK VERDE NYLON-5 - VARIOS TAMAÑOS C/870,R-62540,1.02,https://canodiy.es/maya-5-plastico-cerrada/7300-8073-R+62540.html#/127-variante-30_cms
CREMALLERAS,Maya 5 Plástico Cerrada,maya-5-plastico-cerrada,CREMALLERA YKK VERDE OSCURO MAYA 5 - 20 CMS C/890,R-63965,0.78,https://canodiy.es/maya-5-plastico-cerrada/7845-R+63965.html
CREMALLERAS,Maya 5 Plástico Cerrada,maya-5-plastico-cerrada,CREMALLERA YKK VERDE OSCURO MAYA 5 - 20 CMS. C/120,R-60384,0.78,https://canodiy.es/maya-5-plastico-cerrada/6876-R+60384.html
CREMALLERAS,Maya 5 Plástico Cerrada,maya-5-plastico-cerrada,CREMALLERA YKK VERDE OSCURO MAYA 5 - 24 CMS C/077,R-60506-Q12YO,0.86,https://canodiy.es/maya-5-plastico-cerrada/6924-R+60506+Q12YO.html
CREMALLERAS,Maya 5 Plástico Cerrada,maya-5-plastico-cerrada,CREMALLERA YKK VERDE OSCURO MAYA 5 - 26 CMS C/153,R-64291,0.91,https://canodiy.es/maya-5-plastico-cerrada/7951-R+64291.html
CREMALLERAS,Maya 5 Plástico Continua,maya-5-plastico-continua,CREMALLERA AMARILLA 103 POR METROS NYLON MAYA 5,R-4833,0.38,https://canodiy.es/maya-5-plastico-continua/7832-R+4833-9999999017490.html
CREMALLERAS,Maya 5 Plástico Continua,maya-5-plastico-continua,CREMALLERA AMARILLA 105 POR METROS NYLON MAYA 5,R-57003,0.38,https://canodiy.es/maya-5-plastico-continua/6571-R+57003-9999999006722.html
CREMALLERAS,Maya 5 Plástico Continua,maya-5-plastico-continua,CREMALLERA AMARILLA 106 POR METROS NYLON MAYA 5,R-61771,0.38,https://canodiy.es/maya-5-plastico-continua/7819-R+61771-9999999017483.html
CREMALLERAS,Maya 5 Plástico Continua,maya-5-plastico-continua,CREMALLERA AMARILLA 112 POR METROS NYLON MAYA 5,R-64820,0.38,https://canodiy.es/maya-5-plastico-continua/8387-R+64820-9999999027109.html
CREMALLERAS,Maya 5 Plástico Continua,maya-5-plastico-continua,CREMALLERA AMARILLO FLÚOR 252 POR METROS NYLON MAYA 5,R-4848,0.38,https://canodiy.es/maya-5-plastico-continua/6979-R+4848-9999999016202.html
CREMALLERAS,Maya 5 Plástico Continua,maya-5-plastico-continua,CREMALLERA AZUL 203 POR METROS NYLON MAYA 5,R-4882,0.38,https://canodiy.es/maya-5-plastico-continua/6576-R+4882-9999999013805.html
CREMALLERAS,Maya 5 Plástico Continua,maya-5-plastico-continua,CREMALLERA AZUL 204 POR METROS NYLON MAYA 5,R-56836,0.38,https://canodiy.es/maya-5-plastico-continua/6577-R+56836-9999999005923.html
CREMALLERAS,Maya 5 Plástico Continua,maya-5-plastico-continua,CREMALLERA AZUL 209 POR METROS NYLON MAYA 5,R-4884,0.38,https://canodiy.es/maya-5-plastico-continua/6578-R+4884-9999999017469.html
CREMALLERAS,Maya 5 Plástico Continua,maya-5-plastico-continua,CREMALLERA AZUL 218 POR METROS NYLON MAYA 5,R-61815,0.38,https://canodiy.es/maya-5-plastico-continua/8735-R+61815.html
CREMALLERAS,Maya 5 Plástico Continua,maya-5-plastico-continua,CREMALLERA AZUL CELESTE 201 POR METROS NYLON MAYA 5,R-61812,0.38,https://canodiy.es/maya-5-plastico-continua/7177-R+61812-9999999027277.html
CREMALLERAS,Maya 5 Plástico Continua,maya-5-plastico-continua,CREMALLERA AZUL CELESTE 220 POR METROS NYLON MAYA 5,R-61814,0.38,https://canodiy.es/maya-5-plastico-continua/7176-R+61814.html
CREMALLERAS,Maya 5 Plástico Continua,maya-5-plastico-continua,CREMALLERA AZUL MARINO 219 POR METROS NYLON MAYA 5,R-34484,0.38,https://canodiy.es/maya-5-plastico-continua/6580-R+34484-9999999016219.html
CREMALLERAS,Maya 5 Plástico Continua,maya-5-plastico-continua,CREMALLERA AZUL OSCURO 205 POR METROS NYLON MAYA 5,R-64448,0.38,https://canodiy.es/maya-5-plastico-continua/8207-R+64448-9999999025839.html
CREMALLERAS,Maya 5 Plástico Continua,maya-5-plastico-continua,CREMALLERA AZUL OSCURO 212 POR METROS NYLON MAYA 5,R-41542,0.38,https://canodiy.es/maya-5-plastico-continua/6579-R+41542-9999999023316.html
CREMALLERAS,Maya 5 Plástico Continua,maya-5-plastico-continua,CREMALLERA AZUL TURQUESA 192 POR METROS NYLON MAYA 5,R-61202,0.38,https://canodiy.es/maya-5-plastico-continua/7073-R+61202-9999999016714.html
CREMALLERAS,Maya 5 Plástico Continua,maya-5-plastico-continua,CREMALLERA AZUL TURQUESA 210 POR METROS NYLON MAYA 5,R-61717,0.38,https://canodiy.es/maya-5-plastico-continua/7134-R+61717-9999999017353.html
CREMALLERAS,Maya 5 Plástico Continua,maya-5-plastico-continua,CREMALLERA AZUL TURQUESA 225 POR METROS NYLON MAYA 5,R-61203,0.38,https://canodiy.es/maya-5-plastico-continua/7072-R+61203-9999999016721.html
CREMALLERAS,Maya 5 Plástico Continua,maya-5-plastico-continua,CREMALLERA BEIGE 001 POR METROS NYLON MAYA 5,R-61204,0.38,https://canodiy.es/maya-5-plastico-continua/7074-R+61204-9999999016738.html
CREMALLERAS,Maya 5 Plástico Continua,maya-5-plastico-continua,CREMALLERA BEIGE 002 POR METROS NYLON MAYA 5,R-60633,0.38,https://canodiy.es/maya-5-plastico-continua/6967-R+60633-9999999016134.html
CREMALLERAS,Maya 5 Plástico Continua,maya-5-plastico-continua,CREMALLERA BEIGE 006 POR METROS NYLON MAYA 5,R-68074,0.38,https://canodiy.es/maya-5-plastico-continua/9714-R+68074.html
CREMALLERAS,Maya 5 Plástico Continua,maya-5-plastico-continua,CREMALLERA BEIGE 231 POR METROS NYLON MAYA 5,R-61770,0.38,https://canodiy.es/maya-5-plastico-continua/7833-R+61770-9999999017476.html
CREMALLERAS,Maya 5 Plástico Continua,maya-5-plastico-continua,CREMALLERA BEIGE CLARO 004 POR METROS NYLON MAYA 5,R-4877,0.38,https://canodiy.es/maya-5-plastico-continua/6560-R+4877-9999999003356.html
CREMALLERAS,Maya 5 Plástico Continua,maya-5-plastico-continua,CREMALLERA BEIGE CLARO 008 POR METROS NYLON MAYA 5,R-58058,0.38,https://canodiy.es/maya-5-plastico-continua/6561-R+58058-9999999010545.html
CREMALLERAS,Maya 5 Plástico Continua,maya-5-plastico-continua,CREMALLERA BLANCA POR METROS NYLON MAYA 5,R-4862,0.38,https://canodiy.es/maya-5-plastico-continua/6095-R+4862-9999999007088.html
CREMALLERAS,Maya 5 Plástico Continua,maya-5-plastico-continua,CREMALLERA FUCSIA 070 POR METROS NYLON MAYA 5,R-55334,0.38,https://canodiy.es/maya-5-plastico-continua/6566-R+55334-9999999002649.html
CREMALLERAS,Maya 5 Plástico Continua,maya-5-plastico-continua,CREMALLERA GRANATE 079 POR METROS NYLON MAYA 5,R-58095,0.38,https://canodiy.es/maya-5-plastico-continua/6567-R+58095-9999999010576.html
CREMALLERAS,Maya 5 Plástico Continua,maya-5-plastico-continua,CREMALLERA GRANATE 083 POR METROS NYLON MAYA 5,R-58094,0.38,https://canodiy.es/maya-5-plastico-continua/6569-R+58094-9999999010569.html
CREMALLERAS,Maya 5 Plástico Continua,maya-5-plastico-continua,CREMALLERA GRIS 226 POR METROS NYLON MAYA 5,R-4870,0.38,https://canodiy.es/maya-5-plastico-continua/7135-R+4870-9999999017377.html
CREMALLERAS,Maya 5 Plástico Continua,maya-5-plastico-continua,CREMALLERA GRIS OSCURO 229 POR METROS NYLON MAYA 5,R-4871,0.38,https://canodiy.es/maya-5-plastico-continua/6851-R+4871-9999999001673.html
CREMALLERAS,Maya 5 Plástico Continua,maya-5-plastico-continua,CREMALLERA LILA 149 POR METROS NYLON MAYA 5,R-64822,0.38,https://canodiy.es/maya-5-plastico-continua/8389-R+64822-9999999027123.html
CREMALLERAS,Maya 5 Plástico Continua,maya-5-plastico-continua,CREMALLERA LILA OSCURO 208 POR METROS NYLON MAYA 5,R-61772,0.38,https://canodiy.es/maya-5-plastico-continua/7834-R+61772-9999999017506.html
CREMALLERAS,Maya 5 Plástico Continua,maya-5-plastico-continua,CREMALLERA MARRÓN 028 POR METROS NYLON MAYA 5,R-62673,0.38,https://canodiy.es/maya-5-plastico-continua/7445-R+62673-9999999019838.html
CREMALLERAS,Maya 5 Plástico Continua,maya-5-plastico-continua,CREMALLERA MARRÓN 029 POR METROS NYLON MAYA 5,R-56371,0.38,https://canodiy.es/maya-5-plastico-continua/6562-R+56371-9999999004568.html
CREMALLERAS,Maya 5 Plástico Continua,maya-5-plastico-continua,CREMALLERA MARRÓN 031 POR METROS NYLON MAYA 5,R-5241,0.38,https://canodiy.es/maya-5-plastico-continua/6564-R+5241-9999999002632.html
CREMALLERAS,Maya 5 Plástico Continua,maya-5-plastico-continua,CREMALLERA MARRÓN 032 POR METROS NYLON MAYA 5,R-65517,0.38,https://canodiy.es/maya-5-plastico-continua/8977-R+65517-9999999028588.html
CREMALLERAS,Maya 5 Plástico Continua,maya-5-plastico-continua,CREMALLERA MARRÓN 074 POR METROS NYLON MAYA 5,R-60631,0.38,https://canodiy.es/maya-5-plastico-continua/6968-R+60631-9999999016127.html
CREMALLERAS,Maya 5 Plástico Continua,maya-5-plastico-continua,CREMALLERA MARRÓN CAOBA 039 POR METROS NYLON MAYA 5,R-61214,0.38,https://canodiy.es/maya-5-plastico-continua/8736-R+61214-9999999016769.html
CREMALLERAS,Maya 5 Plástico Continua,maya-5-plastico-continua,CREMALLERA MARRÓN OSCURO 030 POR METROS NYLON MAYA 5,R-4886,0.38,https://canodiy.es/maya-5-plastico-continua/6563-R+4886-9999999002915.html
CREMALLERAS,Maya 5 Plástico Continua,maya-5-plastico-continua,CREMALLERA MAYA-5 INYECTADA C/BLANCO,R-59297,1.78,https://canodiy.es/maya-5-plastico-continua/6608-R+59297.html
CREMALLERAS,Maya 5 Plástico Continua,maya-5-plastico-continua,CREMALLERA MAYA-5 INYECTADA NEGRO,R-5430,1.78,https://canodiy.es/maya-5-plastico-continua/6607-R+5430-9999999015380.html
CREMALLERAS,Maya 5 Plástico Continua,maya-5-plastico-continua,CREMALLERA MORADA 071 POR METROS NYLON MAYA 5,R-61718,0.38,https://canodiy.es/maya-5-plastico-continua/7133-R+61718-9999999017360.html
CREMALLERAS,Maya 5 Plástico Continua,maya-5-plastico-continua,CREMALLERA MORADA 081 POR METROS NYLON MAYA 5,R-61721,0.38,https://canodiy.es/maya-5-plastico-continua/7139-R+61721-9999999017391.html
CREMALLERAS,Maya 5 Plástico Continua,maya-5-plastico-continua,CREMALLERA MORADO 155 POR METROS NYLON MAYA 5,R-60415,0.38,https://canodiy.es/maya-5-plastico-continua/6907-R+60415-9999999015830.html
CREMALLERAS,Maya 5 Plástico Continua,maya-5-plastico-continua,CREMALLERA NARANJA 129 POR METROS NYLON MAYA 5,R-63806,0.38,https://canodiy.es/maya-5-plastico-continua/7859-R+63806-9999999024054.html
CREMALLERAS,Maya 5 Plástico Continua,maya-5-plastico-continua,CREMALLERA NARANJA FLÚOR 254 POR METROS NYLON MAYA 5,R-60734,0.43,https://canodiy.es/maya-5-plastico-continua/6978-R+60734-9999999016240.html
CREMALLERAS,Maya 5 Plástico Continua,maya-5-plastico-continua,CREMALLERA NEGRA POR METROS NYLON MAYA 5,R-4841,0.38,https://canodiy.es/maya-5-plastico-continua/6559-R+4841-9999999000652.html
CREMALLERAS,Maya 5 Plástico Continua,maya-5-plastico-continua,CREMALLERA ROJA 082 POR METROS NYLON MAYA 5,R-4854,0.38,https://canodiy.es/maya-5-plastico-continua/6568-R+4854-9999999002540.html
CREMALLERAS,Maya 5 Plástico Continua,maya-5-plastico-continua,CREMALLERA ROJA 090 POR METROS NYLON MAYA 5,R-40925,0.38,https://canodiy.es/maya-5-plastico-continua/6570-R+40925-9999999002939.html
CREMALLERAS,Maya 5 Plástico Continua,maya-5-plastico-continua,CREMALLERA ROJO BURDEOS 068 POR METROS NYLON MAYA 5,R-61773,0.38,https://canodiy.es/maya-5-plastico-continua/7835-R+61773-9999999017513.html
CREMALLERAS,Maya 5 Plástico Continua,maya-5-plastico-continua,CREMALLERA ROSA 052 POR METROS NYLON MAYA 5,R-55335,0.38,https://canodiy.es/maya-5-plastico-continua/6565-R+55335-9999999002656.html
CREMALLERAS,Maya 5 Plástico Continua,maya-5-plastico-continua,CREMALLERA ROSA CLARO 051 POR METROS NYLON MAYA 5,R-65237,0.38,https://canodiy.es/maya-5-plastico-continua/8737-R+65237-9999999027949.html
CREMALLERAS,Maya 5 Plástico Continua,maya-5-plastico-continua,CREMALLERA ROSA FLÚOR 251 POR METROS NYLON MAYA 5,R-64309,0.38,https://canodiy.es/maya-5-plastico-continua/8173-R+64309-9999999025457.html
CREMALLERAS,Maya 5 Plástico Continua,maya-5-plastico-continua,CREMALLERA SALMÓN 054 POR METROS NYLON MAYA 5,R-61176,0.38,https://canodiy.es/maya-5-plastico-continua/7075-R+61176-9999999016684.html
CREMALLERAS,Maya 5 Plástico Continua,maya-5-plastico-continua,CREMALLERA VERDE 176 POR METROS NYLON MAYA 5,R-63807,0.38,https://canodiy.es/maya-5-plastico-continua/7858-R+63807-9999999024061.html
CREMALLERAS,Maya 5 Plástico Continua,maya-5-plastico-continua,CREMALLERA VERDE 178 POR METROS NYLON MAYA 5,R-54601,0.38,https://canodiy.es/maya-5-plastico-continua/6573-R+54601-9999999001765.html
CREMALLERAS,Maya 5 Plástico Continua,maya-5-plastico-continua,CREMALLERA VERDE 187 POR METROS NYLON MAYA 5,R-64821,0.38,https://canodiy.es/maya-5-plastico-continua/8388-R+64821-9999999027116.html
CREMALLERAS,Maya 5 Plástico Continua,maya-5-plastico-continua,CREMALLERA VERDE 193 POR METROS NYLON MAYA 5,R-61177,0.38,https://canodiy.es/maya-5-plastico-continua/7076-R+61177-9999999016691.html
CREMALLERAS,Maya 5 Plástico Continua,maya-5-plastico-continua,CREMALLERA VERDE 197 POR METROS NYLON MAYA 5,R-5234,0.38,https://canodiy.es/maya-5-plastico-continua/7669-R+5234-9999999022821.html
CREMALLERAS,Maya 5 Plástico Continua,maya-5-plastico-continua,CREMALLERA VERDE 199 POR METROS NYLON MAYA 5,R-62675,0.38,https://canodiy.es/maya-5-plastico-continua/7444-R+62675-9999999019821.html
CREMALLERAS,Maya 5 Plástico Continua,maya-5-plastico-continua,CREMALLERA VERDE FLÚOR 253 POR METROS NYLON MAYA 5,R-60733,0.43,https://canodiy.es/maya-5-plastico-continua/6981-R+60733-9999999016233.html
CREMALLERAS,Maya 5 Plástico Continua,maya-5-plastico-continua,CREMALLERA VERDE FLÚOR 255 POR METROS NYLON MAYA 5,R-60724,0.43,https://canodiy.es/maya-5-plastico-continua/6980-R+60724-9999999016226.html
CREMALLERAS,Maya 5 Plástico Continua,maya-5-plastico-continua,CREMALLERA VERDE KAKI 168 POR METROS NYLON MAYA 5,R-61720,0.38,https://canodiy.es/maya-5-plastico-continua/7138-R+61720-9999999017384.html
CREMALLERAS,Maya 5 Plástico Continua,maya-5-plastico-continua,CREMALLERA VERDE KAKI 172 POR METROS NYLON MAYA 5,R-4866,0.38,https://canodiy.es/maya-5-plastico-continua/8386-R+4866-9999999027130.html
CREMALLERAS,Maya 5 Plástico Continua,maya-5-plastico-continua,CREMALLERA VERDE KAKI 190 POR METROS NYLON MAYA 5,R-4881,0.38,https://canodiy.es/maya-5-plastico-continua/7442-R+4881-9999999019814.html
CREMALLERAS,Maya 5 Plástico Continua,maya-5-plastico-continua,CREMALLERA VERDE KAKI 196 POR METROS NYLON MAYA 5,R-55337,0.38,https://canodiy.es/maya-5-plastico-continua/6575-R+55337-9999999002533.html
CREMALLERAS,Maya 5 Plástico Continua,maya-5-plastico-continua,CREMALLERA VERDE MENTA 169 POR METROS NYLON MAYA 5,R-5230,0.38,https://canodiy.es/maya-5-plastico-continua/6572-R+5230-9999999002922.html
CREMALLERAS,Maya 5 Plástico Continua,maya-5-plastico-continua,CREMALLERA VERDE OSCURO 184 POR METROS NYLON MAYA 5,R-61813,0.38,https://canodiy.es/maya-5-plastico-continua/8738-R+61813.html
CREMALLERAS,Maya 5 Plástico Continua,maya-5-plastico-continua,CREMALLERA VERDE OSCURO 186 POR METROS NYLON MAYA 5,R-4846,0.38,https://canodiy.es/maya-5-plastico-continua/6574-R+4846-9999999002625.html
CREMALLERAS,Maya 5 Plástico Continua,maya-5-plastico-continua,CREMALLERA VERDE OSCURO 189 POR METROS NYLON MAYA 5,R-64018,0.38,https://canodiy.es/maya-5-plastico-continua/7878-R+64018-9999999024474.html
CREMALLERAS,Maya 5 Plástico Continua,maya-5-plastico-continua,CURSOR METÁLICO CON PINCHO PARA CREMALLERA POR METROS DE NYLON-5 AZUL MARINO,R-57391-5QB4I,0.1,https://canodiy.es/maya-5-plastico-continua/6711-R+57391+5QB4I.html
CREMALLERAS,Maya 5 Plástico Continua,maya-5-plastico-continua,CURSOR METÁLICO PARA CREMALLERA POR METROS DE NYLON-5 AMARILLO 105,R-57391-SUU7D,0.11,https://canodiy.es/maya-5-plastico-continua/7554-R+57391+SUU7D.html
CREMALLERAS,Maya 5 Plástico Continua,maya-5-plastico-continua,CURSOR METÁLICO PARA CREMALLERA POR METROS DE NYLON-5 AZUL CELESTE 201,R-57391-TM60A,0.11,https://canodiy.es/maya-5-plastico-continua/7541-R+57391+TM60A-9999999023330.html
CREMALLERAS,Maya 5 Plástico Continua,maya-5-plastico-continua,CURSOR METÁLICO PARA CREMALLERA POR METROS DE NYLON-5 AZUL MARINO 219,R-57391-LKKC7,0.11,https://canodiy.es/maya-5-plastico-continua/6697-R+57391+LKKC7-9999999023354.html
CREMALLERAS,Maya 5 Plástico Continua,maya-5-plastico-continua,CURSOR METÁLICO PARA CREMALLERA POR METROS DE NYLON-5 AZUL OSCURO 212,R-65593,0.11,https://canodiy.es/maya-5-plastico-continua/8741-R+65593.html
CREMALLERAS,Maya 5 Plástico Continua,maya-5-plastico-continua,CURSOR METÁLICO PARA CREMALLERA POR METROS DE NYLON-5 AZUL TURQUESA 210,R-57391-KXVY5,0.11,https://canodiy.es/maya-5-plastico-continua/7539-R+57391+KXVY5-9999999023347.html
CREMALLERAS,Maya 5 Plástico Continua,maya-5-plastico-continua,CURSOR METÁLICO PARA CREMALLERA POR METROS DE NYLON-5 BEIGE 003,R-57391-MF350,0.11,https://canodiy.es/maya-5-plastico-continua/6688-R+57391+MF350.html
CREMALLERAS,Maya 5 Plástico Continua,maya-5-plastico-continua,CURSOR METÁLICO PARA CREMALLERA POR METROS DE NYLON-5 BEIGE CLARO 004,R-57391-0WVIQ,0.11,https://canodiy.es/maya-5-plastico-continua/6702-R+57391+0WVIQ-9999999023361.html
CREMALLERAS,Maya 5 Plástico Continua,maya-5-plastico-continua,CURSOR METÁLICO PARA CREMALLERA POR METROS DE NYLON-5 BEIGE TAUPE,R-178-PGGKV,0.08,https://canodiy.es/maya-5-plastico-continua/6691-R+178+PGGKV.html
CREMALLERAS,Maya 5 Plástico Continua,maya-5-plastico-continua,CURSOR METÁLICO PARA CREMALLERA POR METROS DE NYLON-5 BLANCO,R-57391,0.11,https://canodiy.es/maya-5-plastico-continua/6096-R+57391.html
CREMALLERAS,Maya 5 Plástico Continua,maya-5-plastico-continua,CURSOR METÁLICO PARA CREMALLERA POR METROS DE NYLON-5 BURDEOS 083,R-57391-7E83I,0.11,https://canodiy.es/maya-5-plastico-continua/7545-R+57391+7E83I.html
CREMALLERAS,Maya 5 Plástico Continua,maya-5-plastico-continua,CURSOR METÁLICO PARA CREMALLERA POR METROS DE NYLON-5 FUCSIA 070,R-62463-E0QHO,0.11,https://canodiy.es/maya-5-plastico-continua/7309-R+62463+E0QHO-9999999023378.html
CREMALLERAS,Maya 5 Plástico Continua,maya-5-plastico-continua,CURSOR METÁLICO PARA CREMALLERA POR METROS DE NYLON-5 GRIS 226,R-62461-QW3RV,0.11,https://canodiy.es/maya-5-plastico-continua/7305-R+62461+QW3RV-9999999023385.html
CREMALLERAS,Maya 5 Plástico Continua,maya-5-plastico-continua,CURSOR METÁLICO PARA CREMALLERA POR METROS DE NYLON-5 MARRÓN CLARO 031,R-57391-QTTAP,0.11,https://canodiy.es/maya-5-plastico-continua/6687-R+57391+QTTAP.html
CREMALLERAS,Maya 5 Plástico Continua,maya-5-plastico-continua,CURSOR METÁLICO PARA CREMALLERA POR METROS DE NYLON-5 MARRÓN OSCURO 030,R-57391-SVMSM,0.11,https://canodiy.es/maya-5-plastico-continua/6685-R+57391+SVMSM-9999999023415.html
CREMALLERAS,Maya 5 Plástico Continua,maya-5-plastico-continua,CURSOR METÁLICO PARA CREMALLERA POR METROS DE NYLON-5 NEGRO,R-174-025AR,0.11,https://canodiy.es/maya-5-plastico-continua/6682-R+174+025AR.html
CREMALLERAS,Maya 5 Plástico Continua,maya-5-plastico-continua,CURSOR METÁLICO PARA CREMALLERA POR METROS DE NYLON-5 NIQUEL,R-187-IBSJS,0.13,https://canodiy.es/maya-5-plastico-continua/6604-R+187+IBSJS-9999999013812.html
CREMALLERAS,Maya 5 Plástico Continua,maya-5-plastico-continua,CURSOR METÁLICO PARA CREMALLERA POR METROS DE NYLON-5 ORO VIEJO,R-61716,0.29,https://canodiy.es/maya-5-plastico-continua/7128-R+61716.html
CREMALLERAS,Maya 5 Plástico Continua,maya-5-plastico-continua,CURSOR METÁLICO PARA CREMALLERA POR METROS DE NYLON-5 ROJO 090,R-57391-PUVHE,0.11,https://canodiy.es/maya-5-plastico-continua/6700-R+57391+PUVHE-9999999023392.html
CREMALLERAS,Maya 5 Plástico Continua,maya-5-plastico-continua,CURSOR METÁLICO PARA CREMALLERA POR METROS DE NYLON-5 ROSA 052,R-62462-B9H6B,0.11,https://canodiy.es/maya-5-plastico-continua/7307-R+62462+B9H6B-9999999023408.html
CREMALLERAS,Maya 5 Plástico Continua,maya-5-plastico-continua,CURSOR METÁLICO PARA CREMALLERA POR METROS DE NYLON-5 VERDE OSCURO 186,R-57391-XBO6A,0.11,https://canodiy.es/maya-5-plastico-continua/7556-R+57391+XBO6A.html
CREMALLERAS,Maya 5 Plástico Continua,maya-5-plastico-continua,CURSOR PARA CREMALLERA INYECTADA-5 GRIS,R-59299-EFF0G,0.13,https://canodiy.es/maya-5-plastico-continua/6615-R+59299+EFF0G.html
CREMALLERAS,Maya 5 Plástico Continua,maya-5-plastico-continua,CURSOR PARA CREMALLERA INYECTADA-5 NEGRO,R-59299,0.13,https://canodiy.es/maya-5-plastico-continua/6611-R+59299-9999999023323.html
CREMALLERAS,Maya 5 Plástico Continua,maya-5-plastico-continua,CURSOR PARA CREMALLERA INYECTADA-5 NIQUEL,R-5428-AEDBR,0.13,https://canodiy.es/maya-5-plastico-continua/6613-R+5428+AEDBR-9999999014185.html
CREMALLERAS,Maya 5 Plástico Continua,maya-5-plastico-continua,PACK 5 METROS CREMALLERA AMARILLA MAS 10 CURSORES AL TONO C/105,R-63983,3.05,https://canodiy.es/maya-5-plastico-continua/7847-R+63983.html
CREMALLERAS,Maya 5 Plástico Continua,maya-5-plastico-continua,PACK 5 METROS CREMALLERA AZUL CELESTE MAS 10 CURSORES AL TONO C/201,R-63986,3.05,https://canodiy.es/maya-5-plastico-continua/7848-R+63986.html
CREMALLERAS,Maya 5 Plástico Continua,maya-5-plastico-continua,PACK 5 METROS CREMALLERA AZUL MARINO MAS 10 CURSORES AL TONO C/219,R-63987,3.05,https://canodiy.es/maya-5-plastico-continua/7849-R+63987-9999999028915.html
CREMALLERAS,Maya 5 Plástico Continua,maya-5-plastico-continua,PACK 5 METROS CREMALLERA AZUL TURQUESA MAS 10 CURSORES AL TONO C/210,R-63989,3.05,https://canodiy.es/maya-5-plastico-continua/7850-R+63989.html
CREMALLERAS,Maya 5 Plástico Continua,maya-5-plastico-continua,PACK 5 METROS CREMALLERA BEIG MAS 10 CURSORES AL TONO C/001,R-65669,3.05,https://canodiy.es/maya-5-plastico-continua/8796-R+65669.html
CREMALLERAS,Maya 5 Plástico Continua,maya-5-plastico-continua,PACK 5 METROS CREMALLERA BLANCA MAS 10 CURSORES AL TONO,R-63993,3.05,https://canodiy.es/maya-5-plastico-continua/7851-R+63993-9999999028908.html
CREMALLERAS,Maya 5 Plástico Continua,maya-5-plastico-continua,PACK 5 METROS CREMALLERA BURDEOS MAS 10 CURSORES AL TONO C/083,R-63994,3.05,https://canodiy.es/maya-5-plastico-continua/7852-R+63994-9999999028892.html
CREMALLERAS,Maya 5 Plástico Continua,maya-5-plastico-continua,PACK 5 METROS CREMALLERA CRUDO MAS 10 CURSORES AL TONO C/004,R-64009,3.05,https://canodiy.es/maya-5-plastico-continua/7853-R+64009.html
CREMALLERAS,Maya 5 Plástico Continua,maya-5-plastico-continua,PACK 5 METROS CREMALLERA FUCSIA MAS 10 CURSORES AL TONO C/070,R-64025,3.05,https://canodiy.es/maya-5-plastico-continua/7856-R+64025.html
CREMALLERAS,Maya 5 Plástico Continua,maya-5-plastico-continua,PACK 5 METROS CREMALLERA GRIS MAS 10 CURSORES AL TONO C/226,R-64026,3.05,https://canodiy.es/maya-5-plastico-continua/7857-R+64026.html
CREMALLERAS,Maya 5 Plástico Continua,maya-5-plastico-continua,PACK 5 METROS CREMALLERA MARRÓN MAS 10 CURSORES AL TONO C/031,R-64062,3.05,https://canodiy.es/maya-5-plastico-continua/7861-R+64062.html
CREMALLERAS,Maya 5 Plástico Continua,maya-5-plastico-continua,PACK 5 METROS CREMALLERA MARRÓN OSCURO MAS 10 CURSORES AL TONO C/030,R-64082,3.05,https://canodiy.es/maya-5-plastico-continua/7863-R+64082.html
CREMALLERAS,Maya 5 Plástico Continua,maya-5-plastico-continua,PACK 5 METROS CREMALLERA NEGRA MAS 10 CURSORES AL TONO,R-64081,3.05,https://canodiy.es/maya-5-plastico-continua/7862-R+64081-9999999028885.html
CREMALLERAS,Maya 5 Plástico Continua,maya-5-plastico-continua,PACK 5 METROS CREMALLERA ROJA MAS 10 CURSORES AL TONO C/090,R-64124,3.05,https://canodiy.es/maya-5-plastico-continua/7872-R+64124.html
CREMALLERAS,Maya 5 Plástico Continua,maya-5-plastico-continua,PACK 5 METROS CREMALLERA VERDE OSCURO MAS 10 CURSORES AL TONO C/186,R-64186,3.05,https://canodiy.es/maya-5-plastico-continua/7885-R+64186.html
CREMALLERAS,Maya 8 Metálica Cerrada,maya-8-metalica-cerrada,CREMALLERA METÁLICA AZUL MARINO 233 YKK 10 CM -  MAYA 8 PULIDA,R-62749,5.97,https://canodiy.es/maya-8-metalica-cerrada/7396-R+62749.html
CREMALLERAS,Maya 8 Metálica Cerrada,maya-8-metalica-cerrada,CREMALLERA METÁLICA MARRÓN 570 YKK 26 CM - MAYA 8,R-63237,3.09,https://canodiy.es/maya-8-metalica-cerrada/7575-R+63237.html
CREMALLERAS,Maya 8 Metálica Cerrada,maya-8-metalica-cerrada,CREMALLERA METÁLICA MARRÓN 570 YKK 40 CM - MAYA 8,R-63799,4.12,https://canodiy.es/maya-8-metalica-cerrada/7716-R+63799.html
CREMALLERAS,Maya 8 Metálica Cerrada,maya-8-metalica-cerrada,CREMALLERA METÁLICA MARRÓN 570 YKK 46 CM - MAYA 8 ALUMINIO,R-64010,4.09,https://canodiy.es/maya-8-metalica-cerrada/7855-R+64010.html
CREMALLERAS,Maya 8 Metálica Cerrada,maya-8-metalica-cerrada,CREMALLERA METÁLICA NEGRA 580 YKK 10 CM - MAYA 8 PULIDA,R-63035,5.97,https://canodiy.es/maya-8-metalica-cerrada/7489-R+63035.html
CREMALLERAS,Maya 8 Metálica Cerrada,maya-8-metalica-cerrada,CREMALLERA METÁLICA NEGRA 580 YKK 16 CM - MAYA 8 PULIDA,R-63045,7.24,https://canodiy.es/maya-8-metalica-cerrada/7491-R+63045.html
CREMALLERAS,Maya 8 Metálica Cerrada,maya-8-metalica-cerrada,CREMALLERA METÁLICA NEGRA 580 YKK 24 CM - MAYA 8,R-63230,2.93,https://canodiy.es/maya-8-metalica-cerrada/7566-R+63230.html
CREMALLERAS,Maya 8 Metálica Cerrada,maya-8-metalica-cerrada,CREMALLERA METÁLICA NEGRA 580 YKK 24 CM - MAYA 8 ALUMINIO,R-63232,3.05,https://canodiy.es/maya-8-metalica-cerrada/7569-R+63232.html
CREMALLERAS,Maya 8 Metálica Cerrada,maya-8-metalica-cerrada,CREMALLERA METÁLICA NEGRA 580 YKK 24 CM - MAYA 8 PULIDA,R-63177,9.81,https://canodiy.es/maya-8-metalica-cerrada/7561-R+63177.html
CREMALLERAS,Maya 8 Metálica Cerrada,maya-8-metalica-cerrada,CREMALLERA METÁLICA NEGRA 580 YKK 26 CM - MAYA 8,R-63794,3.99,https://canodiy.es/maya-8-metalica-cerrada/7714-R+63794.html
CREMALLERAS,Maya 8 Metálica Cerrada,maya-8-metalica-cerrada,CREMALLERA METÁLICA NEGRA 580 YKK 26 CM - MAYA 8,R-63234,3.09,https://canodiy.es/maya-8-metalica-cerrada/7573-R+63234.html
CREMALLERAS,Maya 8 Metálica Cerrada,maya-8-metalica-cerrada,CREMALLERA METÁLICA NEGRA 580 YKK 26 CM - MAYA 8 ALUMINIO,R-63233,3.14,https://canodiy.es/maya-8-metalica-cerrada/7571-R+63233.html
CREMALLERAS,Maya 8 Metálica Cerrada,maya-8-metalica-cerrada,CREMALLERA METÁLICA NEGRA 580 YKK 30 CM - MAYA 8 PULIDA,R-63052,11.71,https://canodiy.es/maya-8-metalica-cerrada/7493-R+63052.html
CREMALLERAS,Maya 8 Metálica Cerrada,maya-8-metalica-cerrada,CREMALLERA METÁLICA NEGRA 580 YKK 32 CM - MAYA 8 PULIDA,R-63066,12.35,https://canodiy.es/maya-8-metalica-cerrada/7499-R+63066.html
CREMALLERAS,Maya 8 Metálica Cerrada,maya-8-metalica-cerrada,CREMALLERA METÁLICA NEGRA 580 YKK 40 CM - MAYA 8,R-63800,4.12,https://canodiy.es/maya-8-metalica-cerrada/7718-R+63800.html
CREMALLERAS,Maya 8 Metálica Cerrada,maya-8-metalica-cerrada,CREMALLERA METÁLICA NEGRA 580 YKK 40 CM - MAYA 8 ALUMINIO,R-63801,3.8,https://canodiy.es/maya-8-metalica-cerrada/7720-R+63801.html
CREMALLERAS,Maya 8 Metálica Cerrada,maya-8-metalica-cerrada,CREMALLERA METÁLICA NEGRA 580 YKK 48 CM - MAYA 8 ALUMINIO,R-63802,4.18,https://canodiy.es/maya-8-metalica-cerrada/7722-R+63802.html
CREMALLERAS,Pack Cremalleras Maya 3,pack-cremalleras-maya-3,PACK 5 METROS CREMALLERA AMARILLA MAYA 3 MAS 10 CURSORES C/ 105,R-66756,2.41,https://canodiy.es/pack-cremalleras-maya-3/9192-R+66756.html
CREMALLERAS,Pack Cremalleras Maya 3,pack-cremalleras-maya-3,PACK 5 METROS CREMALLERA AZUL MARINO MAYA 3 MAS 10 CURSORES C/ 219,R-66837,2.41,https://canodiy.es/pack-cremalleras-maya-3/9212-R+66837.html
CREMALLERAS,Pack Cremalleras Maya 3,pack-cremalleras-maya-3,PACK 5 METROS CREMALLERA CRUDO MAYA 3 MAS 10 CURSORES C/ 004,R-66836,2.41,https://canodiy.es/pack-cremalleras-maya-3/9211-R+66836.html
CREMALLERAS,Pack Cremalleras Maya 3,pack-cremalleras-maya-3,PACK 5 METROS CREMALLERA CRUDO MAYA 3 MAS 10 CURSORES C/ 033,R-67965,2.41,https://canodiy.es/pack-cremalleras-maya-3/9609-R+67965.html
CREMALLERAS,Pack Cremalleras Maya 3,pack-cremalleras-maya-3,PACK 5 METROS CREMALLERA CRUDO MAYA 3 MAS 10 CURSORES C/031,R-67961,2.41,https://canodiy.es/pack-cremalleras-maya-3/9608-R+67961.html
CREMALLERAS,Pack Cremalleras Maya 3,pack-cremalleras-maya-3,PACK 5 METROS CREMALLERA FUCSIA MAYA 3 MAS 10 CURSORES C/070,R-67958,2.41,https://canodiy.es/pack-cremalleras-maya-3/9604-R+67958.html
CREMALLERAS,Pack Cremalleras Maya 3,pack-cremalleras-maya-3,PACK 5 METROS CREMALLERA GRIS OSCURO MAYA 3 MAS 10 CURSORES C/ 229,R-66845,2.41,https://canodiy.es/pack-cremalleras-maya-3/9216-R+66845.html
CREMALLERAS,Pack Cremalleras Maya 3,pack-cremalleras-maya-3,PACK 5 METROS CREMALLERA MARRON MAYA 3 MAS 10 CURSORES C/ 028,R-66739,2.41,https://canodiy.es/pack-cremalleras-maya-3/9185-R+66739.html
CREMALLERAS,Pack Cremalleras Maya 3,pack-cremalleras-maya-3,PACK 5 METROS CREMALLERA MARRON MAYA 3 MAS 10 CURSORES C/ 030,R-66966,2.41,https://canodiy.es/pack-cremalleras-maya-3/9230-R+66966.html
CREMALLERAS,Pack Cremalleras Maya 3,pack-cremalleras-maya-3,PACK 5 METROS CREMALLERA MAYA 3 MAS 10 CURSORES C/ BLANCO,R-66724,2.41,https://canodiy.es/pack-cremalleras-maya-3/9177-R+66724.html
CREMALLERAS,Pack Cremalleras Maya 3,pack-cremalleras-maya-3,PACK 5 METROS CREMALLERA MAYA 3 MAS 10 CURSORES C/ BURDEOS 083,R-66785,2.41,https://canodiy.es/pack-cremalleras-maya-3/9198-R+66785.html
CREMALLERAS,Pack Cremalleras Maya 3,pack-cremalleras-maya-3,PACK 5 METROS CREMALLERA MAYA 3 MAS 10 CURSORES C/ NEGRA,R-66725,2.41,https://canodiy.es/pack-cremalleras-maya-3/9178-R+66725.html
CREMALLERAS,Pack Cremalleras Maya 3,pack-cremalleras-maya-3,PACK 5 METROS CREMALLERA MAYA 3 MAS 10 CURSORES VERDE FLÚOR C/ 253,R-67584,4.79,https://canodiy.es/pack-cremalleras-maya-3/9476-R+67584.html
CREMALLERAS,Pack Cremalleras Maya 3,pack-cremalleras-maya-3,PACK 5 METROS CREMALLERA MAYA 3 MAS 10 CURSORES VERDE KAKI C/ 172,R-66798,2.41,https://canodiy.es/pack-cremalleras-maya-3/9205-R+66798.html
CREMALLERAS,Pack Cremalleras Maya 3,pack-cremalleras-maya-3,PACK 5 METROS CREMALLERA ROJA MAYA 3 MAS 10 CURSORES C/ 090,R-66732,2.41,https://canodiy.es/pack-cremalleras-maya-3/9179-R+66732.html
CREMALLERAS,Pack Cremalleras Maya 3,pack-cremalleras-maya-3,PACK 5 METROS CREMALLERA ROSA MAYA 3 MAS 10 CURSORES C/ 052,R-66744,2.41,https://canodiy.es/pack-cremalleras-maya-3/9188-R+66744.html
CREMALLERAS,Pack Cremalleras Maya 3,pack-cremalleras-maya-3,PACK 5 METROS CREMALLERA VERDE OSCURO MAYA 3 MAS 10 CURSORES C/ 186,R-66973,2.41,https://canodiy.es/pack-cremalleras-maya-3/9235-R+66973.html
CREMALLERAS,Pack Cremalleras Maya 5,pack-cremalleras,PACK 5 METROS CREMALLERA AMARILLA FLÚOR MAS 10 CURSORES AL TONO C/252,R-67438,6.5,https://canodiy.es/pack-cremalleras/9447-R+67438.html
CREMALLERAS,Pack Cremalleras Maya 5,pack-cremalleras,PACK 5 METROS CREMALLERA AMARILLA MAS 10 CURSORES AL TONO C/112,R-66705,3.05,https://canodiy.es/pack-cremalleras/9171-R+66705.html
CREMALLERAS,Pack Cremalleras Maya 5,pack-cremalleras,PACK 5 METROS CREMALLERA AZUL CELESTE MAS 10 CURSORES AL TONO C/220,R-65778,3.05,https://canodiy.es/pack-cremalleras/8840-R+65778.html
CREMALLERAS,Pack Cremalleras Maya 5,pack-cremalleras,PACK 5 METROS CREMALLERA AZUL MAS 10 CURSORES AL TONO C/203,R-65845,3.05,https://canodiy.es/pack-cremalleras/8872-R+65845.html
CREMALLERAS,Pack Cremalleras Maya 5,pack-cremalleras,PACK 5 METROS CREMALLERA AZUL MAS 10 CURSORES AL TONO C/204,R-65827,3.05,https://canodiy.es/pack-cremalleras/8863-R+65827.html
CREMALLERAS,Pack Cremalleras Maya 5,pack-cremalleras,PACK 5 METROS CREMALLERA AZUL MAS 10 CURSORES AL TONO C/209,R-65824,3.05,https://canodiy.es/pack-cremalleras/8860-R+65824.html
CREMALLERAS,Pack Cremalleras Maya 5,pack-cremalleras,PACK 5 METROS CREMALLERA AZUL MAS 10 CURSORES AL TONO C/218,R-66703,3.05,https://canodiy.es/pack-cremalleras/9168-R+66703.html
CREMALLERAS,Pack Cremalleras Maya 5,pack-cremalleras,PACK 5 METROS CREMALLERA AZUL OSCURO MAS 10 CURSORES C/212,R-65594,3.05,https://canodiy.es/pack-cremalleras/8742-R+65594.html
CREMALLERAS,Pack Cremalleras Maya 5,pack-cremalleras,PACK 5 METROS CREMALLERA AZUL TURQUESA MAS 10 CURSORES AL TONO 192,R-65943,3.05,https://canodiy.es/pack-cremalleras/8890-R+65943.html
CREMALLERAS,Pack Cremalleras Maya 5,pack-cremalleras,PACK 5 METROS CREMALLERA AZUL TURQUESA MAS 10 CURSORES AL TONO 225,R-65938,3.05,https://canodiy.es/pack-cremalleras/8884-R+65938.html
CREMALLERAS,Pack Cremalleras Maya 5,pack-cremalleras,PACK 5 METROS CREMALLERA BEIG CLARO MAS 10 CURSORES AL TONO C/008,R-65621,3.05,https://canodiy.es/pack-cremalleras/8748-R+65621.html
CREMALLERAS,Pack Cremalleras Maya 5,pack-cremalleras,PACK 5 METROS CREMALLERA BEIGE MAS 10 CURSORES C/002,R-65721,3.05,https://canodiy.es/pack-cremalleras/8808-R+65721.html
CREMALLERAS,Pack Cremalleras Maya 5,pack-cremalleras,PACK 5 METROS CREMALLERA GRANATE MAS 10 CURSORES AL TONO C/079,R-65836,3.05,https://canodiy.es/pack-cremalleras/8866-R+65836.html
CREMALLERAS,Pack Cremalleras Maya 5,pack-cremalleras,PACK 5 METROS CREMALLERA GRIS OSCURO MAS 10 CURSORES C/229,R-65664,3.05,https://canodiy.es/pack-cremalleras/8793-R+65664.html
CREMALLERAS,Pack Cremalleras Maya 5,pack-cremalleras,PACK 5 METROS CREMALLERA LILA MAS 10 CURSORES C/149,R-65729,3.05,https://canodiy.es/pack-cremalleras/8814-R+65729.html
CREMALLERAS,Pack Cremalleras Maya 5,pack-cremalleras,PACK 5 METROS CREMALLERA LILA OSCURO MAS 10 CURSORES C/208,R-65822,3.05,https://canodiy.es/pack-cremalleras/8857-R+65822.html
CREMALLERAS,Pack Cremalleras Maya 5,pack-cremalleras,PACK 5 METROS CREMALLERA MALVA MAS 10 CURSORES C/157,R-65763,3.05,https://canodiy.es/pack-cremalleras/8829-R+65763.html
CREMALLERAS,Pack Cremalleras Maya 5,pack-cremalleras,PACK 5 METROS CREMALLERA MARRÓN MAS 10 CURSORES C/ 029,R-65661,3.05,https://canodiy.es/pack-cremalleras/8790-R+65661.html
CREMALLERAS,Pack Cremalleras Maya 5,pack-cremalleras,PACK 5 METROS CREMALLERA MARRÓN MAS 10 CURSORES C/ 074,R-65819,3.05,https://canodiy.es/pack-cremalleras/8854-R+65819.html
CREMALLERAS,Pack Cremalleras Maya 5,pack-cremalleras,PACK 5 METROS CREMALLERA MARRÓN OSCURO MAS 10 CURSORES AL TONO C/028,R-65679,3.05,https://canodiy.es/pack-cremalleras/8799-R+65679.html
CREMALLERAS,Pack Cremalleras Maya 5,pack-cremalleras,PACK 5 METROS CREMALLERA MORADA MAS 10 CURSORES AL TONO C/068,R-65802,3.05,https://canodiy.es/pack-cremalleras/8843-R+65802.html
CREMALLERAS,Pack Cremalleras Maya 5,pack-cremalleras,PACK 5 METROS CREMALLERA MORADA MAS 10 CURSORES AL TONO C/071,R-65698,3.05,https://canodiy.es/pack-cremalleras/8802-R+65698.html
CREMALLERAS,Pack Cremalleras Maya 5,pack-cremalleras,PACK 5 METROS CREMALLERA MORADA MAS 10 CURSORES AL TONO C/081,R-65804,3.05,https://canodiy.es/pack-cremalleras/8846-R+65804.html
CREMALLERAS,Pack Cremalleras Maya 5,pack-cremalleras,PACK 5 METROS CREMALLERA MORADO MAS 10 CURSORES AL TONO C/ 155,R-65755,3.05,https://canodiy.es/pack-cremalleras/8826-R+65755.html
CREMALLERAS,Pack Cremalleras Maya 5,pack-cremalleras,PACK 5 METROS CREMALLERA NARANJA MAS 10 CURSORES C/129,R-65940,3.05,https://canodiy.es/pack-cremalleras/8887-R+65940.html
CREMALLERAS,Pack Cremalleras Maya 5,pack-cremalleras,PACK 5 METROS CREMALLERA ROJA MAS 10 CURSORES AL TONO C/082,R-65766,3.05,https://canodiy.es/pack-cremalleras/8832-R+65766.html
CREMALLERAS,Pack Cremalleras Maya 5,pack-cremalleras,PACK 5 METROS CREMALLERA ROSA MAS 10 CURSORES AL TONO C/ 052,R-64182,3.05,https://canodiy.es/pack-cremalleras/7884-R+64182-9999999028922.html
CREMALLERAS,Pack Cremalleras Maya 5,pack-cremalleras,PACK 5 METROS CREMALLERA SALMÓN MAS 10 CURSORES AL TONO C/ 054,R-65732,3.05,https://canodiy.es/pack-cremalleras/8817-R+65732.html
CREMALLERAS,Pack Cremalleras Maya 5,pack-cremalleras,PACK 5 METROS CREMALLERA VERDE 10 CURSORES AL TONO C/178,R-65842,3.05,https://canodiy.es/pack-cremalleras/8869-R+65842.html
CREMALLERAS,Pack Cremalleras Maya 5,pack-cremalleras,PACK 5 METROS CREMALLERA VERDE FLÚOR MAS 10 CURSORES AL TONO C/253,R-67474,6.93,https://canodiy.es/pack-cremalleras/9470-R+67474.html
CREMALLERAS,Pack Cremalleras Maya 5,pack-cremalleras,PACK 5 METROS CREMALLERA VERDE KAKI 10 CURSORES AL TONO C/168,R-65890,3.68,https://canodiy.es/pack-cremalleras/8878-R+65890.html
CREMALLERAS,Pack Cremalleras Maya 5,pack-cremalleras,PACK 5 METROS CREMALLERA VERDE KAKI 10 CURSORES AL TONO C/196,R-65810,3.05,https://canodiy.es/pack-cremalleras/8849-R+65810.html
CREMALLERAS,Pack Cremalleras Maya 5,pack-cremalleras,PACK 5 METROS CREMALLERA VERDE KAKI MAS 10 CURSORES AL TONO C/190,R-66698,3.05,https://canodiy.es/pack-cremalleras/9165-R+66698.html
CREMALLERAS,Pack Cremalleras Maya 5,pack-cremalleras,PACK 5 METROS CREMALLERA VERDE KAKI MAS 10 CURSORES C/172,R-64913,3.05,https://canodiy.es/pack-cremalleras/8390-R+64913.html
CREMALLERAS,Pack Cremalleras Maya 5,pack-cremalleras,PACK 5 METROS CREMALLERA VERDE MAS 10 CURSORES AL TONO C/176,R-65773,3.05,https://canodiy.es/pack-cremalleras/8835-R+65773.html
CREMALLERAS,Pack Cremalleras Maya 5,pack-cremalleras,PACK 5 METROS CREMALLERA VERDE MAS 10 CURSORES AL TONO C/187,R-65615,3.05,https://canodiy.es/pack-cremalleras/8745-R+65615.html
CREMALLERAS,Pack Cremalleras Maya 5,pack-cremalleras,PACK 5 METROS CREMALLERA VERDE MAS 10 CURSORES AL TONO C/193,R-65700,3.05,https://canodiy.es/pack-cremalleras/8805-R+65700.html
CREMALLERAS,Pack Cremalleras Maya 5,pack-cremalleras,PACK 5 METROS CREMALLERA VERDE MAS 10 CURSORES AL TONO C/197,R-65639,3.05,https://canodiy.es/pack-cremalleras/8756-R+65639.html
CREMALLERAS,Pack Cremalleras Maya 5,pack-cremalleras,PACK 5 METROS CREMALLERA VERDE MAS 10 CURSORES C/ 0199,R-65912,3.05,https://canodiy.es/pack-cremalleras/8881-R+65912.html
CREMALLERAS,Pack Cremalleras Maya 5,pack-cremalleras,PACK 5 METROS CREMALLERA VERDE MENTA MAS 10 CURSORES AL TONO C/169,R-65736,3.05,https://canodiy.es/pack-cremalleras/8820-R+65736.html
CREMALLERAS,Pack Cremalleras Maya 5,pack-cremalleras,PACK 5 METROS CREMALLERA VERDE OSCURO MAS 10 CURSORES AL TONO C/189,R-65726,3.05,https://canodiy.es/pack-cremalleras/8811-R+65726.html
CREMALLERAS,Pack Cremalleras Maya 5,pack-cremalleras,PACK 5 METROS CREMALLERA VERDE OSCURO MAS 10 CURSORES C/184,R-65626,3.05,https://canodiy.es/pack-cremalleras/8751-R+65626.html
CREMALLERAS,Pack de Cremalleras,pack-de-cremalleras,PACK 5 METROS CREMALLERA ROSA FLÚOR MAS 10 CURSORES AL TONO C/251,R-67458,6.5,https://canodiy.es/pack-de-cremalleras/9466-R+67458.html
CREMALLERAS,Pack para Bolsos,pack-para-bolsos,DIY PACK AMARILLO C/273 PARA BOLSOS,R-67902,6.65,https://canodiy.es/pack-para-bolsos/9565-R+67902.html
CREMALLERAS,Pack para Bolsos,pack-para-bolsos,DIY PACK AZUL  C/606 PARA BOLSOS,R-67849,6.65,https://canodiy.es/pack-para-bolsos/9552-R+67849.html
CREMALLERAS,Pack para Bolsos,pack-para-bolsos,DIY PACK AZUL CELESTE C/265 PARA BOLSOS,R-67904,6.65,https://canodiy.es/pack-para-bolsos/9566-R+67904.html
CREMALLERAS,Pack para Bolsos,pack-para-bolsos,DIY PACK AZUL MARINO C/008 PARA BOLSOS,R-67932,6.65,https://canodiy.es/pack-para-bolsos/9583-R+67932.html
CREMALLERAS,Pack para Bolsos,pack-para-bolsos,DIY PACK BLANCO C/025 PARA BOLSOS,R-67850,6.65,https://canodiy.es/pack-para-bolsos/9553-R+67850.html
CREMALLERAS,Pack para Bolsos,pack-para-bolsos,DIY PACK BLANCO ROTO C/101 PARA BOLSOS,R-67899,6.65,https://canodiy.es/pack-para-bolsos/9563-R+67899.html
CREMALLERAS,Pack para Bolsos,pack-para-bolsos,DIY PACK GRANATE C/990 PARA BOLSOS,R-67927,6.65,https://canodiy.es/pack-para-bolsos/9578-R+67927.html
CREMALLERAS,Pack para Bolsos,pack-para-bolsos,DIY PACK GRIS C/015 PARA BOLSOS,R-67891,6.65,https://canodiy.es/pack-para-bolsos/9555-R+67891.html
CREMALLERAS,Pack para Bolsos,pack-para-bolsos,DIY PACK GRIS OSCURO C/292 PARA BOLSOS,R-67936,6.65,https://canodiy.es/pack-para-bolsos/9585-R+67936.html
CREMALLERAS,Pack para Bolsos,pack-para-bolsos,DIY PACK LILA C/262 PARA BOLSOS,R-67897,6.65,https://canodiy.es/pack-para-bolsos/9562-R+67897.html
CREMALLERAS,Pack para Bolsos,pack-para-bolsos,DIY PACK MARRON C/274 PARA BOLSOS,R-67871,6.65,https://canodiy.es/pack-para-bolsos/9554-R+67871.html
CREMALLERAS,Pack para Bolsos,pack-para-bolsos,DIY PACK MORADO C/267 PARA BOLSOS,R-67914,6.65,https://canodiy.es/pack-para-bolsos/9568-R+67914.html
CREMALLERAS,Pack para Bolsos,pack-para-bolsos,DIY PACK NARANJA C/174 PARA BOLSOS,R-67913,6.65,https://canodiy.es/pack-para-bolsos/9567-R+67913.html
CREMALLERAS,Pack para Bolsos,pack-para-bolsos,DIY PACK NEGRO C/012 PARA BOLSOS,R-67840,6.65,https://canodiy.es/pack-para-bolsos/9550-R+67840.html
CREMALLERAS,Pack para Bolsos,pack-para-bolsos,DIY PACK ROJO C/003 PARA BOLSOS,R-67842,6.65,https://canodiy.es/pack-para-bolsos/9551-R+67842.html
CREMALLERAS,Pack para Bolsos,pack-para-bolsos,DIY PACK ROSA C/155 PARA BOLSOS,R-67839,6.65,https://canodiy.es/pack-para-bolsos/9549-R+67839.html
CREMALLERAS,Pack para Bolsos,pack-para-bolsos,DIY PACK ROSA FUERTE C/143 PARA BOLSOS,R-67923,6.65,https://canodiy.es/pack-para-bolsos/9574-R+67923.html
CREMALLERAS,Pack para Bolsos,pack-para-bolsos,DIY PACK VERDE CLARO C/103 PARA BOLSOS,R-67934,6.65,https://canodiy.es/pack-para-bolsos/9584-R+67934.html
CREMALLERAS,Pack para Bolsos,pack-para-bolsos,DIY PACK VERDE MILITAR C/987 PARA BOLSOS,R-67900,6.65,https://canodiy.es/pack-para-bolsos/9564-R+67900.html
CREMALLERAS,Pack para Bolsos,pack-para-bolsos,DIY PACK VERDE OSCURO C/991 PARA BOLSOS,R-67920,6.65,https://canodiy.es/pack-para-bolsos/9570-R+67920.html
CREMALLERAS,Plástico Cerrada,plastico-cerrada,CREMALLERA YKK AMARILLO MAYA 5 - VARIOS TAMAÑOS C/844,R-51864-CSKI7-ZMS9D,0.62,https://canodiy.es/plastico-cerrada/3762-8158-R+51864+CSKI7+ZMS9D.html#/120-variante-14_cms
CREMALLERAS,Plástico Cerrada,plastico-cerrada,CREMALLERA YKK AZUL MAYA 5 - VARIOS TAMAÑOS C/302,R-51864-QSHC3-CIQ5S,0.77,https://canodiy.es/plastico-cerrada/3820-8257-R+51864+QSHC3+CIQ5S.html#/123-variante-20_cms
CREMALLERAS,Plástico Cerrada,plastico-cerrada,CREMALLERA YKK AZUL OSCURO MAYA 5 - VARIOS TAMAÑOS C/560,R-51864-8N7KV-H5HNK,0.57,https://canodiy.es/plastico-cerrada/3722-8129-R+51864+8N7KV+H5HNK.html#/119-variante-12_cms
CREMALLERAS,Plástico Cerrada,plastico-cerrada,CREMALLERA YKK BEIG MAYA 5 - 10 CMS. C/573,R-51864-F2AZW,0.52,https://canodiy.es/plastico-cerrada/3718-R+51864+F2AZW.html
CREMALLERAS,Plástico Cerrada,plastico-cerrada,CREMALLERA YKK BEIG MAYA 5 - 14 CMS C/884,R-51864-CSKI7-BKRK6,0.62,https://canodiy.es/plastico-cerrada/3743-R+51864+CSKI7+BKRK6.html
CREMALLERAS,Plástico Cerrada,plastico-cerrada,CREMALLERA YKK BEIG MAYA 5 - 16 CMS C/185,R-51864-CSKI7-ZLUAE-37NNM,0.67,https://canodiy.es/plastico-cerrada/3781-R+51864+CSKI7+ZLUAE+37NNM.html
CREMALLERAS,Plástico Cerrada,plastico-cerrada,CREMALLERA YKK BEIG MAYA 5 - 18 CMS C/235,R-51864-IZ4OZ-FF1GF,0.72,https://canodiy.es/plastico-cerrada/3798-R+51864+IZ4OZ+FF1GF.html
CREMALLERAS,Plástico Cerrada,plastico-cerrada,CREMALLERA YKK BEIG MAYA 5 - VARIOS TAMAÑOS C/334,R-51864-CSKI7-SQAQP,0.62,https://canodiy.es/plastico-cerrada/3770-8250-R+51864+CSKI7+SQAQP.html#/120-variante-14_cms
CREMALLERAS,Plástico Cerrada,plastico-cerrada,CREMALLERA YKK BEIGE NYLON-5 - VARIOS TAMAÑOS C/572,R-51864-QSHC3-LEFPR,0.68,https://canodiy.es/plastico-cerrada/3816-8056-R+51864+QSHC3+LEFPR.html#/121-variante-16_cms
CREMALLERAS,Plástico Cerrada,plastico-cerrada,CREMALLERA YKK BLANCO MAYA 5 - VARIOS TAMAÑOS C/501,R-51864-CSKI7-ZLUAE-O5J6N,0.68,https://canodiy.es/plastico-cerrada/3779-8075-R+51864+CSKI7+ZLUAE+O5J6N.html#/121-variante-16_cms
CREMALLERAS,Plástico Cerrada,plastico-cerrada,CREMALLERA YKK GRIS MAYA 5 - 16 CMS C/013,R-51864-CSKI7-ZLUAE,0.67,https://canodiy.es/plastico-cerrada/3771-R+51864+CSKI7+ZLUAE.html
CREMALLERAS,Plástico Cerrada,plastico-cerrada,CREMALLERA YKK GRIS OSCURO MAYA 5 - VARIOS TAMAÑOS C/075,R-51864-CSKI7-SAPLR,0.62,https://canodiy.es/plastico-cerrada/3766-8236-R+51864+CSKI7+SAPLR.html#/120-variante-14_cms
CREMALLERAS,Plástico Cerrada,plastico-cerrada,CREMALLERA YKK MARRON CAOBA NYLON-5 - VARIOS TEMAÑOS C/092,R-51864-CSKI7-APANU,0.62,https://canodiy.es/plastico-cerrada/3749-8082-R+51864+CSKI7+APANU.html#/120-variante-14_cms
CREMALLERAS,Plástico Cerrada,plastico-cerrada,CREMALLERA YKK MARRÓN CAMEL MAYA 5 - 20 CMS C/189,R-51864-QSHC3-8IPAC,0.78,https://canodiy.es/plastico-cerrada/3814-R+51864+QSHC3+8IPAC.html
CREMALLERAS,Plástico Cerrada,plastico-cerrada,CREMALLERA YKK MARRÓN MAYA 5 - VARIOS TAMAÑOS C/088,R-51864-CSKI7-QDXER,0.62,https://canodiy.es/plastico-cerrada/3737-8066-R+51864+CSKI7+QDXER.html#/120-variante-14_cms
CREMALLERAS,Plástico Cerrada,plastico-cerrada,CREMALLERA YKK MARRÓN MAYA 5 - VARIOS TAMAÑOS C/157,R-51864-CSKI7,0.68,https://canodiy.es/plastico-cerrada/3735-8139-R+51864+CSKI7.html#/120-variante-14_cms
CREMALLERAS,Plástico Cerrada,plastico-cerrada,CREMALLERA YKK MARRÓN MAYA 5 - VARIOS TAMAÑOS C/187,R-51864-CSKI7-ZLUAE-MINGJ,0.68,https://canodiy.es/plastico-cerrada/3777-8239-R+51864+CSKI7+ZLUAE+MINGJ.html#/121-variante-16_cms
CREMALLERAS,Plástico Cerrada,plastico-cerrada,CREMALLERA YKK MARRÓN MAYA 5 - VARIOS TAMAÑOS C/331,R-51864-QSHC3-OAYFV,0.77,https://canodiy.es/plastico-cerrada/3825-8121-R+51864+QSHC3+OAYFV.html#/123-variante-20_cms
CREMALLERAS,Plástico Cerrada,plastico-cerrada,CREMALLERA YKK MARRÓN MAYA 5 - VARIOS TAMAÑOS C/568,R-51864-CSKI7-SCRPZ,0.62,https://canodiy.es/plastico-cerrada/3758-8096-R+51864+CSKI7+SCRPZ.html#/120-variante-14_cms
CREMALLERAS,Plástico Cerrada,plastico-cerrada,CREMALLERA YKK MARRÓN MAYA 5 - VARIOS TAMAÑOS C/570,R-51864,0.52,https://canodiy.es/plastico-cerrada/3716-8194-R+51864.html#/118-variante-10_cms
CREMALLERAS,Plástico Cerrada,plastico-cerrada,CREMALLERA YKK MARRÓN MAYA 5 - VARIOS TAMAÑOS C/810,R-51864-CSKI7-ZLUAE-K0QX3,0.68,https://canodiy.es/plastico-cerrada/3789-8605-R+51864+CSKI7+ZLUAE+K0QX3.html#/121-variante-16_cms
CREMALLERAS,Plástico Cerrada,plastico-cerrada,CREMALLERA YKK MARRÓN MAYA 5 - VARIOS TAMAÑOS C/900,R-51864-CSKI7-ZUUQU,0.62,https://canodiy.es/plastico-cerrada/3750-8151-R+51864+CSKI7+ZUUQU.html#/120-variante-14_cms
CREMALLERAS,Plástico Cerrada,plastico-cerrada,CREMALLERA YKK MARRÓN MAYA 5 - VARIOS TAMAÑOS C/917,R-51864-8N7KV,0.57,https://canodiy.es/plastico-cerrada/3720-8166-R+51864+8N7KV.html#/119-variante-12_cms
CREMALLERAS,Plástico Cerrada,plastico-cerrada,CREMALLERA YKK MARRÓN MAYA 5- VARIOS TAMAÑOS  C/141,R-51864-CSKI7-PLL8N,0.62,https://canodiy.es/plastico-cerrada/3753-8131-R+51864+CSKI7+PLL8N.html#/120-variante-14_cms
CREMALLERAS,Plástico Cerrada,plastico-cerrada,CREMALLERA YKK MARRÓN NYLON-5 - VARIOS TAMAÑOS C/161,R-51864-8N7KV-HYV6I,0.57,https://canodiy.es/plastico-cerrada/3724-9703-R+51864+8N7KV+HYV6I.html#/119-variante-12_cms
CREMALLERAS,Plástico Cerrada,plastico-cerrada,CREMALLERA YKK MARRÓN OSCURO MAYA 5 - VARIOS TAMAÑOS C/916,R-51864-8N7KV-Q3DKY,0.54,https://canodiy.es/plastico-cerrada/3728-2002-R+51864+8N7KV+Q3DKY.html#/84-variante-12_cms
CREMALLERAS,Plástico Cerrada,plastico-cerrada,CREMALLERA YKK MORADO MAYA 5 - VARIOS TAMAÑOS C/867,R-51864-CSKI7-SKJPA,0.62,https://canodiy.es/plastico-cerrada/3739-8218-R+51864+CSKI7+SKJPA.html#/139-variante-14cms
CREMALLERAS,Plástico Cerrada,plastico-cerrada,CREMALLERA YKK NEGRA MAYA 5 - VARIOS TAMAÑOS C/580,R-51864-IZ4OZ,0.73,https://canodiy.es/plastico-cerrada/3796-8591-R+51864+IZ4OZ.html#/122-variante-18_cms
CREMALLERAS,Plástico Cerrada,plastico-cerrada,CREMALLERA YKK ROJO BURDEOS MAYA 5 - VARIOS TAMAÑOS C/864,R-51864-CSKI7-9KKZR,0.62,https://canodiy.es/plastico-cerrada/3768-8026-R+51864+CSKI7+9KKZR.html#/120-variante-14_cms
CREMALLERAS,Plástico Cerrada,plastico-cerrada,CREMALLERA YKK ROSA FUCSIA NYLON-5 - VARIOS TAMAÑOS C/299,R-51864-8N7KV-U10ZH,0.57,https://canodiy.es/plastico-cerrada/3730-8071-R+51864+8N7KV+U10ZH.html#/119-variante-12_cms
CREMALLERAS,Plástico Cerrada,plastico-cerrada,CREMALLERA YKK ROSA SALMÓN MAYA 5 - VARIOS TAMAÑOS C/813,R-51864-CSKI7-MO9PQ,0.62,https://canodiy.es/plastico-cerrada/3764-8248-R+51864+CSKI7+MO9PQ.html#/120-variante-14_cms
CREMALLERAS,Plástico Cerrada,plastico-cerrada,CREMALLERA YKK VERDE KAKI MAYA 5 - VEARIOS TAMAÑOS C/564,R-51864-CSKI7-ZLUAE-F7FOS,0.68,https://canodiy.es/plastico-cerrada/3783-8213-R+51864+CSKI7+ZLUAE+F7FOS.html#/121-variante-16_cms
CREMALLERAS,Plástico Cerrada,plastico-cerrada,CREMALLERA YKK VERDE MAYA 5 - VARIOS TAMAÑOS C/565,R-51864-DSEVI-0BS4T,0.82,https://canodiy.es/plastico-cerrada/3841-8231-R+51864+DSEVI+0BS4T.html#/124-variante-22_cms
ELASTICOS,ELÁSTICOS,elasticos,ELÁSTICO POR METROS BLANCO 13339 10MM,R-25468,0.34,https://canodiy.es/elasticos/5321-R+25468-9999999003127.html
ELASTICOS,ELÁSTICOS,elasticos,ELÁSTICO POR METROS NEGRO 13339 20MM,R-12401,0.57,https://canodiy.es/elasticos/6960-R+12401-9999999002878.html
ELASTICOS,ELÁSTICOS,elasticos,ELÁSTICO POR METROS NEGRO 13339 25MM,R-40261,0.66,https://canodiy.es/elasticos/7287-R+40261-9999999012631.html
ELASTICOS,ELÁSTICOS,elasticos,ELÁSTICO POR METROS NEGRO 13339 30MM,R-11837,0.75,https://canodiy.es/elasticos/6389-R+11837-9999999011511.html
ELASTICOS,ELÁSTICOS,elasticos,GOMA ELÁSTICA DE 8MM. C/ BLANCO,R-5215,6.85,https://canodiy.es/elasticos/9441-R+5215-9999999027420.html
ELASTICOS,ELÁSTICOS,elasticos,MTS. ELASTICO DOBLE CARA SATIN 10MM. C/ NEGRO,R-56189,0.55,https://canodiy.es/elasticos/5540-R+56189-9999999013720.html
ELASTICOS,ELÁSTICOS,elasticos,MTS. ELÁSTICO OJAL 15MM. C/BLANCO,R-42704,0.33,https://canodiy.es/elasticos/5188-R+42704.html
ELASTICOS,ELÁSTICOS,elasticos,MTS. ELÁSTICO OJAL 15MM. C/NEGRO,R-42703,0.32,https://canodiy.es/elasticos/5187-R+42703.html
ELASTICOS,ELÁSTICOS,elasticos,MTS. ELÁSTICO OJAL 20MM. C/BLANCO,R-42707,0.36,https://canodiy.es/elasticos/5190-R+42707-9999999010088.html
ELASTICOS,ELÁSTICOS,elasticos,MTS. ELÁSTICO OJAL 20MM. C/NEGRO,R-42705,0.41,https://canodiy.es/elasticos/5189-R+42705-9999999010095.html
ELASTICOS,ELÁSTICOS,elasticos,MTS. TRENZA ELÁSTICA 8MM. BLANCO,R-54703,0.15,https://canodiy.es/elasticos/5218-R+54703-9999999013713.html
EMBALAJE Y ALMACEN,Bolsas,bolsas,BOLSA 60X100CMS G500,R-1375,0.85,https://canodiy.es/bolsas/1072-R+1375.html
EMBALAJE Y ALMACEN,Bolsas,bolsas,BOLSAS 60X80CMS G400,R-920,0.64,https://canodiy.es/bolsas/1071-R+920.html
EMBALAJE Y ALMACEN,Bolsas,bolsas,BOLSAS 67X160 G500 COLECTOR,R-965,1.75,https://canodiy.es/bolsas/1073-R+965.html
EMBALAJE Y ALMACEN,Bolsas,bolsas,PAQUETE DE 100 BOLSAS 10X15CMS G200 AUTOCIERRE,R-43919,3.94,https://canodiy.es/bolsas/1086-R+43919.html
EMBALAJE Y ALMACEN,Bolsas,bolsas,PAQUETE DE 100 BOLSAS 16X22CMS G200 AUTOCIERRE,R-43920,5.43,https://canodiy.es/bolsas/1087-R+43920.html
EMBALAJE Y ALMACEN,Bolsas,bolsas,PAQUETE DE 100 BOLSAS 30X40CMS G300,R-43908,18.04,https://canodiy.es/bolsas/1078-R+43908.html
EMBALAJE Y ALMACEN,Bolsas,bolsas,PAQUETE DE 100 BOLSAS 40X50CMS G100 PERFORADAS,R-43912,7.03,https://canodiy.es/bolsas/1080-R+43912.html
EMBALAJE Y ALMACEN,Bolsas,bolsas,PAQUETE DE 100 BOLSAS 40X60CMS G100 PERFORADAS,R-43911,10.1,https://canodiy.es/bolsas/1079-R+43911.html
EMBALAJE Y ALMACEN,Bolsas,bolsas,PAQUETE DE 100 BOLSAS 40X60CMS G300,R-43899,23.18,https://canodiy.es/bolsas/1075-R+43899.html
EMBALAJE Y ALMACEN,Bolsas,bolsas,PAQUETE DE 100 BOLSAS 6X8CMS G200 AUTOCIERRE,R-43918,1.88,https://canodiy.es/bolsas/1085-R+43918.html
EMBALAJE Y ALMACEN,Bolsas,bolsas,PAQUETE DE 250 BOLSAS 18X35CMS G100 PERFORADAS,R-43917,7.39,https://canodiy.es/bolsas/1084-R+43917.html
EMBALAJE Y ALMACEN,Bolsas,bolsas,PAQUETE DE 50 BOLSAS 30X60CMS G300,R-43906,7.18,https://canodiy.es/bolsas/1076-R+43906.html
EMBALAJE Y ALMACEN,Bolsas,bolsas,PAQUETE DE 50 BOLSAS 45X70CMS G300,R-43859,17.58,https://canodiy.es/bolsas/1056-R+43859.html
EMBALAJE Y ALMACEN,Bolsas,bolsas,PAQUETE DE 500 BOLSAS 15X20CMS G100,R-43913,7.87,https://canodiy.es/bolsas/1081-R+43913.html
EMBALAJE Y ALMACEN,Bolsas,bolsas,PAQUETE DE 500 BOLSAS 25X40CMS G100 PERFORADAS,R-43915,22.27,https://canodiy.es/bolsas/1082-R+43915.html
EMBALAJE Y ALMACEN,Bolsas,bolsas,PAQUETE DE 500 BOLSAS 35X40CMS G100 PERFORADAS,R-43916,29.18,https://canodiy.es/bolsas/1083-R+43916.html
EMBALAJE Y ALMACEN,Canastas y Cubetas,canastas-y-cubetas,CUBETA O CANASTA PLASTICO MOD. AC,R-1195,12.83,https://canodiy.es/canastas-y-cubetas/100-R+1195.html
EMBALAJE Y ALMACEN,Canastas y Cubetas,canastas-y-cubetas,CUBETA O CANASTA PLASTICO MOD. FC,R-5092,43.65,https://canodiy.es/canastas-y-cubetas/104-R+5092.html
EMBALAJE Y ALMACEN,Canastas y Cubetas,canastas-y-cubetas,CUBETA O CANASTA PLASTICO MOD. JC,R-1202,17.77,https://canodiy.es/canastas-y-cubetas/101-R+1202.html
EMBALAJE Y ALMACEN,Canastas y Cubetas,canastas-y-cubetas,CUBETA O CANASTA PLASTICO MOD. NC,R-1210,34.38,https://canodiy.es/canastas-y-cubetas/102-R+1210.html
EMBALAJE Y ALMACEN,Canastas y Cubetas,canastas-y-cubetas,CUBETA O CANASTA PLASTICO MOD. SC,R-2001,12.71,https://canodiy.es/canastas-y-cubetas/103-R+2001.html
EMBALAJE Y ALMACEN,Canastas y Cubetas,canastas-y-cubetas,CUBETA PLASTICO GRIS MOD. OSCAR 30L,R-15883,12.45,https://canodiy.es/canastas-y-cubetas/99-R+15883.html
EMBALAJE Y ALMACEN,Canastas y Cubetas,canastas-y-cubetas,CUBETA UNIVERSAL 50 L. AZUL,R-20548,9.85,https://canodiy.es/canastas-y-cubetas/106-R+20548.html
EMBALAJE Y ALMACEN,Canastas y Cubetas,canastas-y-cubetas,CUBETAS UNIVERSAL 70 L. AZUL,R-20511,15.5,https://canodiy.es/canastas-y-cubetas/105-R+20511.html
EMBALAJE Y ALMACEN,Carretes,carretes,CARRETES CARTON 120 X 100 MM.,R-181,0.65,https://canodiy.es/carretes/1240-R+181.html
EMBALAJE Y ALMACEN,Carretes,carretes,CARRETES CARTON 120 X 125 MM.,R-182,0.65,https://canodiy.es/carretes/1241-R+182.html
EMBALAJE Y ALMACEN,Carretes,carretes,CARRETES CARTON 120 X 150 MM.,R-183,0.67,https://canodiy.es/carretes/1242-R+183.html
EMBALAJE Y ALMACEN,Carretes,carretes,CARRETES CARTON 120 X 175 MM.,R-184,0.67,https://canodiy.es/carretes/1243-R+184.html
EMBALAJE Y ALMACEN,Carretes,carretes,CARRETES CARTON 150 X 150 MM.,R-338,0.74,https://canodiy.es/carretes/1244-R+338.html
EMBALAJE Y ALMACEN,Carretes,carretes,CARRETES CARTON 150 X 175 MM.,R-339,0.91,https://canodiy.es/carretes/2730-R+339.html
EMBALAJE Y ALMACEN,Carretes,carretes,CARRETES CARTON 75 X 100 MM.,R-1108,0.55,https://canodiy.es/carretes/1245-R+1108.html
EMBALAJE Y ALMACEN,Carretes,carretes,CARRETES CARTON 75 X 75 MM.,R-1109,0.53,https://canodiy.es/carretes/1246-R+1109.html
EMBALAJE Y ALMACEN,Carretes,carretes,CARRETES CARTON 90 X 100 MM.,R-1216,0.57,https://canodiy.es/carretes/1247-R+1216.html
EMBALAJE Y ALMACEN,Carretes,carretes,CARRETES CARTON 90 X 175 MM.,R-25140,0.61,https://canodiy.es/carretes/1248-R+25140.html
EMBALAJE Y ALMACEN,EMBALAJE Y ALMACÉN,embalaje-y-almacen,BOBINA (700GRS.) CORDEL SISAL PITA REF. 450/2 CABOS,R-1026,8.8,https://canodiy.es/embalaje-y-almacen/1310-R+1026.html
EMBALAJE Y ALMACEN,EMBALAJE Y ALMACÉN,embalaje-y-almacen,PAQUETE DE 2500 UNIDADES DE SILICA GEL EMBALAJE 1GR.,R-61697,39.77,https://canodiy.es/embalaje-y-almacen/7122-R+61697.html
EMBALAJE Y ALMACEN,EMBALAJE Y ALMACÉN,embalaje-y-almacen,PORTAROLLOS CELO 33MM. DMM0049 NEGRO,R-19426,4.27,https://canodiy.es/embalaje-y-almacen/1687-R+19426-8436575641355.html
EMBALAJE Y ALMACEN,EMBALAJE Y ALMACÉN,embalaje-y-almacen,ROLLO CELO 33X19MM. TRANSPARENTE,R-8308,2.21,https://canodiy.es/embalaje-y-almacen/6283-R+8308-8410782111030.html
EMBALAJE Y ALMACEN,Gomas,gomas,GOMAS DE ATAR 100 X 2MM,R-1030,11.45,https://canodiy.es/gomas/739-R+1030-9999999006876.html
EMBALAJE Y ALMACEN,Gomas,gomas,GOMAS DE ATAR 100X3MM,R-3019,11.45,https://canodiy.es/gomas/746-R+3019.html
EMBALAJE Y ALMACEN,Gomas,gomas,GOMAS DE ATAR 120 X 2MM.,R-43192,11.45,https://canodiy.es/gomas/6446-R+43192-9999999007682.html
EMBALAJE Y ALMACEN,Gomas,gomas,GOMAS DE ATAR 120X4MM,R-2580,11.45,https://canodiy.es/gomas/744-R+2580-9999999007699.html
EMBALAJE Y ALMACEN,Gomas,gomas,GOMAS DE ATAR 40 X 1MM,R-562,11.45,https://canodiy.es/gomas/738-R+562.html
EMBALAJE Y ALMACEN,Gomas,gomas,GOMAS DE ATAR 50 X 5MM,R-1035,11.45,https://canodiy.es/gomas/743-R+1035.html
EMBALAJE Y ALMACEN,Gomas,gomas,"GOMAS DE ATAR 60 X 1,5MM",R-2037,11.45,https://canodiy.es/gomas/748-R+2037.html
EMBALAJE Y ALMACEN,Gomas,gomas,GOMAS DE ATAR 60 X 4MM,R-623,11.45,https://canodiy.es/gomas/745-R+623.html
EMBALAJE Y ALMACEN,Gomas,gomas,"GOMAS DE ATAR 70 X 1,5MM",R-2038,11.45,https://canodiy.es/gomas/742-R+2038.html
EMBALAJE Y ALMACEN,Gomas,gomas,GOMAS DE ATAR 80 X 2MM,R-1031,11.45,https://canodiy.es/gomas/741-R+1031-9999999006883.html
EMBALAJE Y ALMACEN,Gomas,gomas,GOMAS DE ATAR 90 X 4MM,R-17886,11.45,https://canodiy.es/gomas/747-R+17886.html
EMBALAJE Y ALMACEN,Gomas,gomas,"GOMAS DE ATAR DE 90 X 1,5MM",R-2039,11.45,https://canodiy.es/gomas/740-R+2039-9999999006890.html
EMBALAJE Y ALMACEN,Guantes,guantes,CAJA GUANTES NITRILO 100 UNIDADES TALLA L (LIQUIDACIÓN),R-6649,4.16,https://canodiy.es/guantes/1120-R+6649.html
EMBALAJE Y ALMACEN,Guantes,guantes,CAJA GUANTES NITRILO 100 UNIDADES TALLA M,R-6648,8.32,https://canodiy.es/guantes/1252-R+6648-9999999025051.html
EMBALAJE Y ALMACEN,Guantes,guantes,CAJA GUANTES NITRILO 100 UNIDADES TALLA XL (LIQUIDACIÓN),R-43672,4.16,https://canodiy.es/guantes/6301-R+43672.html
EMBALAJE Y ALMACEN,Guantes,guantes,CAJA GUANTES NITRILO AZUL 200 UNIDADES TALLA S,R-66866,16.64,https://canodiy.es/guantes/9276-R+66866.html
EMBALAJE Y ALMACEN,Guantes,guantes,CAJA GUANTES NITRILO NEGRO 100 UNIDADES TALLA L,R-66468,8.32,https://canodiy.es/guantes/9277-R+66468.html
EMBALAJE Y ALMACEN,Guantes,guantes,GUANTES ATG MAXIFLEX MOD. AD-APT 42-874 TALLA 9L,R-43998,12.2,https://canodiy.es/guantes/1147-R+43998-8428805005228.html
EMBALAJE Y ALMACEN,Guantes,guantes,GUANTES DE GOMA NEGRO TALLA 10 XL,R-44044,1.23,https://canodiy.es/guantes/1228-R+44044-9999999022791.html
EMBALAJE Y ALMACEN,Guantes,guantes,GUANTES DE GOMA NEGRO TALLA 8 MEDIANOS,R-44043,1.23,https://canodiy.es/guantes/1229-R+44043-9999999022807.html
EMBALAJE Y ALMACEN,Guantes,guantes,PACK DE 100 CUBRE MANGAS DE POLIETILENO,R-43997,5.68,https://canodiy.es/guantes/1118-R+43997.html
EMBALAJE Y ALMACEN,Guantes,guantes,PAR DE GUANTES NITRI-FIT GRIS NYLON T-9,R-21174,1.74,https://canodiy.es/guantes/1121-R+21174.html
EMBALAJE Y ALMACEN,Guantes,guantes,PAR DE GUANTES SERRAJE 7104,R-22561,7.93,https://canodiy.es/guantes/1122-R+22561-9999999022814.html
EMBALAJE Y ALMACEN,Guantes,guantes,PARES GUANTES ATG MAXITHERM MODELO 30-201 T/XL,R-41622,13.9,https://canodiy.es/guantes/1123-R+41622-9999999022777.html
EMBALAJE Y ALMACEN,Guantes,guantes,PARES GUANTES DE GOMA ROSA TALLA 9 GRANDE,R-261,1.23,https://canodiy.es/guantes/1231-R+261-8410752123001.html
EMBALAJE Y ALMACEN,Pernitos,pernitos,PAR DE PERNITOS DE MADERA 37-38,R-46779,55.56,https://canodiy.es/pernitos/2231-R+46779.html
EMBALAJE Y ALMACEN,Pernitos,pernitos,PAR DE PERNITOS DE MADERA 39-40,R-46780,55.56,https://canodiy.es/pernitos/2232-R+46780.html
EMBALAJE Y ALMACEN,Pernitos,pernitos,PAR DE PERNITOS DE MADERA 43-44,R-46782,55.56,https://canodiy.es/pernitos/2234-R+46782-9999999000553.html
EMBALAJE Y ALMACEN,Pernitos,pernitos,PAR DE PERNITOS DE MADERA 45-46,R-46783,55.56,https://canodiy.es/pernitos/2235-R+46783-9999999000560.html
EMBALAJE Y ALMACEN,Pernitos,pernitos,PAR DE PERNITOS MADERA 41-42,R-46781,55.56,https://canodiy.es/pernitos/2233-R+46781-9999999000546.html
EMBALAJE Y ALMACEN,Pernitos,pernitos,PAR DE PERNITOS UNIVERSAL DE PLÁSTICO NEGRO,R-46784,6.37,https://canodiy.es/pernitos/2230-R+46784-9999999010699.html
EMBALAJE Y ALMACEN,Pernitos,pernitos,PERNITO METACRILATO PARA SANDALIA TRANSPARENTE,R-46785,1.08,https://canodiy.es/pernitos/2229-R+46785-9999999005572.html
EMBALAJE Y ALMACEN,Pistola y Navetes,pistola-y-navetes,AGUJA DE ETIQUETAR NEVETES FINOS CABEZA PLASTICO,R-1362,1.96,https://canodiy.es/pistola-y-navetes/1465-R+1362-5014703007650.html
EMBALAJE Y ALMACEN,Pistola y Navetes,pistola-y-navetes,AGUJA DE ETIQUETAR STANDARD SUJECIÓN PLASTICO,R-3386,2.03,https://canodiy.es/pistola-y-navetes/1462-R+3386.html
EMBALAJE Y ALMACEN,Pistola y Navetes,pistola-y-navetes,AGUJA MÉTALICA ETIQUETAR PARA NEVETES STANDARD FSR-05013,R-3387,8.89,https://canodiy.es/pistola-y-navetes/1463-R+3387-5014702013980.html
EMBALAJE Y ALMACEN,Pistola y Navetes,pistola-y-navetes,AGUJAS PARA PISTOLA DE ENCORDAR 10776,R-15304,85.86,https://canodiy.es/pistola-y-navetes/1466-R+15304.html
EMBALAJE Y ALMACEN,Pistola y Navetes,pistola-y-navetes,HILO DE ETIQUETAR NAVETES 25MM. FINOS BLANCOS,R-599,16.15,https://canodiy.es/pistola-y-navetes/1483-R+599.html
EMBALAJE Y ALMACEN,Pistola y Navetes,pistola-y-navetes,HILOS DE ETIQUETAR NAVETES 20MM  NYLON NEGROS,R-596,10.01,https://canodiy.es/pistola-y-navetes/1481-R+596.html
EMBALAJE Y ALMACEN,Pistola y Navetes,pistola-y-navetes,HILOS DE ETIQUETAR NAVETES 25MM. STANDARD NYLON BLANCOS,R-7463,10.01,https://canodiy.es/pistola-y-navetes/1490-R+7463.html
EMBALAJE Y ALMACEN,Pistola y Navetes,pistola-y-navetes,HILOS DE ETIQUETAR NAVETES 5MM. FINOS BLANCOS,R-28626,17.79,https://canodiy.es/pistola-y-navetes/1492-R+28626.html
EMBALAJE Y ALMACEN,Pistola y Navetes,pistola-y-navetes,HILOS ETIQUETAR DE NAVETES 40MM. STANDARD NYLON BLANCOS,R-17281,10.01,https://canodiy.es/pistola-y-navetes/1477-R+17281.html
EMBALAJE Y ALMACEN,Pistola y Navetes,pistola-y-navetes,HILOS ETIQUETAR MANUAL  125MM. NEGROS,R-598,25.35,https://canodiy.es/pistola-y-navetes/1489-R+598.html
EMBALAJE Y ALMACEN,Pistola y Navetes,pistola-y-navetes,HILOS ETIQUETAR MANUAL  225MM. BLANCOS,R-4142,19.35,https://canodiy.es/pistola-y-navetes/1487-R+4142.html
EMBALAJE Y ALMACEN,Pistola y Navetes,pistola-y-navetes,HILOS ETIQUETAR MANUAL  75MM. BLANCOS,R-3483,17.34,https://canodiy.es/pistola-y-navetes/1488-R+3483.html
EMBALAJE Y ALMACEN,Pistola y Navetes,pistola-y-navetes,HILOS ETIQUETAR MANUAL 125MM. BLANCOS,R-108,18.28,https://canodiy.es/pistola-y-navetes/1475-R+108.html
EMBALAJE Y ALMACEN,Pistola y Navetes,pistola-y-navetes,NAVETES 28MM EHD DIAM. 50 REF. 10760-0,R-14570,20.48,https://canodiy.es/pistola-y-navetes/1472-R+14570.html
EMBALAJE Y ALMACEN,Pistola y Navetes,pistola-y-navetes,NAVETES 34MM EHD DIAM. 50 REF. 10762-0,R-2651,20.48,https://canodiy.es/pistola-y-navetes/1470-R+2651.html
EMBALAJE Y ALMACEN,Pistola y Navetes,pistola-y-navetes,NAVETES 37MM EHD DIAM. 50 REF. 10763-0,R-9991,20.48,https://canodiy.es/pistola-y-navetes/1474-R+9991.html
EMBALAJE Y ALMACEN,Pistola y Navetes,pistola-y-navetes,NAVETES 40MM EHD DIAM. 50 REF. 10764-0,R-4157,20.48,https://canodiy.es/pistola-y-navetes/1471-R+4157.html
EMBALAJE Y ALMACEN,Pistola y Navetes,pistola-y-navetes,NAVETES 43MM EHD DIAM. 50 REF. 10765-0,R-35579,20.48,https://canodiy.es/pistola-y-navetes/1469-R+35579.html
EMBALAJE Y ALMACEN,Pistola y Navetes,pistola-y-navetes,NAVETES 46MM EHD DIAM. 50 REF. 10766-0,R-27803,20.48,https://canodiy.es/pistola-y-navetes/1467-R+27803.html
EMBALAJE Y ALMACEN,Pistola y Navetes,pistola-y-navetes,NAVETES 58 MM EHD DIAM. 50 REF. 10770-0,R-40166,20.48,https://canodiy.es/pistola-y-navetes/1468-R+40166.html
EMBALAJE Y ALMACEN,Pistola y Navetes,pistola-y-navetes,NAVETES 65MM. STANDARD NYLON BLANCOS,R-3252,10.01,https://canodiy.es/pistola-y-navetes/1476-R+3252.html
EMBALAJE Y ALMACEN,Pistola y Navetes,pistola-y-navetes,PISTOLA ENCORDAR AVERY V TOOL FSR-10778-0,R-24240,80.18,https://canodiy.es/pistola-y-navetes/1459-R+24240.html
EMBALAJE Y ALMACEN,Pistola y Navetes,pistola-y-navetes,PISTOLA ETIQUETAR NAVETES FINOS FSR-10678-2,R-28628,19.98,https://canodiy.es/pistola-y-navetes/1458-R+28628.html
EMBALAJE Y ALMACEN,Pistola y Navetes,pistola-y-navetes,PISTOLA ETIQUETAR NAVETES STANDARD 10651,R-602,19.98,https://canodiy.es/pistola-y-navetes/1461-R+602.html
EMBALAJE Y ALMACEN,Precintos y Flim,precintos-y-flim,DISPENSADOR MANUAL DE FILM,R-47652,10.01,https://canodiy.es/precintos-y-flim/7022-R+47652.html
EMBALAJE Y ALMACEN,Precintos y Flim,precintos-y-flim,MÁQUINA DE PRECINTAR 50MM.,R-56148,12.67,https://canodiy.es/precintos-y-flim/7021-R+56148-8010758005648.html
EMBALAJE Y ALMACEN,Precintos y Flim,precintos-y-flim,MÁQUINA DE PRECINTAR 75 MM.,R-513,24.81,https://canodiy.es/precintos-y-flim/363-R+513-9999999001697.html
EMBALAJE Y ALMACEN,Precintos y Flim,precintos-y-flim,ROLLO DE PRECINTO 126 X 50MM ACRILICO BLANCO,R-4011,2.39,https://canodiy.es/precintos-y-flim/354-R+4011.html
EMBALAJE Y ALMACEN,Precintos y Flim,precintos-y-flim,ROLLO DE PRECINTO 126 X 50MM ACRILICO TRANSPARENTE,R-161,1.87,https://canodiy.es/precintos-y-flim/358-R+161.html
EMBALAJE Y ALMACEN,Precintos y Flim,precintos-y-flim,ROLLO DE PRECINTO 126 X 50MM. ACRILICO MARRÓN,R-1104,1.87,https://canodiy.es/precintos-y-flim/356-R+1104-9999999007026.html
EMBALAJE Y ALMACEN,Precintos y Flim,precintos-y-flim,ROLLO DE PRECINTO 126 X 75MM ACRILICO BLANCO,R-10597,2.16,https://canodiy.es/precintos-y-flim/355-R+10597-9999999007477.html
EMBALAJE Y ALMACEN,Precintos y Flim,precintos-y-flim,ROLLO DE PRECINTO 126 X 75MM ACRILICO MARRÓN HABANA,R-7196,2.16,https://canodiy.es/precintos-y-flim/357-R+7196-9999999007019.html
EMBALAJE Y ALMACEN,Precintos y Flim,precintos-y-flim,ROLLO DE PRECINTO 132 X 75MM ACRILICO TRANSPARENTE,R-59369,2.67,https://canodiy.es/precintos-y-flim/6725-R+59369-9999999019869.html
EMBALAJE Y ALMACEN,Precintos y Flim,precintos-y-flim,ROLLO FILM DE PALETIZAR NEGRO,R-31904,9.94,https://canodiy.es/precintos-y-flim/6297-R+31904.html
EMBALAJE Y ALMACEN,Precintos y Flim,precintos-y-flim,ROLLO FILM DE PALETIZAR TRANSPARENTE,R-2102,9.54,https://canodiy.es/precintos-y-flim/362-R+2102-9999999010644.html
EMBALAJE Y ALMACEN,Precintos y Flim,precintos-y-flim,ROLLO PRECINTO BLANCO 120X48MM. SOLVENTE,R-52199,3.47,https://canodiy.es/precintos-y-flim/7034-R+52199.html
EMBALAJE Y ALMACEN,Precintos y Flim,precintos-y-flim,ROLLO PRECINTO MARRÓN 126X72MM. SOLVENTE,R-60953,3.75,https://canodiy.es/precintos-y-flim/7036-R+60953.html
EMBALAJE Y ALMACEN,Precintos y Flim,precintos-y-flim,ROLLO PRECINTO TRANSPARENTE 126X48MM. SOLVENTE,R-60951,2.5,https://canodiy.es/precintos-y-flim/7033-R+60951.html
EMBALAJE Y ALMACEN,Precintos y Flim,precintos-y-flim,ROLLO PRECINTO TRANSPARENTE 126X72MM. SOLVENTE,R-60952,3.75,https://canodiy.es/precintos-y-flim/7035-R+60952.html
EMBALAJE Y ALMACEN,Recipientes,recipientes,ACEITERA VACIA PARA RELLENAR,R-11672,3.38,https://canodiy.es/recipientes/39-R+11672-9999999001123.html
EMBALAJE Y ALMACEN,Recipientes,recipientes,BOTELLA 250 ML. AGRO HOMOLOGADA ADR R50+TAPON BLANCO,R-36653,1.04,https://canodiy.es/recipientes/1455-R+36653.html
EMBALAJE Y ALMACEN,Recipientes,recipientes,BOTELLA TRANSPARENTE 60 ML TAPÓN BLANCO CON PRECINTO,R-43228,0.57,https://canodiy.es/recipientes/8363-R+43228.html
EMBALAJE Y ALMACEN,Recipientes,recipientes,BOTELLAS 1L AGRO BLANCA R50 TAPON BLANCO,r-12599,1.41,https://canodiy.es/recipientes/1456-r+12599.html
EMBALAJE Y ALMACEN,Recipientes,recipientes,ENVASE 5000 C.C. PLASTICO,R-18910,2.44,https://canodiy.es/recipientes/1452-R+18910.html
EMBALAJE Y ALMACEN,Recipientes,recipientes,ENVASES DE 10.000 CC. NATURAL TAPON  VERDE,R-15523,4.37,https://canodiy.es/recipientes/1453-R+15523.html
EMBALAJE Y ALMACEN,Recipientes,recipientes,"TARRINA VACIA CON ROSCA 0,10 L. PARA RELLENAR",r-8163,0.44,https://canodiy.es/recipientes/1454-r+8163.html
EMBALAJE Y ALMACEN,Recipientes,recipientes,TARRO VACIO CON ROSCA PARA RELLENAR 1 KILO.,R-4755,1.51,https://canodiy.es/recipientes/1457-R+4755.html
EPI / PROTECCION,Filtros Mascarillas,filtros-mascarillas,FILTRO MASCARILLA 87 A1+B1+E1,R-30436,22.58,https://canodiy.es/filtros-mascarillas/1201-R+30436-9999999022548.html
EPI / PROTECCION,Gafas,gafas,GAFAS DE PROTECCION DE POLICARBONATO REF.3100,R-4150,11.94,https://canodiy.es/gafas/1116-R+4150-8430877020115.html
EPI / PROTECCION,Mascarillas,mascarillas,MASCARILLA PROTECTORA 57 CON 2 FILTROS A1+B1+E1,R-35449,77.83,https://canodiy.es/mascarillas/1115-R+35449.html
EPI / PROTECCION,Mascarillas,mascarillas,MASCARILLA PROTECTORA 59 CON 2 FILTROS A1+B1+E1+K1,R-28779,73.04,https://canodiy.es/mascarillas/1114-R+28779-8425232974356.html
EPI / PROTECCION,Mascarillas,mascarillas,MASCARILLA PROTECTORA TELA 8710,R-058,1.02,https://canodiy.es/mascarillas/1249-R+058-9999999022715.html
EPI / PROTECCION,Mascarillas,mascarillas,MASCARILLAS PROTECTORAS AUTOMONTABLES,R-42575,0.8,https://canodiy.es/mascarillas/1125-R+42575-9999999022722.html
EPI / PROTECCION,Mascarillas,mascarillas,MTS. ELASTICO PARA MASCARILLA 3MM. C/ 091 BLANCO,R-42646,0.02,https://canodiy.es/mascarillas/3318-R+42646-8428051216027.html
EPI / PROTECCION,Mascarillas,mascarillas,MTS. ELASTICO PARA MASCARILLA 3MM. C/ 092 NEGRO,R-42684,0.11,https://canodiy.es/mascarillas/3319-R+42684-8428051216058.html
EPI / PROTECCION,Mascarillas,mascarillas,PACK DE 50 AJUSTADOR CILÍNDRICO PARA ELÁSTICO DE MASCARILLA BLANCA,R-47530,0.52,https://canodiy.es/mascarillas/2225-R+47530.html
EPI / PROTECCION,Mascarillas,mascarillas,PACK DE 50 AJUSTADOR CILÍNDRICO PARA ELÁSTICO DE MASCARILLA NEGRO,R-47530-DLYSM,0.52,https://canodiy.es/mascarillas/2226-R+47530+DLYSM.html
EPI / PROTECCION,Mascarillas,mascarillas,PACK DE 50 AJUSTADOR REDONDO PARA ELASTICO DE MASCARILLA BLANCO,R-47530-DLYSM-YHJ7F-YKRYS,0.52,https://canodiy.es/mascarillas/2228-R+47530+DLYSM+YHJ7F+YKRYS.html
EPI / PROTECCION,Mascarillas,mascarillas,PACK DE 50 AJUSTADOR REDONDO PARA ELASTICO DE MASCARILLA NEGRO,R-47530-DLYSM-YHJ7F,0.52,https://canodiy.es/mascarillas/2227-R+47530+DLYSM+YHJ7F.html
EPI / PROTECCION,Pantallas,pantallas,PANTALLA CON ESPONJA PROTECTORA SEGURIDAD,R-42672,5.27,https://canodiy.es/pantallas/201-R+42672-9999999022555.html
FORNITURAS,Adorno con Clavo,adorno-con-clavo,"PACK DE 100 CONOS 4,3MM CDF",R-43981,5.24,https://canodiy.es/adorno-con-clavo/1097-R+43981.html
FORNITURAS,Adorno con Clavo,adorno-con-clavo,"PACK DE 100 CONOS 4,3MM POSEIDON METAL",R-43982,5.24,https://canodiy.es/adorno-con-clavo/1099-R+43982.html
FORNITURAS,Adorno con Clavo,adorno-con-clavo,"PACK DE 100 CONOS 4,3MM RAME LUCIDO",R-43980,5.24,https://canodiy.es/adorno-con-clavo/1095-R+43980.html
FORNITURAS,Adorno con Clavo,adorno-con-clavo,PACK DE 100 CONOS DE 9MM NIKEL,R-43984,5.24,https://canodiy.es/adorno-con-clavo/1105-R+43984.html
FORNITURAS,Adornos,adornos,ADORNO FLOR EN PIEL BLANCO MOD. 9879 HECHO A MANO,R-42008,2.4,https://canodiy.es/adornos/1609-R+42008-9999999015731.html
FORNITURAS,Adornos,adornos,CANDADO METALICO NIQUELADO CON 2 LLAVES,R-65030,2.22,https://canodiy.es/adornos/8538-R+65030.html
FORNITURAS,Adornos,adornos,FLOR DE LANA CON IMPERDIBLE C/ MARRÓN 508214.0025,R-57407,0.6,https://canodiy.es/adornos/6097-R+57407.html
FORNITURAS,Adornos,adornos,FLOR DE LANA CON IMPERDIBLE C/ NEGRO 508214.002,R-57407-SPZCK,0.6,https://canodiy.es/adornos/6100-R+57407+SPZCK.html
FORNITURAS,Adornos,adornos,FLOR DE LANA CON IMPERDIBLE C/ VERDE 508214,R-57407-HDUP8,0.6,https://canodiy.es/adornos/6099-R+57407+HDUP8.html
FORNITURAS,Adornos,adornos,FLOR DE ROCALLA MARRÓN CON IMPERDIBLE 508.025,R-57421,0.82,https://canodiy.es/adornos/6105-R+57421.html
FORNITURAS,Adornos,adornos,HILO DE ACERO 0.38 mm - ROLLO DE 22 M,R-62312,2.58,https://canodiy.es/adornos/7228-R+62312-9999999018961.html
FORNITURAS,Adornos,adornos,PACK DE 50 TERMINALES EN ORO CLARO CON PRISIONERO,R-45115,11.21,https://canodiy.es/adornos/1801-R+45115.html
FORNITURAS,Adornos,adornos,PAR DE ADORNOS CON CLIP C-292 C/ NIQUEL CRISTAL,R-57586-7ZBN4,11.03,https://canodiy.es/adornos/6195-R+57586+7ZBN4.html
FORNITURAS,Adornos,adornos,PAR DE ADORNOS CON CLIP C-359 C/ NIQUEL CRISTAL CON  PERLAS,R-57607,11.03,https://canodiy.es/adornos/6167-R+57607.html
FORNITURAS,Adornos,adornos,PAR DE ADORNOS CUADRADOS CON CLIP C-298 C/ CRISTAL- AZULÓN,R-57587,11.03,https://canodiy.es/adornos/6152-R+57587.html
FORNITURAS,Adornos,adornos,PAR DE ADORNOS ESTRELLA CON CLIP C-361 C/ NIQUEL CRISTAL,R-57605,11.03,https://canodiy.es/adornos/6165-R+57605.html
FORNITURAS,Adornos,adornos,PAR DE ADORNOS FLOR CON CLIP C-362 C/ ORO PERLA CON CRISTAL,R-57608,11.03,https://canodiy.es/adornos/6169-R+57608.html
FORNITURAS,Adornos,adornos,PAR DE ADORNOS LAZO CON CLIP C-261 C/ NIQUEL CRISTAL CON PERLAS,R-57600,11.03,https://canodiy.es/adornos/6157-R+57600.html
FORNITURAS,Adornos,adornos,PAR DE ADORNOS LAZO CON CLIP C-331 C/ NIQUEL CRISTAL,R-57602,11.03,https://canodiy.es/adornos/6159-R+57602.html
FORNITURAS,Adornos,adornos,PAR DE ADORNOS LAZO CON CLIP C-351 C/ ORO CON  PERLA Y CRISTAL,R-57604,11.03,https://canodiy.es/adornos/6163-R+57604.html
FORNITURAS,Adornos,adornos,PAR DE ADORNOS MARIPOSA CON CLIP C-365 C/ ORO CRISTAL-AURORA BOREAL,R-57610,11.03,https://canodiy.es/adornos/6171-R+57610.html
FORNITURAS,Adornos,adornos,PAR DE ADORNOS OVALADOS CON CLIP C-288 C/ NíQUEL + PERLA + CRISTAL,R-52661-BVNWJ,11.03,https://canodiy.es/adornos/6145-R+52661+BVNWJ.html
FORNITURAS,Adornos,adornos,PAR DE ADORNOS OVALADOS CON CLIP C-288 C/ ORO + PERLA + CRISTAL,R-52659-YOVJ7,11.03,https://canodiy.es/adornos/6144-R+52659+YOVJ7.html
FORNITURAS,Adornos,adornos,PAR DE ADORNOS RECTANGULAR CON CLIP C-316 C/ NEQUEL-CRISTAL,R-57589,11.03,https://canodiy.es/adornos/6154-R+57589.html
FORNITURAS,Anillas,anillas,BOLSA DE 10 ANILLAS ZAMAK 18 MM 13523,R-67366,6.53,https://canodiy.es/anillas/9535-R+67366.html
FORNITURAS,Anillas,anillas,BOLSA DE 50 ANILLAS DE HIERRO WA1000-18X5X2 NÍQUEL,R-57935,3.74,https://canodiy.es/anillas/6255-R+57935.html
FORNITURAS,Anillas,anillas,BOLSA DE 50 ANILLAS DE HIERRO WA1000-20X6X2 NÍQUEL,R-57937-CCSSQ,3.74,https://canodiy.es/anillas/6606-R+57937+CCSSQ.html
FORNITURAS,Anillas,anillas,"BOLSA DE 50 ANILLAS DE HIERRO WA1000-20X7X2,5 NÍQUEL",R-57937,3.74,https://canodiy.es/anillas/6256-R+57937.html
FORNITURAS,Anillas,anillas,"BOLSA DE 50 ANILLAS DE HIERRO WA1000-20X8X2,5 NÍQUEL MATE",R-57938,3.74,https://canodiy.es/anillas/6257-R+57938.html
FORNITURAS,Anillas,anillas,BOLSA DE 50 ANILLAS DE HIERRO WA1000-22X5X2 NÍQUEL,R-57940,3.74,https://canodiy.es/anillas/6258-R+57940.html
FORNITURAS,Anillas,anillas,"BOLSA DE 50 ANILLAS DE HIERRO WA1000-24X7X2,5 NÍQUEL",R-57942,3.74,https://canodiy.es/anillas/6260-R+57942.html
FORNITURAS,Anillas,anillas,"BOLSA DE 50 ANILLAS DE HIERRO WA1000-24X7X2,5 NÍQUEL NEGRO",R-57943,3.74,https://canodiy.es/anillas/6261-R+57943-9999999010477.html
FORNITURAS,Anillas,anillas,BOLSA DE 50 ANILLAS DE HIERRO WA1000-25X5X2 NÍQUEL MATE,R-57963,3.74,https://canodiy.es/anillas/6264-R+57963.html
FORNITURAS,Anillas,anillas,"BOLSA DE 50 ANILLAS DE HIERRO WA1000-40X8X2,5 NÍQUEL",R-57969,4.21,https://canodiy.es/anillas/6266-R+57969-9999999023583.html
FORNITURAS,Broches y Cierres,broches-y-cierres,BOLSA 50 UNIDADES BOTÓN DE PRESION 10 MM AF-0 NIQUEL,R-60252,5.96,https://canodiy.es/broches-y-cierres/6843-R+60252-9999999015588.html
FORNITURAS,Broches y Cierres,broches-y-cierres,BOLSA 50 UNIDADES BOTÓN DE PRESION 14 MM AF-1 NIQUEL,R-60241,8.28,https://canodiy.es/broches-y-cierres/6835-R+60241-9999999015571.html
FORNITURAS,Broches y Cierres,broches-y-cierres,JUEGO DE TROQUELES PARA BOTON DE BOTON DE PRESION 10 MM AF-0,R-60254,121.97,https://canodiy.es/broches-y-cierres/6850-R+60254.html
FORNITURAS,Broches y Cierres,broches-y-cierres,TROQUELES PARA BOTON DE BOTON DE PRESION 14 MM AF-1,R-60247,121.97,https://canodiy.es/broches-y-cierres/6836-R+60247.html
FORNITURAS,Cadenas,cadenas,CADENA ALUMINIO  647092.000.0029 ORO,R-35775,8.67,https://canodiy.es/cadenas/6228-R+35775-9999999011818.html
FORNITURAS,Cadenas,cadenas,CADENA ALUMINIO 647092.000.0007 NÍQUEL,R-36185,7.68,https://canodiy.es/cadenas/6227-R+36185.html
FORNITURAS,Cadenas,cadenas,CADENA ALUMINIO NÍQUEL 647006.000.0007,R-36183,4.3,https://canodiy.es/cadenas/6226-R+36183.html
FORNITURAS,Cadenas,cadenas,CADENA DE ALUMINIO ORO ROSA 680005.000.028,R-54355,6.72,https://canodiy.es/cadenas/5167-R+54355-9999999000720.html
FORNITURAS,FORNITURAS,fornituras,BOLSA 50GR ROCALLA MORADA OSCURO C/6012 MEDIDA 2/0,R-54386-SQ1DN-U0IX5,1.67,https://canodiy.es/fornituras/5212-R+54386+SQ1DN+U0IX5.html
FORNITURAS,FORNITURAS,fornituras,BOLSA 50GR ROCALLA MORADO C/303 MEDIDA 2/0,R-54386-SQ1DN-VXWFS,1.67,https://canodiy.es/fornituras/5208-R+54386+SQ1DN+VXWFS.html
FORNITURAS,FORNITURAS,fornituras,BOLSA 50GR ROCALLA ROJA  C/9321 MEDIDA 2/0,R-54386-SQ1DN-X5NXV,1.67,https://canodiy.es/fornituras/5205-R+54386+SQ1DN+X5NXV.html
FORNITURAS,FORNITURAS,fornituras,BOLSA 50GR ROCALLA ROJA CORAL  C/494  MEDIDA 0,R-54386-OXVP1,1.67,https://canodiy.es/fornituras/5199-R+54386+OXVP1.html
FORNITURAS,FORNITURAS,fornituras,BOLSA 50GR ROCALLA ROJA SEMITRANSPARENTE  C/630 MEDIDA 0,R-54386,1.67,https://canodiy.es/fornituras/5171-R+54386.html
FORNITURAS,FORNITURAS,fornituras,BOLSA 50GR ROCALLA VERDE C/489 MEDIDA 0,R-54386-IBTN7,1.67,https://canodiy.es/fornituras/5197-R+54386+IBTN7.html
FORNITURAS,FORNITURAS,fornituras,ESLABON CADENA ACRILICA ORO ROSA 561611.028/0100,R-57015,0.18,https://canodiy.es/fornituras/5946-R+57015.html
FORNITURAS,Hebillas,hebillas,ANILLA PLÁSTICO REGULADORA MOCHILA 15MM. REF. 50029 C/ NEGRO,R-46766,0.17,https://canodiy.es/hebillas/1979-R+46766.html
FORNITURAS,Hebillas,hebillas,BOLSA DE 10 HEBILLAS CROMO W-18-16,R-67667,3.27,https://canodiy.es/hebillas/9491-R+67667.html
FORNITURAS,Hebillas,hebillas,BOLSA DE 10 HEBILLAS GRAFITO MATE W-47-15,R-67693,3.27,https://canodiy.es/hebillas/9500-R+67693.html
FORNITURAS,Hebillas,hebillas,BOLSA DE 10 HEBILLAS GRAFITO SATIN W-20-18,R-67687,3.27,https://canodiy.es/hebillas/9498-R+67687.html
FORNITURAS,Hebillas,hebillas,BOLSA DE 10 HEBILLAS GRAFITO SATIN W-24-23,R-67672,3.27,https://canodiy.es/hebillas/9494-R+67672.html
FORNITURAS,Hebillas,hebillas,BOLSA DE 10 HEBILLAS NIQUEL NEGRO  W-8-20,R-67644,3.27,https://canodiy.es/hebillas/9486-R+67644.html
FORNITURAS,Hebillas,hebillas,BOLSA DE 10 HEBILLAS NIQUEL W-10-20,R-67646,2.85,https://canodiy.es/hebillas/9488-R+67646.html
FORNITURAS,Hebillas,hebillas,BOLSA DE 10 HEBILLAS NIQUEL W-12-18,R-67647,3.27,https://canodiy.es/hebillas/9489-R+67647.html
FORNITURAS,Hebillas,hebillas,BOLSA DE 10 HEBILLAS NIQUEL W-14-34,R-67673,3.27,https://canodiy.es/hebillas/9495-R+67673.html
FORNITURAS,Hebillas,hebillas,BOLSA DE 10 HEBILLAS NIQUEL W-4-15,R-67641,3.27,https://canodiy.es/hebillas/9482-R+67641.html
FORNITURAS,Hebillas,hebillas,BOLSA DE 10 HEBILLAS NIQUEL W-47-15,R-67706,3.27,https://canodiy.es/hebillas/9501-R+67706.html
FORNITURAS,Hebillas,hebillas,BOLSA DE 10 HEBILLAS NIQUEL W-48-22,R-67692,3.27,https://canodiy.es/hebillas/9499-R+67692.html
FORNITURAS,Hebillas,hebillas,BOLSA DE 10 HEBILLAS NIQUEL W-5-15,R-67638,3.27,https://canodiy.es/hebillas/9480-R+67638.html
FORNITURAS,Hebillas,hebillas,BOLSA DE 10 HEBILLAS NIQUEL W-8-20,R-67642,3.27,https://canodiy.es/hebillas/9483-R+67642.html
FORNITURAS,Hebillas,hebillas,BOLSA DE 10 HEBILLAS NIQUEL W-9-15,R-67645,3.27,https://canodiy.es/hebillas/9487-R+67645.html
FORNITURAS,Hebillas,hebillas,BOLSA DE 10 HEBILLAS ORO W-16-20,R-67661,3.27,https://canodiy.es/hebillas/9490-R+67661.html
FORNITURAS,Hebillas,hebillas,BOLSA DE 10 HEBILLAS ORO W-17-20,R-67669,3.27,https://canodiy.es/hebillas/9493-R+67669.html
FORNITURAS,Hebillas,hebillas,BOLSA DE 10 HEBILLAS ORO W-18-16,R-67668,3.27,https://canodiy.es/hebillas/9492-R+67668.html
FORNITURAS,Hebillas,hebillas,BOLSA DE 10 HEBILLAS ORO W-4-15,R-67639,3.27,https://canodiy.es/hebillas/9481-R+67639.html
FORNITURAS,Hebillas,hebillas,BOLSA DE 10 HEBILLAS W001-16 NIQUEL NEGRO SATINADO,R-57874,3.74,https://canodiy.es/hebillas/6234-R+57874-9999999014253.html
FORNITURAS,Hebillas,hebillas,BOLSA DE 10 HEBILLAS W002-20 ORO,R-57878,3.74,https://canodiy.es/hebillas/6237-R+57878.html
FORNITURAS,Hebillas,hebillas,BOLSA DE 10 HEBILLAS W002-20 ORO VIEJO,R-57880,3.74,https://canodiy.es/hebillas/6238-R+57880.html
FORNITURAS,Hebillas,hebillas,BOLSA DE 10 HEBILLAS W002-20 PLATA VIEJA,R-57876,3.74,https://canodiy.es/hebillas/6236-R+57876.html
FORNITURAS,Hebillas,hebillas,BOLSA DE 10 HEBILLAS W003-20 NÍQUEL NEGRO SATINADO,R-57890,3.74,https://canodiy.es/hebillas/6240-R+57890.html
FORNITURAS,Hebillas,hebillas,BOLSA DE 10 HEBILLAS W003-20 NÍQUEL SATINADO,R-57887,3.74,https://canodiy.es/hebillas/6239-R+57887.html
FORNITURAS,Hebillas,hebillas,BOLSA DE 10 HEBILLAS W003-20 ORO VIEJO SATINADO,R-57891,3.74,https://canodiy.es/hebillas/6241-R+57891.html
FORNITURAS,Hebillas,hebillas,BOLSA DE 10 HEBILLAS W004-16 ORO VIEJO,R-57894,3.27,https://canodiy.es/hebillas/6242-R+57894.html
FORNITURAS,Hebillas,hebillas,BOLSA DE 10 HEBILLAS W005-20 ORO VIEJO,R-57898,3.74,https://canodiy.es/hebillas/6245-R+57898.html
FORNITURAS,Hebillas,hebillas,BOLSA DE 10 HEBILLAS W006-20 ORO VIEJO,R-57899,3.74,https://canodiy.es/hebillas/6246-R+57899.html
FORNITURAS,Hebillas,hebillas,BOLSA DE 10 HEBILLAS W007-20 NÍQUEL NEGRO,R-57900,2.99,https://canodiy.es/hebillas/6247-R+57900.html
FORNITURAS,Hebillas,hebillas,BOLSA DE 10 HEBILLAS W172-14 NIQUEL,R-57870,3.74,https://canodiy.es/hebillas/6233-R+57870.html
FORNITURAS,Hebillas,hebillas,BOLSA DE 10 HEBILLAS W2-18 ORO VIEJO,R-67631,3.28,https://canodiy.es/hebillas/9477-R+67631.html
FORNITURAS,Hebillas,hebillas,BOLSA DE 10 HEBILLAS W6-25 NIQUEL,R-67636,3.27,https://canodiy.es/hebillas/9479-R+67636.html
FORNITURAS,Hebillas,hebillas,BOLSA DE 10 HEBILLAS W6-25 ORO VIEJO,R-67634,3.27,https://canodiy.es/hebillas/9478-R+67634.html
FORNITURAS,Hebillas,hebillas,HEBILLA 13177/40 NIQUEL,R-63093,2.65,https://canodiy.es/hebillas/9275-R+63093-9999999021145.html
FORNITURAS,Hebillas,hebillas,HEBILLA REGULADORA PLASTICO 15MM. REF. 5018 C/ NEGRO,R-46775,0.17,https://canodiy.es/hebillas/2020-R+46775.html
FORNITURAS,Hebillas,hebillas,HEBILLA REGULADORA PLASTICO 20MM. REF. 5018 C/ NEGRO,R-46776,0.19,https://canodiy.es/hebillas/2021-R+46776.html
FORNITURAS,Hebillas,hebillas,HEBILLA REGULADORA PLÁSTICO 25MM. REF. 5018 C/ NEGRO,R-46777,0.22,https://canodiy.es/hebillas/2022-R+46777.html
HERRAMIENTAS,Alicates y Cortafríos,alicates-y-cortafrios,ALICATE PEQUEÑO DE PUNTA REDONDA 120MM,R-1274,9.05,https://canodiy.es/alicates-y-cortafrios/64-R+1274-9999999021909.html
HERRAMIENTAS,Alicates y Cortafríos,alicates-y-cortafrios,ALICATES  PEQUEÑO CORTAFRIOS DE CORTE PLANO 125MM,R-1276,9.71,https://canodiy.es/alicates-y-cortafrios/61-R+1276-9999999015632.html
HERRAMIENTAS,Alicates y Cortafríos,alicates-y-cortafrios,ALICATES CORTAFRIOS DE CORTE PLANO 175MM,R-1269,15.68,https://canodiy.es/alicates-y-cortafrios/59-R+1269-9999999009013.html
HERRAMIENTAS,Alicates y Cortafríos,alicates-y-cortafrios,ALICATES CORTAFRIOS ZAPATERO Nº 16 METALICO,R-39518,13.17,https://canodiy.es/alicates-y-cortafrios/26-R+39518-9999999000164.html
HERRAMIENTAS,Alicates y Cortafríos,alicates-y-cortafrios,ALICATES PEQUEÑOS DE PUNTA FINA RECTA 140MM,R-1281,9.71,https://canodiy.es/alicates-y-cortafrios/66-R+1281-9999999016899.html
HERRAMIENTAS,Alicates y Cortafríos,alicates-y-cortafrios,ALICATES PEQUEÑOS DE PUNTA PLANA RECTA 125MM,R-1275,9.51,https://canodiy.es/alicates-y-cortafrios/65-R+1275-9999999015649.html
HERRAMIENTAS,Alicates y Cortafríos,alicates-y-cortafrios,ALICATES PEQUEÑOS PUNTA CURVA 125MM.,R-1273,9.11,https://canodiy.es/alicates-y-cortafrios/63-R+1273-9999999021893.html
HERRAMIENTAS,Alicates y Cortafríos,alicates-y-cortafrios,CORTAFRIOS CORTE DIAGONAL DE GRAN CALIDAD 160MM,R-1270,12.21,https://canodiy.es/alicates-y-cortafrios/60-R+1270-9999999009006.html
HERRAMIENTAS,Alicates y Cortafríos,alicates-y-cortafrios,CORTAFRIOS PEQUEÑOS INCLINADO,R-1277,9.71,https://canodiy.es/alicates-y-cortafrios/62-R+1277-9999999021886.html
HERRAMIENTAS,Alicates y Cortafríos,alicates-y-cortafrios,TENAZA O ALICATE ABRE-ANILLAS 150MM,R-44529,34.02,https://canodiy.es/alicates-y-cortafrios/1680-R+44529-9999999023552.html
HERRAMIENTAS,Alicates y Cortafríos,alicates-y-cortafrios,TENAZA O ALICATE ABRE-ANILLAS 200MM,R-44530,37.02,https://canodiy.es/alicates-y-cortafrios/1679-R+44530-9999999016905.html
HERRAMIENTAS,Alicates y Cortafríos,alicates-y-cortafrios,TENAZA O ALICATE PINZA LAGARTO PARA MONTAR CALZADO,R-041,16.83,https://canodiy.es/alicates-y-cortafrios/259-R+041-9999999005534.html
HERRAMIENTAS,Alicates y Cortafríos,alicates-y-cortafrios,TENAZA O ALICATE PINZA PLANA PARA MONTAR CALZADO,R-042,15.97,https://canodiy.es/alicates-y-cortafrios/260-R+042-9999999016141.html
HERRAMIENTAS,Bolígrafos,boligrafos,BOLIGRAFO GEL PILOT G-2 DE 0.7 MM C/ PASTEL BLANCO,R-66202,2.96,https://canodiy.es/boligrafos/8979-R+66202-4902505462283.html
HERRAMIENTAS,Bolígrafos,boligrafos,BOLIGRAFO GEL PILOT G1 0.5MM C/AZUL,R-25967,2.11,https://canodiy.es/boligrafos/74-R+25967-4902505130212.html
HERRAMIENTAS,Bolígrafos,boligrafos,BOLIGRAFO GEL SIGNO UM-120 UNI-BALL 0.7MM. C/BLANCO,R-11570,2.52,https://canodiy.es/boligrafos/25-R+11570-4902778788714.html
HERRAMIENTAS,Bolígrafos,boligrafos,BOLIGRAFO GEL SIGNO UM-120 UNI-BALL 0.8MM. C/ORO,R-36931,2.52,https://canodiy.es/boligrafos/75-R+36931-4902778788844.html
HERRAMIENTAS,Bolígrafos,boligrafos,BOLIGRAFO GEL SIGNO UM-120 UNI-BALL 0.8MM. C/PLATA,R-16722,2.52,https://canodiy.es/boligrafos/79-R+16722-4902778788851.html
HERRAMIENTAS,Bolígrafos,boligrafos,BOLIGRAFO GEL SIGNO UM-153 UNI-BALL 1.0MM. C/BLANCO,R-1964,3.65,https://canodiy.es/boligrafos/77-R+1964-4902778588802.html
HERRAMIENTAS,Bolígrafos,boligrafos,BOLIGRAFO GEL SIGNO UM-153 UNI-BALL 1.0MM. C/ORO,R-43937,3.65,https://canodiy.es/boligrafos/1237-R+43937-4902778665190.html
HERRAMIENTAS,Bolígrafos,boligrafos,BOLIGRAFO GEL SIGNO UM-153 UNI-BALL 1.0MM. C/PLATA,R-32291,3.65,https://canodiy.es/boligrafos/78-R+32291-4902778665206.html
HERRAMIENTAS,Bolígrafos,boligrafos,BOLIGRAFO PILOT FRIXION BORRABLE AZUL,R-19423,4.07,https://canodiy.es/boligrafos/72-R+19423-4902505322723.html
HERRAMIENTAS,Bolígrafos,boligrafos,BOLIGRAFO PILOT FRIXION BORRABLE NEGRO,R-19024,4.07,https://canodiy.es/boligrafos/71-R+19024-4902505322709.html
HERRAMIENTAS,Bolígrafos,boligrafos,BOLIGRAFO PILOT FRIXION BORRABLE ROJO,R-18698,4.07,https://canodiy.es/boligrafos/70-R+18698-4902505322716.html
HERRAMIENTAS,Bolígrafos,boligrafos,BOLIGRAFO PILOT FRIXION BORRABLE VERDE,R-18564,4.07,https://canodiy.es/boligrafos/69-R+18564-4902505322730.html
HERRAMIENTAS,Bolígrafos,boligrafos,LAPICERO DE FIGURAR STAEDLER BLANCO,R-18348,3.19,https://canodiy.es/boligrafos/125-R+18348-4007817131480.html
HERRAMIENTAS,Bolígrafos,boligrafos,LAPICERO FIGURAR STAEDTLER NEGRO,R-22669,3.19,https://canodiy.es/boligrafos/126-R+22669-4007817131596.html
HERRAMIENTAS,Bolígrafos,boligrafos,"MINA FIGURAR 1,5 SCHNEIDER AZUL",R-20321,1.83,https://canodiy.es/boligrafos/197-R+20321-4004675175137.html
HERRAMIENTAS,Bolígrafos,boligrafos,"MINA FIGURAR 1,5 SCHNEIDER NEGRO",R-7541,1.83,https://canodiy.es/boligrafos/196-R+7541-4004675175113.html
HERRAMIENTAS,Bolígrafos,boligrafos,"MINA FIGURAR 1,5 SCHNEIDER PLATA",R-6515,1.42,https://canodiy.es/boligrafos/195-R+6515-4004675275196.html
HERRAMIENTAS,Bolígrafos,boligrafos,"MINA FIGURAR 1,5 SCHNEIDER ROJO",R-54379,1.83,https://canodiy.es/boligrafos/7602-R+54379-4004675275127.html
HERRAMIENTAS,Bolígrafos,boligrafos,MINA FIGURAR 1.5MM. PLATA,R-009,0.69,https://canodiy.es/boligrafos/198-R+009-9999999005268.html
HERRAMIENTAS,Bolígrafos,boligrafos,MINA FIGURAR GEL PLATA 2.2MM,r-11404,0.69,https://canodiy.es/boligrafos/1238-r+11404-9999999002311.html
HERRAMIENTAS,Bolígrafos,boligrafos,PACK DE 3 RECAMBIOS PILOT FRIXION BORRABLE AZUL,R-63302,8.8,https://canodiy.es/boligrafos/7592-R+63302.html
HERRAMIENTAS,Bolígrafos,boligrafos,PACK DE 3 RECAMBIOS PILOT FRIXION BORRABLE NARANJA,R-63263,8.8,https://canodiy.es/boligrafos/7577-R+63263.html
HERRAMIENTAS,Bolígrafos,boligrafos,PACK DE 3 RECAMBIOS PILOT FRIXION BORRABLE VERDE,R-63261,8.8,https://canodiy.es/boligrafos/7576-R+63261.html
HERRAMIENTAS,Bolígrafos,boligrafos,PACK DE 3 RECAMBIOS PILOT FRIXION BORRABLE VERDE CLARO,R-63270,9.3,https://canodiy.es/boligrafos/7580-R+63270.html
HERRAMIENTAS,Bolígrafos,boligrafos,PACK DE 3 RECAMBIOS PILOT FRIXON BORRABLE ROJO,R-63303,8.8,https://canodiy.es/boligrafos/7593-R+63303.html
HERRAMIENTAS,Bolígrafos,boligrafos,PACK DE RECAMBIOS PILOT FRIXION BORRABLE NEGRO,R-63272,8.8,https://canodiy.es/boligrafos/7581-R+63272.html
HERRAMIENTAS,Bolígrafos,boligrafos,RECAMBIO BOLIGRAFO FRIXION  ESPECIAL PARA MAQUINA ATOM C/ AZUL,R-49437,2.67,https://canodiy.es/boligrafos/7598-R+49437-9999999006500.html
HERRAMIENTAS,Bolígrafos,boligrafos,RECAMBIO BOLIGRAFO FRIXION  ESPECIAL PARA MAQUINA ATOM C/ BLANCO,R-47687,2.01,https://canodiy.es/boligrafos/7603-R+47687-9999999004292.html
HERRAMIENTAS,Bolígrafos,boligrafos,RECAMBIO BOLIGRAFO FRIXION  ESPECIAL PARA MAQUINA COMELZ C/ AZUL,R-53440,2.4,https://canodiy.es/boligrafos/7599-R+53440-9999999007484.html
HERRAMIENTAS,Bolígrafos,boligrafos,RECAMBIO BOLIGRAFO FRIXION  ESPECIAL PARA MAQUINA COMELZ C/ BLANCO,R-53441,0.0,https://canodiy.es/boligrafos/9443-R+53441-9999999007538.html
HERRAMIENTAS,Bolígrafos,boligrafos,RECAMBIO BOLIGRAFO FRIXION  ESPECIAL PARA MAQUINA COMELZ C/ NEGRO,R-53439,2.4,https://canodiy.es/boligrafos/7604-R+53439-9999999007545.html
HERRAMIENTAS,Bolígrafos,boligrafos,RECAMBIO BORRABLE CON CALOR AZUL,R-24985,1.21,https://canodiy.es/boligrafos/248-R+24985-9999999000539.html
HERRAMIENTAS,Bolígrafos,boligrafos,RECAMBIO BORRABLE CON CALOR BLANCO,R-21625,1.21,https://canodiy.es/boligrafos/246-R+21625-9999999000140.html
HERRAMIENTAS,Bolígrafos,boligrafos,RECAMBIO BORRABLE CON CALOR NEGRO,R-20093,1.21,https://canodiy.es/boligrafos/245-R+20093-9999999000157.html
HERRAMIENTAS,Bolígrafos,boligrafos,RECAMBIO BORRABLE CON CALOR ROJO,R-24300,1.21,https://canodiy.es/boligrafos/247-R+24300-9999999000522.html
HERRAMIENTAS,Bolígrafos,boligrafos,RECAMBIO BORRABLE CON CALOR VERDE,R-27722,1.21,https://canodiy.es/boligrafos/249-R+27722-9999999000515.html
HERRAMIENTAS,Bolígrafos,boligrafos,RECAMBIO PILOT FRIXION BORRABLE AZUL,R-19424,2.93,https://canodiy.es/boligrafos/2239-R+19424-4902505356070.html
HERRAMIENTAS,Bolígrafos,boligrafos,RECAMBIO PILOT FRIXION BORRABLE NARANJA,R-48433,2.93,https://canodiy.es/boligrafos/7565-R+48433-4902505358159.html
HERRAMIENTAS,Bolígrafos,boligrafos,RECAMBIO PILOT FRIXION BORRABLE NEGRO,R-26375,2.93,https://canodiy.es/boligrafos/2241-R+26375-4902505356056.html
HERRAMIENTAS,Bolígrafos,boligrafos,RECAMBIO PILOT FRIXION BORRABLE ROJO,R-19808,2.93,https://canodiy.es/boligrafos/2240-R+19808-4902505356063.html
HERRAMIENTAS,Bolígrafos,boligrafos,RECAMBIO PILOT FRIXION BORRABLE VERDE,R-48435,2.93,https://canodiy.es/boligrafos/7567-R+48435-4902505356087.html
HERRAMIENTAS,Bolígrafos,boligrafos,RECAMBIO PILOT FRIXION BORRABLE VERDE CLARO,R-22113,3.1,https://canodiy.es/boligrafos/7578-R+22113-4902505391798.html
HERRAMIENTAS,Bolígrafos,boligrafos,RECAMBIO ULTRAVIOLETA,R-47164,1.65,https://canodiy.es/boligrafos/7605-R+47164-9999999000263.html
HERRAMIENTAS,Bolígrafos,boligrafos,ROTULADOR AZUL FRIXION BORRABLE CON CALOR,R-58645,3.61,https://canodiy.es/boligrafos/6496-R+58645-9999999011559.html
HERRAMIENTAS,Bolígrafos,boligrafos,ROTULADOR LIMPIAFIGURADOS INK CLEANER,R-13272,2.03,https://canodiy.es/boligrafos/349-R+13272-9999999002045.html
HERRAMIENTAS,CEPILLOS Y PINCELES,cepillos-y-pinceles,ESPONJA SINTÉTICA NEGRA TINTAR Y  LIMPIEZA,R-609,0.36,https://canodiy.es/cepillos-y-pinceles/1813-R+609-9999999003103.html
HERRAMIENTAS,Cardas de Alambre,cardas-de-alambre,CARDAS ALAMBRE F-15 DE DIAM.150 X HILERAS 6 X ALAMBRE 0.15 X EJE 16MM.,R-490,27.89,https://canodiy.es/cardas-de-alambre/1825-R+490.html
HERRAMIENTAS,Cardas de Alambre,cardas-de-alambre,CARDAS ALAMBRE F-15 DE DIAM.175 X HILERAS 10 X ALAMBRE 0.30 X EJE 30MM.,R-665,31.05,https://canodiy.es/cardas-de-alambre/1826-R+665.html
HERRAMIENTAS,Cepillos,cepillos,CEPILLO ABRILLANTADOR HILO ALGODON BLANCO Nº5,R-557,20.48,https://canodiy.es/cepillos/2201-R+557-9999999004308.html
HERRAMIENTAS,Cepillos,cepillos,CEPILLO CONVERGENTE 80MM.  NEGRA 4 HILERAS NUCLEO PLASTICO VERDE,R-1917,4.95,https://canodiy.es/cepillos/1829-R+1917-4013349550613.html
HERRAMIENTAS,Cepillos,cepillos,CEPILLO CONVERGENTE 80MM. BLANCO 4 HILERAS NUCLEO PLASTICO ROJO,R-1388,4.95,https://canodiy.es/cepillos/1828-R+1388-4013349554499.html
HERRAMIENTAS,Cepillos,cepillos,CEPILLO CONVERGENTE 80MM. CERDA NEGRA 4 HILERAS NUCLEO AZUL,R-4615,3.11,https://canodiy.es/cepillos/1831-R+4615-9999999024108.html
HERRAMIENTAS,Cepillos,cepillos,CEPILLO CONVERGENTE 80MM. CERDA NEGRA 4 HILERAS NUCLEO MADERA,R-3174,4.75,https://canodiy.es/cepillos/1833-R+3174-9999999007187.html
HERRAMIENTAS,Cepillos,cepillos,CEPILLO CONVERGENTE 80MM. CERDA NEGRA 4 HILERAS NUCLEO ROJO,R-1387,4.23,https://canodiy.es/cepillos/1827-R+1387-4013349481658.html
HERRAMIENTAS,Cepillos,cepillos,CEPILLO DE LAMINAS DE CUERO DE PULIR 35MM. CURVADO,R-60649,41.55,https://canodiy.es/cepillos/6961-R+60649.html
HERRAMIENTAS,Cepillos,cepillos,CEPILLO DE LIMPIEZA CALZADO CERDA NEGRA 18CMS,R-13830,9.24,https://canodiy.es/cepillos/84-R+13830-9999999005282.html
HERRAMIENTAS,Cepillos,cepillos,CEPILLO DE LIMPIEZA CALZADO PLÁSTICO ROJO CON ASA,R-757,3.04,https://canodiy.es/cepillos/83-R+757-9999999024801.html
HERRAMIENTAS,Cepillos,cepillos,CEPILLO DE LIMPIEZA PARA EL CALZADO 11CMS,R-25441,4.17,https://canodiy.es/cepillos/22-R+25441-9999999005510.html
HERRAMIENTAS,Cepillos,cepillos,CEPILLO HILOS LANA ROSA ABRILLANTAR,R-529,21.34,https://canodiy.es/cepillos/2200-R+529-9999999024788.html
HERRAMIENTAS,Cepillos,cepillos,CEPILLO MADERA 2 HILERAS CERDA NEGRA,R-57859,1.65,https://canodiy.es/cepillos/6229-R+57859-9999999036361.html
HERRAMIENTAS,Cepillos,cepillos,CEPILLO MADERA 3 HILERAS DE COBRE,R-1054,11.21,https://canodiy.es/cepillos/89-R+1054-9999999007101.html
HERRAMIENTAS,Cepillos,cepillos,CEPILLO RECTO 80MM. NYLON BLANCO 4 HILERAS NUCLEO MADERA,R-11017,3.38,https://canodiy.es/cepillos/1832-R+11017-9999999024290.html
HERRAMIENTAS,Cepillos,cepillos,CEPILLO RECTO 80MM. NYLON BLANCO 4 HILERAS NUCLEO ROJO,R-1361,4.1,https://canodiy.es/cepillos/1830-R+1361-4013349631596.html
HERRAMIENTAS,Cepillos,cepillos,CEPILLO SINTÉTICO DE LIMPIEZA ANTE Y SERRAJE,R-160,1.28,https://canodiy.es/cepillos/2564-R+160-9999999005213.html
HERRAMIENTAS,Cepillos,cepillos,CEPILLO TELA 100 HOJAS,R-015,30.64,https://canodiy.es/cepillos/2204-R+015-9999999005985.html
HERRAMIENTAS,Cepillos,cepillos,CEPILLO TELA 100 HOJAS COSIDO,R-014,32.54,https://canodiy.es/cepillos/2203-R+014-9999999005978.html
HERRAMIENTAS,Cepillos,cepillos,CEPILLO TELA 140 HOJAS COSIDO,R-265,41.22,https://canodiy.es/cepillos/2202-R+265-9999999024962.html
HERRAMIENTAS,Cepillos,cepillos,CEPILLO TELA 140 HOJAS SIN COSER,R-266,38.48,https://canodiy.es/cepillos/2205-R+266-9999999000287.html
HERRAMIENTAS,Cepillos,cepillos,CEPILLOS 1 HILERA MANGO MADERA CERDA NEGRA ESPECIAL TINTAR CANTOS,R-891,1.04,https://canodiy.es/cepillos/91-R+891-9999999023996.html
HERRAMIENTAS,Cepillos,cepillos,CEPILLOS 1 HILERA MANGO PLASTICO BLANCO CERDA NEGRA,R-14979,1.04,https://canodiy.es/cepillos/85-R+14979-9999999024009.html
HERRAMIENTAS,Cepillos,cepillos,CEPILLOS 3 HILERAS MANGO PLASTICO CERDA BLANCA HALOGENAR,R-8077,2.48,https://canodiy.es/cepillos/87-R+8077-9999999002274.html
HERRAMIENTAS,Cepillos,cepillos,CEPILLOS 3 HILERAS MANGO PLASTICO ROJO CERDA NEGRA,R-1017,2.57,https://canodiy.es/cepillos/86-R+1017-9999999002281.html
HERRAMIENTAS,Cepillos,cepillos,CEPILLOS 6 HILERAS COBRE,R-1071,18.08,https://canodiy.es/cepillos/351-R+1071-9999999000447.html
HERRAMIENTAS,Cuchillas y Cutters,cuchillas-y-cutters,CUCHILLA PARA FLEJE DE CORTADOR 180MM. AMARILLA,R-3412,0.72,https://canodiy.es/cuchillas-y-cutters/109-R+3412-9999999022340.html
HERRAMIENTAS,Cuchillas y Cutters,cuchillas-y-cutters,CUCHILLA PARA FLEJE DE CORTADOR 180MM. BLANCA,R-41489,0.67,https://canodiy.es/cuchillas-y-cutters/347-R+41489-9999999022357.html
HERRAMIENTAS,Cuchillas y Cutters,cuchillas-y-cutters,CUCHILLA PARA FUNDA DE FLEJE DE CORTADOR Nº511,R-094,0.47,https://canodiy.es/cuchillas-y-cutters/107-R+094-4250099931655.html
HERRAMIENTAS,Cuchillas y Cutters,cuchillas-y-cutters,CUCHILLA PARA FUNDA DE FLEJE DE CORTADOR Nº512,R-32347,0.5,https://canodiy.es/cuchillas-y-cutters/108-R+32347-4250099931297.html
HERRAMIENTAS,Cuchillas y Cutters,cuchillas-y-cutters,CUCHILLA REBAJAR FORTUNA K,R-8111,50.5,https://canodiy.es/cuchillas-y-cutters/110-R+8111-9999999007637.html
HERRAMIENTAS,Cuchillas y Cutters,cuchillas-y-cutters,CUCHILLA REBAJAR STEYER MTV K,R-24409,43.77,https://canodiy.es/cuchillas-y-cutters/111-R+24409-9999999022364.html
HERRAMIENTAS,Cuchillas y Cutters,cuchillas-y-cutters,CUCHILLAS CURVADAS DE BISTURÍ Nº12,R-092,1.93,https://canodiy.es/cuchillas-y-cutters/113-R+092-9999999005640.html
HERRAMIENTAS,Cuchillas y Cutters,cuchillas-y-cutters,CUCHILLAS CUTTER 9MM BD-100 PAQUETE DE 5 UNIDADES,R-22480,1.84,https://canodiy.es/cuchillas-y-cutters/204-R+22480-4904011026652.html
HERRAMIENTAS,Cuchillas y Cutters,cuchillas-y-cutters,CUCHILLAS DE BISTURÍ Nº11,R-091,2.13,https://canodiy.es/cuchillas-y-cutters/112-R+091-9999999004223.html
HERRAMIENTAS,Cuchillas y Cutters,cuchillas-y-cutters,CUCHILLAS DE BISTURÍ Nº26,R-093,1.97,https://canodiy.es/cuchillas-y-cutters/114-R+093-9999999022753.html
HERRAMIENTAS,Cuchillas y Cutters,cuchillas-y-cutters,CUTTER METALICO A-300/GR,R-17417,10.65,https://canodiy.es/cuchillas-y-cutters/333-R+17417-4904011010767.html
HERRAMIENTAS,Cuchillas y Cutters,cuchillas-y-cutters,CUTTER NYLON CON GUÍA METALICA 18MM,R-553,8.17,https://canodiy.es/cuchillas-y-cutters/118-R+553-8410990002076.html
HERRAMIENTAS,Cuchillas y Cutters,cuchillas-y-cutters,CUTTER NYLON CON GUÍA MÉTALICA 9MM,R-551,1.4,https://canodiy.es/cuchillas-y-cutters/117-R+551-8410990002069.html
HERRAMIENTAS,Cuchillas y Cutters,cuchillas-y-cutters,CUTTER ROTATIVO GIRATORIO,R-40427,10.96,https://canodiy.es/cuchillas-y-cutters/119-R+40427-8410990002168.html
HERRAMIENTAS,Cuchillas y Cutters,cuchillas-y-cutters,FUNDA FAST PARA FLEJE DE CORTADOR CON PUNZÓN,R-098,15.21,https://canodiy.es/cuchillas-y-cutters/29-R+098-9999999022609.html
HERRAMIENTAS,Cuchillas y Cutters,cuchillas-y-cutters,FUNDAS CORTADOR CON TORNILLO,R-099,12.02,https://canodiy.es/cuchillas-y-cutters/179-R+099-9999999006357.html
HERRAMIENTAS,Cuchillas y Cutters,cuchillas-y-cutters,MANGO BISTURÍ Nº3 DE CUCHILLAS INTERCAMBIABLES,R-072,8.47,https://canodiy.es/cuchillas-y-cutters/182-R+072-9999999005350.html
HERRAMIENTAS,Cuchillas y Cutters,cuchillas-y-cutters,MANGO BISTURÍ Nº4 DE CUCHILLAS INTERCAMBIABLES,R-071,9.34,https://canodiy.es/cuchillas-y-cutters/277-R+071-9999999022616.html
HERRAMIENTAS,Cuchillas y Cutters,cuchillas-y-cutters,MANGO ROJO  PARA CUCHILLAS CON PUNZON PARA MARCAR,R-32458,15.84,https://canodiy.es/cuchillas-y-cutters/181-R+32458-9999999017292.html
HERRAMIENTAS,Cuchillas y Cutters,cuchillas-y-cutters,MANGO ROJO PARA CUCHILLAS DE CORTADOR,R-3201,17.88,https://canodiy.es/cuchillas-y-cutters/180-R+3201-4250099902563.html
HERRAMIENTAS,Cuchillas y Cutters,cuchillas-y-cutters,PALILLO LIMPIA FILOS REBAJAR 165X12MM. REF.356.2570.1340,R-56453,7.23,https://canodiy.es/cuchillas-y-cutters/5607-R+56453-9999999004506.html
HERRAMIENTAS,Cuchillas y Cutters,cuchillas-y-cutters,PALILLO LIMPIA MUELA REBAJAR 165X12MM. REF.356.2565.1340,R-56452,8.5,https://canodiy.es/cuchillas-y-cutters/5608-R+56452-9999999004513.html
HERRAMIENTAS,Cuchillas y Cutters,cuchillas-y-cutters,PAQUETE DE 10 CUCHILLAS DE CUTTER DE 18MM,R-090,1.93,https://canodiy.es/cuchillas-y-cutters/202-R+090-8410990002359.html
HERRAMIENTAS,Cuchillas y Cutters,cuchillas-y-cutters,PAQUETE DE 10 CUCHILLAS DE CUTTER DE 9MM,R-591,1.4,https://canodiy.es/cuchillas-y-cutters/203-R+591-8410990002373.html
HERRAMIENTAS,Cuchillas y Cutters,cuchillas-y-cutters,PAQUETE DE 3 CUCHILLAS CUTTER ROTATIVO,R-46680,5.6,https://canodiy.es/cuchillas-y-cutters/5459-R+46680-8410990002403.html
HERRAMIENTAS,Cuchillas y Cutters,cuchillas-y-cutters,PIEDRA AFILAR CUCHILLA REBAJAR ROSA,R-1866,2.71,https://canodiy.es/cuchillas-y-cutters/207-R+1866-9999999022838.html
HERRAMIENTAS,Cuchillas y Cutters,cuchillas-y-cutters,PLANCHA DE ZINC CORTAR CUERO 100X100 CMS,R-157,72.04,https://canodiy.es/cuchillas-y-cutters/2259-R+157.html
HERRAMIENTAS,Cuchillas y Cutters,cuchillas-y-cutters,PLANCHA DE ZINC CORTAR CUERO 50X50 CMS,R-146,24.01,https://canodiy.es/cuchillas-y-cutters/2258-R+146.html
HERRAMIENTAS,Cuchillas y Cutters,cuchillas-y-cutters,ROLLO DE 5 MTS. CUCHILLA PARA FLEJE CORTADOR,R-4797,8.0,https://canodiy.es/cuchillas-y-cutters/251-R+4797-9999999023538.html
HERRAMIENTAS,Grapadoras,grapadoras,GRAPADORA MANUAL B8P (HP-88),R-4037,131.27,https://canodiy.es/grapadoras/336-R+4037-4902870099114.html
HERRAMIENTAS,Grapadoras,grapadoras,GRAPADORA MANUAL BOSTITCH P-3,R-107,78.12,https://canodiy.es/grapadoras/337-R+107-8411772490036.html
HERRAMIENTAS,Grapadoras,grapadoras,GRAPADORA MANUAL RAPID S51,R-9545,37.35,https://canodiy.es/grapadoras/339-R+9545.html
HERRAMIENTAS,HERRAMIENTAS,herramientas,COSTURERO DE MADERA CON SET COMPLETO DE COSTURA,R-48824,125.4,https://canodiy.es/herramientas/2404-R+48824.html
HERRAMIENTAS,HERRAMIENTAS,herramientas,JUEGO ESPACIADOR DE GRABADO EN CUERO ART 8091-00,R-28464,30.15,https://canodiy.es/herramientas/2447-R+28464.html
HERRAMIENTAS,HERRAMIENTAS,herramientas,KIT APLICADOR MANUAL ORIGINAL FENICE PARA PINTAR CANTOS DE CUERO Y PIEL,R-44822,50.43,https://canodiy.es/herramientas/1820-R+44822-8032632919032.html
HERRAMIENTAS,HERRAMIENTAS,herramientas,MANGO DE MARTILLO DE ZAPATERO,R-075,8.6,https://canodiy.es/herramientas/1837-R+075-9999999009990.html
HERRAMIENTAS,HERRAMIENTAS,herramientas,MAQUINA ELECTRICA PARA PINTAR CANTOS 79241-03,R-63977,501.85,https://canodiy.es/herramientas/8010-R+63977-9999999023842.html
HERRAMIENTAS,HERRAMIENTAS,herramientas,PLEGADORA DE HUESO DE PLÁSTICO PARA EL CUERO,R-25389,17.6,https://canodiy.es/herramientas/6807-R+25389.html
HERRAMIENTAS,HERRAMIENTAS,herramientas,RULETA MARCADORA 1147,R-1559,45.23,https://canodiy.es/herramientas/1836-R+1559-9999999013799.html
HERRAMIENTAS,HERRAMIENTAS,herramientas,SACABOCADOS HUECO DE 6 BOQUILLAS REF. 247.7560.0000,R-59025,27.57,https://canodiy.es/herramientas/7456-R+59025-9999999012945.html
HERRAMIENTAS,HERRAMIENTAS,herramientas,SUAVIZADOR DE CANTOS DE MADERA. ART. 8121-00,R-444,14.66,https://canodiy.es/herramientas/6806-R+444.html
HERRAMIENTAS,HERRAMIENTAS,herramientas,"TIJERAS  8"" RECTA 20CM. REF. 03035",R-52833,23.76,https://canodiy.es/herramientas/4280-R+52833-8410990030352.html
HERRAMIENTAS,LIJAS,lijas,HOJA DE LIJA 230X280 GR.600,R-7936,0.77,https://canodiy.es/lijas/9626-R+7936-9999999006906.html
HERRAMIENTAS,Martillos,martillos,"MACETAS PARA DOBLAR  REF. 233,7049",R-1268,16.17,https://canodiy.es/martillos/1135-R+1268-9999999005527.html
HERRAMIENTAS,Martillos,martillos,MACETAS PARA DOBLAR CON PUNTA,R-065,23.11,https://canodiy.es/martillos/178-R+065-9999999001901.html
HERRAMIENTAS,Martillos,martillos,MACETAS PARA DOBLAR SIN PUNTA,R-064,23.11,https://canodiy.es/martillos/177-R+064-9999999002137.html
HERRAMIENTAS,Martillos,martillos,MARTILLO DE APARADORA,R-069,29.83,https://canodiy.es/martillos/188-R+069-9999999014796.html
HERRAMIENTAS,Martillos,martillos,MARTILLO DE GOMA 300 GR.,R-39585,13.95,https://canodiy.es/martillos/189-R+39585-9999999018558.html
HERRAMIENTAS,Martillos,martillos,MARTILLO DE ZAPATERO GRANDE,R-1267,16.49,https://canodiy.es/martillos/191-R+1267-9999999010682.html
HERRAMIENTAS,Martillos,martillos,MARTILLO ZAPATERO GALGO LUIS XV,R-068,36.64,https://canodiy.es/martillos/1819-R+068-9999999022746.html
HERRAMIENTAS,Martillos,martillos,MARTILLO ZAPATERO GRANDE V-9,R-070,45.32,https://canodiy.es/martillos/1132-R+070-9999999004018.html
HERRAMIENTAS,Martillos,martillos,MARTILLO ZAPATERO NYLON EJE 28MM,R-067,14.84,https://canodiy.es/martillos/749-R+067-9999999009020.html
HERRAMIENTAS,Martillos,martillos,MARTILLO ZAPATERO NYLON EJE 35MM.,R-066,20.52,https://canodiy.es/martillos/190-R+066-9999999009044.html
HERRAMIENTAS,Para Lijar,para-lijar,BANDA  LIJA 50X283 GR.24 AX283-ET ROJAS,R-7273,1.33,https://canodiy.es/para-lijar/7629-R+7273-9999999017766.html
HERRAMIENTAS,Para Lijar,para-lijar,BANDA  LIJA 50X283 GR.40 AX238-ET ROJAS,R-7041,1.12,https://canodiy.es/para-lijar/7630-R+7041-9999999017780.html
HERRAMIENTAS,Para Lijar,para-lijar,BANDA  LIJA 50X283 GR.60 AX238-ET ROJAS,R-6245,0.99,https://canodiy.es/para-lijar/7631-R+6245-9999999017797.html
HERRAMIENTAS,Para Lijar,para-lijar,BANDA LIJA 100X283 GR.100 AX238-ET ROJAS,R-7285,2.19,https://canodiy.es/para-lijar/7606-R+7285-9999999018077.html
HERRAMIENTAS,Para Lijar,para-lijar,BANDA LIJA 100X283 GR.150 AX238-ET ROJAS,R-7287,2.19,https://canodiy.es/para-lijar/7607-R+7287-9999999018121.html
HERRAMIENTAS,Para Lijar,para-lijar,BANDA LIJA 100X283 GR.220 AX238-ET ROJAS,R-7289,2.19,https://canodiy.es/para-lijar/7608-R+7289-9999999018138.html
HERRAMIENTAS,Para Lijar,para-lijar,BANDA LIJA 100X283 GR.24 NOR817-ET CIRCONIO,R-14578,3.67,https://canodiy.es/para-lijar/7609-R+14578-9999999018039.html
HERRAMIENTAS,Para Lijar,para-lijar,BANDA LIJA 100X283 GR.60 AX238-ET ROJAS,R-7294,2.19,https://canodiy.es/para-lijar/7610-R+7294-9999999018053.html
HERRAMIENTAS,Para Lijar,para-lijar,BANDA LIJA 100X283 GR.80 AX238-ET ROJAS,R-7295,2.19,https://canodiy.es/para-lijar/7611-R+7295-9999999018060.html
HERRAMIENTAS,Para Lijar,para-lijar,BANDA LIJA 110X283 GR.100 AX238-ET ROJAS,R-39098,2.9,https://canodiy.es/para-lijar/7612-R+39098-9999999018145.html
HERRAMIENTAS,Para Lijar,para-lijar,BANDA LIJA 110X283 GR.120 NOR817-ET CIRCONIO,R-25743,2.93,https://canodiy.es/para-lijar/7613-R+25743-9999999018152.html
HERRAMIENTAS,Para Lijar,para-lijar,BANDA LIJA 110X283 GR.36 NOR817-ET CIRCONIO,R-57856,4.14,https://canodiy.es/para-lijar/7614-R+57856-9999999008238.html
HERRAMIENTAS,Para Lijar,para-lijar,BANDA LIJA 110X283 GR.40 NOR817-ET CIRCONIO,R-57855,4.0,https://canodiy.es/para-lijar/7615-R+57855-9999999008221.html
HERRAMIENTAS,Para Lijar,para-lijar,BANDA LIJA 110X283 GR.60 NOR817-ET CIRCONIO,R-7299,3.75,https://canodiy.es/para-lijar/7616-R+7299-9999999008214.html
HERRAMIENTAS,Para Lijar,para-lijar,BANDA LIJA 35X283 GR.100,R-3299,1.0,https://canodiy.es/para-lijar/1971-R+3299-9999999017728.html
HERRAMIENTAS,Para Lijar,para-lijar,BANDA LIJA 35X283 GR.120,R-3300,1.0,https://canodiy.es/para-lijar/1972-R+3300-9999999017735.html
HERRAMIENTAS,Para Lijar,para-lijar,BANDA LIJA 35X283 GR.180,R-3302,1.0,https://canodiy.es/para-lijar/7557-R+3302-9999999017759.html
HERRAMIENTAS,Para Lijar,para-lijar,BANDA LIJA 35X283 GR.220,R-14585,1.0,https://canodiy.es/para-lijar/7558-R+14585-9999999017773.html
HERRAMIENTAS,Para Lijar,para-lijar,BANDA LIJA 35X283 GR.24,R-3294,1.12,https://canodiy.es/para-lijar/1956-R+3294-9999999017636.html
HERRAMIENTAS,Para Lijar,para-lijar,BANDA LIJA 35X283 GR.24 LI3 CIRCONIO,R-9359,1.51,https://canodiy.es/para-lijar/1955-R+9359-9999999017643.html
HERRAMIENTAS,Para Lijar,para-lijar,BANDA LIJA 35X283 GR.36 CIRCONIO,R-22442,1.42,https://canodiy.es/para-lijar/1957-R+22442-9999999017667.html
HERRAMIENTAS,Para Lijar,para-lijar,BANDA LIJA 35X283 GR.40,R-3296,1.0,https://canodiy.es/para-lijar/1958-R+3296-9999999017674.html
HERRAMIENTAS,Para Lijar,para-lijar,BANDA LIJA 35X283 GR.40 NOR817-ET CIRCONIO,R-26529,1.38,https://canodiy.es/para-lijar/1967-R+26529-9999999017681.html
HERRAMIENTAS,Para Lijar,para-lijar,BANDA LIJA 35X283 GR.60,R-3297,1.0,https://canodiy.es/para-lijar/1968-R+3297-9999999017698.html
HERRAMIENTAS,Para Lijar,para-lijar,BANDA LIJA 35X283 GR.80,R-10021,1.0,https://canodiy.es/para-lijar/1969-R+10021-9999999017704.html
HERRAMIENTAS,Para Lijar,para-lijar,BANDA LIJA 35X283 GR.80 CIRCONIO,R-3298,1.26,https://canodiy.es/para-lijar/1970-R+3298-9999999017711.html
HERRAMIENTAS,Para Lijar,para-lijar,BANDA LIJA 35X435 GR.100,R-6321,1.08,https://canodiy.es/para-lijar/1941-R+6321-9999999001048.html
HERRAMIENTAS,Para Lijar,para-lijar,BANDA LIJA 35X435 GR.100 NOR817-ET CIRCONIO,R-53675,1.42,https://canodiy.es/para-lijar/7621-R+53675-9999999003042.html
HERRAMIENTAS,Para Lijar,para-lijar,BANDA LIJA 35X435 GR.120 303,R-3283,1.08,https://canodiy.es/para-lijar/1940-R+3283-9999999003028.html
HERRAMIENTAS,Para Lijar,para-lijar,BANDA LIJA 35X435 GR.120 NOR817-ET CIRCONIO,R-61369,0.0,https://canodiy.es/para-lijar/9469-R61369-9999999017612.html
HERRAMIENTAS,Para Lijar,para-lijar,BANDA LIJA 35X435 GR.150 50D,R-3284,0.71,https://canodiy.es/para-lijar/1935-R+3284-9999999017742.html
HERRAMIENTAS,Para Lijar,para-lijar,BANDA LIJA 35X435 GR.180,R-3285,1.08,https://canodiy.es/para-lijar/1934-R+3285-9999999017629.html
HERRAMIENTAS,Para Lijar,para-lijar,BANDA LIJA 35X435 GR.220,R-3286,1.08,https://canodiy.es/para-lijar/1933-R+3286-9999999008047.html
HERRAMIENTAS,Para Lijar,para-lijar,BANDA LIJA 35X435 GR.24 CIRCONIO,R-3289,1.87,https://canodiy.es/para-lijar/1950-R+3289-9999999001031.html
HERRAMIENTAS,Para Lijar,para-lijar,BANDA LIJA 35X435 GR.36 CIRCONIO,R-9675,1.75,https://canodiy.es/para-lijar/1948-R+9675-9999999001000.html
HERRAMIENTAS,Para Lijar,para-lijar,BANDA LIJA 35X435 GR.40,R-3278,1.08,https://canodiy.es/para-lijar/1946-R+3278-9999999015960.html
HERRAMIENTAS,Para Lijar,para-lijar,BANDA LIJA 35X435 GR.40 NOR817-ET CIRCONIO,R-6317,1.68,https://canodiy.es/para-lijar/1947-R+6317-9999999003066.html
HERRAMIENTAS,Para Lijar,para-lijar,BANDA LIJA 35X435 GR.60 CIRCONIO,R-3291,1.58,https://canodiy.es/para-lijar/1944-R+3291-9999999004735.html
HERRAMIENTAS,Para Lijar,para-lijar,BANDA LIJA 35X435 GR.80 AX238,R-40808,1.08,https://canodiy.es/para-lijar/1942-R+40808-9999999017599.html
HERRAMIENTAS,Para Lijar,para-lijar,BANDA LIJA 35X435 GR.80 NOR817-ET CIRCONIO,R-3292,1.49,https://canodiy.es/para-lijar/1943-R+3292-9999999003035.html
HERRAMIENTAS,Para Lijar,para-lijar,BANDA LIJA 50X283 GR.100 AX283-ET ROJAS,R-21302,0.8,https://canodiy.es/para-lijar/7627-R+21302-9999999016349.html
HERRAMIENTAS,Para Lijar,para-lijar,BANDA LIJA 50X283 GR.80 AX283-ET ROJAS,R-6246,0.97,https://canodiy.es/para-lijar/7632-R+6246-9999999017827.html
HERRAMIENTAS,Para Lijar,para-lijar,BANDA LIJA 50X471 GR.100 AX238-ET ROJAS,R-8244,1.37,https://canodiy.es/para-lijar/7622-R+8244-9999999017896.html
HERRAMIENTAS,Para Lijar,para-lijar,BANDA LIJA 50X471 GR.120 AX238-ET ROJAS,R-8245,1.37,https://canodiy.es/para-lijar/7623-R+8245-9999999017902.html
HERRAMIENTAS,Para Lijar,para-lijar,BANDA LIJA 50X471 GR.220 AX238-ET ROJAS,R-31179,1.37,https://canodiy.es/para-lijar/7624-R+31179-9999999017933.html
HERRAMIENTAS,Para Lijar,para-lijar,BANDA LIJA 50X471 GR.40 AX238-ET ROJAS,R-8251,1.37,https://canodiy.es/para-lijar/7625-R+8251-9999999006227.html
HERRAMIENTAS,Para Lijar,para-lijar,BANDA LIJA 50X471 GR.40 NOR817-ET CIRCONIO,R-16864,2.33,https://canodiy.es/para-lijar/7626-R+16864-9999999017582.html
HERRAMIENTAS,Para Lijar,para-lijar,BANDA LIJA 75X471 GR.40 AX238-ET ROJAS,R-1209,2.03,https://canodiy.es/para-lijar/7617-R+1209-9999999017964.html
HERRAMIENTAS,Para Lijar,para-lijar,BANDA LIJA 75X471 GR.40 CIRCONIO,R-13362,3.47,https://canodiy.es/para-lijar/7618-R+13362-9999999015496.html
HERRAMIENTAS,Para Lijar,para-lijar,BANDA LIJA 75X471 GR.80 AX238-ET ROJAS,R-1212,2.03,https://canodiy.es/para-lijar/7620-R+1212-9999999017988.html
HERRAMIENTAS,Para Lijar,para-lijar,BANDAS LIJA 35X283 GR.36,R-3295,1.0,https://canodiy.es/para-lijar/7559-R+3295-9999999017650.html
HERRAMIENTAS,Para Lijar,para-lijar,BANDAS LIJA 35X435 GR.60,R-3279,1.08,https://canodiy.es/para-lijar/1945-R+3279-9999999001024.html
HERRAMIENTAS,Para Lijar,para-lijar,BANDAS LIJA 50X283 GR.120 AX238-ET ROJAS,R-8029,0.8,https://canodiy.es/para-lijar/7628-R+8029-9999999017834.html
HERRAMIENTAS,Para Lijar,para-lijar,BANDAS LIJA 75X471 GR.60 AX238-ET ROJAS,R-1211,2.03,https://canodiy.es/para-lijar/7619-R+1211-9999999017971.html
HERRAMIENTAS,Para Lijar,para-lijar,RODILLO EXPANSION BANDA LIJA  150X50X30,R-1003,88.8,https://canodiy.es/para-lijar/7501-R+1003-9999999007194.html
HERRAMIENTAS,Para Lijar,para-lijar,RODILLO EXPANSION BANDA LIJA 140X35,R-999,45.5,https://canodiy.es/para-lijar/1937-R+999-9999999007217.html
HERRAMIENTAS,Para Lijar,para-lijar,RODILLO EXPANSION BANDA LIJA 150X75X30,R-1010,97.17,https://canodiy.es/para-lijar/7496-R+1010-9999999018343.html
HERRAMIENTAS,Para Lijar,para-lijar,RODILLO EXPANSION BANDA LIJA 20X30 EJE 6MM.,R-13447,21.27,https://canodiy.es/para-lijar/7502-R+13447-9999999018886.html
HERRAMIENTAS,Para Lijar,para-lijar,RODILLO EXPANSION BANDA LIJA 90X100X30,R-1013,87.83,https://canodiy.es/para-lijar/7500-R+1013-9999999007200.html
HERRAMIENTAS,Para Lijar,para-lijar,RODILLO EXPANSION BANDA LIJA 90X35,R-998,41.72,https://canodiy.es/para-lijar/1953-R+998-9999999018268.html
HERRAMIENTAS,Para Lijar,para-lijar,RODILLO EXPANSION BANDA LIJA 90X50X30,R-4407,50.83,https://canodiy.es/para-lijar/7497-R+4407-9999999018275.html
HERRAMIENTAS,Para Lijar,para-lijar,RODILLO EXPANSION BANDA LIJA CONICO 13X60 EJE 6MM.,R-34341,0.0,https://canodiy.es/para-lijar/8909-R34341-9999999018916.html
HERRAMIENTAS,Para Lijar,para-lijar,RODILLO GOMA-EXPANSION 120X35X30,R-62306,65.81,https://canodiy.es/para-lijar/7525-R+62306-9999999018879.html
HERRAMIENTAS,Pinceles,pinceles,LOTE DE 12 PINCELES MANGO LARGO MADERA PLANO,R-65005,14.23,https://canodiy.es/pinceles/8517-R+65005.html
HERRAMIENTAS,Pinceles,pinceles,LOTE DE 5 PALETINAS PLANAS - NÚMEROS DEL 1 AL 5,R-65006,7.55,https://canodiy.es/pinceles/8518-R+65006.html
HERRAMIENTAS,Pinceles,pinceles,PALETINA Nº 12 DOBLE CERDA BLANCA,r-25072,1.04,https://canodiy.es/pinceles/1232-r+25072-9999999025013.html
HERRAMIENTAS,Pinceles,pinceles,PALETINA Nº15 DOBLE CERDA BLANCA,R-25073,1.14,https://canodiy.es/pinceles/199-R+25073-9999999025020.html
HERRAMIENTAS,Pinceles,pinceles,PALETINA Nº18 DOBLE CERDA BLANCA,R-25074,1.4,https://canodiy.es/pinceles/1233-R+25074-8412227401188.html
HERRAMIENTAS,Pinceles,pinceles,PALETINA Nº21 DOBLE CERDA BLANCA,r-25075,1.72,https://canodiy.es/pinceles/1234-r+25075-9999999024993.html
HERRAMIENTAS,Pinceles,pinceles,PALETINA Nº24 DOBLE CERDA BLANCA,r-25076,2.02,https://canodiy.es/pinceles/1235-r+25076-9999999025099.html
HERRAMIENTAS,Pinceles,pinceles,PALETINA Nº9 DOBLE CERDA BLANCA,R-25071,0.9,https://canodiy.es/pinceles/200-R+25071-9999999025006.html
HERRAMIENTAS,Pinceles,pinceles,PALETINA O PINCEL DE ESPONJA 25MM,R-10942,1.77,https://canodiy.es/pinceles/1110-R+10942-9999999025310.html
HERRAMIENTAS,Pinceles,pinceles,PALETINA O PINCEL DE ESPONJA 50MM,R-10943,1.87,https://canodiy.es/pinceles/240-R+10943-9999999025327.html
HERRAMIENTAS,Pinceles,pinceles,PINCEL CORTO DE MADERA Nº1 CERDA PLANA,R-1113,0.52,https://canodiy.es/pinceles/219-R+1113-8429735200011.html
HERRAMIENTAS,Pinceles,pinceles,PINCEL CORTO DE MADERA Nº2 CERDA PLANA,R-1114,0.58,https://canodiy.es/pinceles/220-R+1114-8429735200028.html
HERRAMIENTAS,Pinceles,pinceles,PINCEL CORTO DE MADERA Nº3 CERDA PLANA,R-1116,0.62,https://canodiy.es/pinceles/221-R+1116-8429735200035.html
HERRAMIENTAS,Pinceles,pinceles,PINCEL CORTO DE MADERA Nº4 CERDA PLANA,R-1117,0.74,https://canodiy.es/pinceles/222-R+1117-8429735200042.html
HERRAMIENTAS,Pinceles,pinceles,PINCEL CORTO DE MADERA Nº5 CERDA PLANA,R-1118,0.91,https://canodiy.es/pinceles/223-R+1118-8429735200059.html
HERRAMIENTAS,Pinceles,pinceles,PINCEL CORTO DE MADERA Nº6 CERDA PLANA,R-1120,0.99,https://canodiy.es/pinceles/224-R+1120-8429735200066.html
HERRAMIENTAS,Pinceles,pinceles,PINCEL CORTO DE PLASTICO Nº1 CERDA PLANA,R-32080,1.23,https://canodiy.es/pinceles/228-R+32080-9999999009082.html
HERRAMIENTAS,Pinceles,pinceles,PINCEL CORTO DE PLASTICO Nº3 CERDA PLANA,R-31962,1.47,https://canodiy.es/pinceles/227-R+31962-9999999005374.html
HERRAMIENTAS,Pinceles,pinceles,PINCEL CORTO DE PLASTICO Nº4 CERDA PLANA,R-31829,1.63,https://canodiy.es/pinceles/225-R+31829-9999999002298.html
HERRAMIENTAS,Pinceles,pinceles,PINCEL CORTO DE PLASTICO Nº6 CERDA PLANA,R-31830,1.74,https://canodiy.es/pinceles/226-R+31830-9999999002304.html
HERRAMIENTAS,Pinceles,pinceles,PINCEL CORTO REDONDO Nº12 VIROLA METAL,R-51178,2.88,https://canodiy.es/pinceles/7707-R+51178-9999999016943.html
HERRAMIENTAS,Pinceles,pinceles,PINCEL ETERNA VIROLA PLANA Nº10 REF.577,R-23267,0.99,https://canodiy.es/pinceles/1129-R+23267-9999999025259.html
HERRAMIENTAS,Pinceles,pinceles,PINCEL ETERNA VIROLA PLANA Nº12 REF.577,R-23268,1.14,https://canodiy.es/pinceles/1130-R+23268-9999999018541.html
HERRAMIENTAS,Pinceles,pinceles,PINCEL ETERNA VIROLA PLANA Nº14 REF.577,r-23269,1.21,https://canodiy.es/pinceles/1131-r+23269-9999999025273.html
HERRAMIENTAS,Pinceles,pinceles,PINCEL ETERNA VIROLA PLANA Nº2 REF.577,r-23263,0.58,https://canodiy.es/pinceles/1126-r+23263-9999999025242.html
HERRAMIENTAS,Pinceles,pinceles,PINCEL ETERNA VIROLA PLANA Nº4 REF.577,r-23264,0.72,https://canodiy.es/pinceles/1134-r+23264-9999999024542.html
HERRAMIENTAS,Pinceles,pinceles,PINCEL ETERNA VIROLA PLANA Nº8 REF.577,r-23266,0.94,https://canodiy.es/pinceles/1128-r+23266-9999999025266.html
HERRAMIENTAS,Pinceles,pinceles,PINCEL LARGO DE PELO NEGRO PUNTA PLANA N2,R-36099,2.43,https://canodiy.es/pinceles/36-R+36099-8429735283021.html
HERRAMIENTAS,Pinceles,pinceles,PINCEL LARGO DE PELO NEGRO PUNTA PLANA N4,R-36100,2.44,https://canodiy.es/pinceles/211-R+36100-8429735283045.html
HERRAMIENTAS,Pinceles,pinceles,PINCEL LARGO DE PELO NEGRO PUNTA PLANA Nº06,R-36101,2.6,https://canodiy.es/pinceles/212-R+36101-8429735283069.html
HERRAMIENTAS,Pinceles,pinceles,PINCEL LARGO REDONDO DE MADERA Nº08,R-36098,2.63,https://canodiy.es/pinceles/210-R+36098-8429735282086.html
HERRAMIENTAS,Pinceles,pinceles,PINCEL O BROCHA DE HALOGENAR Nº10,R-15640,2.64,https://canodiy.es/pinceles/239-R+15640-9999999007149.html
HERRAMIENTAS,Pinceles,pinceles,PINCEL O BROCHA Nº10 VIROLA METALICA,R-18322,2.41,https://canodiy.es/pinceles/238-R+18322-9999999014673.html
HERRAMIENTAS,Pinceles,pinceles,PINCEL O BROCHA REDONDA Nº10 VIROLA PLASTICO,R-1125,1.96,https://canodiy.es/pinceles/350-R+1125-9999999002038.html
HERRAMIENTAS,Pinceles,pinceles,PINCEL O BROCHA RENDONDA Nº8 VIROLA PLASTICO ROJO,R-1121,1.36,https://canodiy.es/pinceles/229-R+1121-9999999025129.html
HERRAMIENTAS,Pinceles,pinceles,PINCEL REDONDO ETERNA REF.766 Nº10,r-23273,0.99,https://canodiy.es/pinceles/1138-r+23273-9999999025198.html
HERRAMIENTAS,Pinceles,pinceles,PINCEL REDONDO ETERNA REF.766 Nº12,r-23274,1.14,https://canodiy.es/pinceles/1139-r+23274-9999999025204.html
HERRAMIENTAS,Pinceles,pinceles,PINCEL REDONDO ETERNA REF.766 Nº14,R-23275,1.21,https://canodiy.es/pinceles/1140-R+23275-9999999025211.html
HERRAMIENTAS,Pinceles,pinceles,PINCEL REDONDO ETERNA REF.766 Nº6,R-23271,0.8,https://canodiy.es/pinceles/1136-R+23271-9999999017285.html
HERRAMIENTAS,Pinceles,pinceles,PINCEL REDONDO ETERNA REF.766 Nº8,r-23272,0.94,https://canodiy.es/pinceles/1137-r+23272-9999999025228.html
HERRAMIENTAS,Pinceles,pinceles,PINCEL TEJIN  PLANO MANGO LARGO N16,R-36106,4.12,https://canodiy.es/pinceles/217-R+36106-8429735283168.html
HERRAMIENTAS,Pinceles,pinceles,PINCEL TEJIN PLANO MANGO LARGO N12,R-36104,3.25,https://canodiy.es/pinceles/215-R+36104-8429735283120.html
HERRAMIENTAS,Pinceles,pinceles,PINCEL TEJIN PLANO MANGO LARGO N14,R-36105,3.9,https://canodiy.es/pinceles/216-R+36105-8429735283144.html
HERRAMIENTAS,Pinceles,pinceles,PINCEL TEJIN PLANO MANGO LARGO N18,R-36107,4.99,https://canodiy.es/pinceles/218-R+36107-8429735283182.html
HERRAMIENTAS,Pinceles,pinceles,PINCEL TEJIN PLANO MANGO LARGO N20,r-36108,5.64,https://canodiy.es/pinceles/1111-r+36108-8429735283212.html
HERRAMIENTAS,Pinceles,pinceles,PINCELES LARGOS REDONDOS Nº 18,R-1132,1.3,https://canodiy.es/pinceles/235-R+1132-9999999025150.html
HERRAMIENTAS,Pinceles,pinceles,PINCELES LARGOS REDONDOS Nº10,R-9909,0.6,https://canodiy.es/pinceles/236-R+9909-8412227500102.html
HERRAMIENTAS,Pinceles,pinceles,PINCELES LARGOS REDONDOS Nº14,R-1126,0.86,https://canodiy.es/pinceles/231-R+1126-9999999025143.html
HERRAMIENTAS,Pinceles,pinceles,PINCELES LARGOS REDONDOS Nº16,R-1129,1.08,https://canodiy.es/pinceles/232-R+1129-8412227500164.html
HERRAMIENTAS,Pinceles,pinceles,PINCELES LARGOS REDONDOS Nº22,R-1130,3.71,https://canodiy.es/pinceles/233-R+1130-9999999025167.html
HERRAMIENTAS,Pinceles,pinceles,PINCELES LARGOS REDONDOS Nº8,r-9908,0.53,https://canodiy.es/pinceles/1107-r+9908-8412227500089.html
HERRAMIENTAS,Precisión,precision,CALIBRADOR GRANDE DE GROSOR 30 X 300,R-10569,234.45,https://canodiy.es/precision/1109-R+10569-9999999010675.html
HERRAMIENTAS,Precisión,precision,CALIBRADOR MEDIANO DE GROSOR 30X200,R-079,204.83,https://canodiy.es/precision/81-R+079-9999999021848.html
HERRAMIENTAS,Precisión,precision,CALIBRADOR PEQUEÑO PARA MEDIR GROSOR,R-080,115.56,https://canodiy.es/precision/82-R+080-9999999001710.html
HERRAMIENTAS,Precisión,precision,CALIBRADOR PIANO 20X50,R-43075,164.09,https://canodiy.es/precision/1835-R+43075-9999999007798.html
HERRAMIENTAS,Precisión,precision,CINTA METRICA PARA MODELISTA,R-2162,3.57,https://canodiy.es/precision/28-R+2162-9999999001826.html
HERRAMIENTAS,Precisión,precision,COMPAS DE MODELISTA 110MM,R-28658,33.72,https://canodiy.es/precision/96-R+28658-9999999003363.html
HERRAMIENTAS,Precisión,precision,COMPAS DE MODELISTA Y GUARNICERO METALICO,R-5395,21.08,https://canodiy.es/precision/94-R+5395-9999999005787.html
HERRAMIENTAS,Precisión,precision,COMPAS MODELISTA METALICO 180MM,R-19735,27.56,https://canodiy.es/precision/95-R+19735.html
HERRAMIENTAS,Precisión,precision,HOJA CARTULINA PARA PATRONES 65X50 CM C/ CREMA,R-29245,0.85,https://canodiy.es/precision/8248-R+29245-9999999025983.html
HERRAMIENTAS,Precisión,precision,MEDIDOR DE ALTURA DE HORMAS METÁLICO AZUL,R-40295,47.76,https://canodiy.es/precision/194-R+40295-9999999014710.html
HERRAMIENTAS,Precisión,precision,MEDIDOR DE ALTURA DE HORMAS PLASTICO AMARILLO,R-40294,33.3,https://canodiy.es/precision/193-R+40294.html
HERRAMIENTAS,Precisión,precision,REGLA METÁLICA DE ACERO 100CM,R-15793,16.86,https://canodiy.es/precision/34-R+15793-9999999022241.html
HERRAMIENTAS,Precisión,precision,REGLA METÁLICA DE ACERO 15CM,R-15344,3.09,https://canodiy.es/precision/33-R+15344-9999999007804.html
HERRAMIENTAS,Precisión,precision,REGLA METÁLICA DE ACERO 30CM,R-11780,5.51,https://canodiy.es/precision/32-R+11780-9999999010835.html
HERRAMIENTAS,Precisión,precision,REGLA METÁLICA DE ACERO 60CM,R-8779,10.46,https://canodiy.es/precision/31-R+8779-9999999022319.html
HERRAMIENTAS,Remachadoras y Maquinária,remachadoras-y-maquinaria,APLICADOR MANUAL DE OJALES CON YUNQUE,R-46371,17.6,https://canodiy.es/remachadoras-y-maquinaria/1912-R+46371.html
HERRAMIENTAS,Remachadoras y Maquinária,remachadoras-y-maquinaria,CAJA REGULADORA SACACLAVOS ELECTRICOS,R-033,320.17,https://canodiy.es/remachadoras-y-maquinaria/282-R+033-9999999011900.html
HERRAMIENTAS,Remachadoras y Maquinária,remachadoras-y-maquinaria,DEPOSITO METALICO  PARA LIMPIEZA PARA DISOLVENTE,R-40293,90.52,https://canodiy.es/remachadoras-y-maquinaria/120-R+40293-9999999005794.html
HERRAMIENTAS,Remachadoras y Maquinária,remachadoras-y-maquinaria,DOSIFICADOR LIMPIEZA CON SOPORTE GOMA,R-2572,143.31,https://canodiy.es/remachadoras-y-maquinaria/35-R+2572-9999999010668.html
HERRAMIENTAS,Remachadoras y Maquinária,remachadoras-y-maquinaria,"MAQUINA MANUAL REMACHADORA, PERFORADORA",R-063,155.71,https://canodiy.es/remachadoras-y-maquinaria/1683-R+063-9999999001109.html
HERRAMIENTAS,Remachadoras y Maquinária,remachadoras-y-maquinaria,MÁQUINA A PEDAL REMACHADORA PERFORADORA,R-062,225.45,https://canodiy.es/remachadoras-y-maquinaria/1684-R+062-9999999022678.html
HERRAMIENTAS,Remachadoras y Maquinária,remachadoras-y-maquinaria,MÁQUINA CORTAR CINTA FAST CUT M-1000S,R-14403,489.42,https://canodiy.es/remachadoras-y-maquinaria/122-R+14403-9999999022623.html
HERRAMIENTAS,Remachadoras y Maquinária,remachadoras-y-maquinaria,MÁQUINA GRANDE  DE REMACHAR T-6,R-43116,502.71,https://canodiy.es/remachadoras-y-maquinaria/1911-R+43116.html
HERRAMIENTAS,Remachadoras y Maquinária,remachadoras-y-maquinaria,MÁQUINA MANUAL REMACHADORA PERFORADORA,R-44646,93.38,https://canodiy.es/remachadoras-y-maquinaria/1685-R+44646-9999999022692.html
HERRAMIENTAS,Remachadoras y Maquinária,remachadoras-y-maquinaria,PISTOLA DE SILICONA TERMICA,R-3471,14.67,https://canodiy.es/remachadoras-y-maquinaria/242-R+3471-9999999022906.html
HERRAMIENTAS,Remachadoras y Maquinária,remachadoras-y-maquinaria,PLANCHA PEQUEÑA PARA QUITAR ARRUGAS,R-22021,48.02,https://canodiy.es/remachadoras-y-maquinaria/243-R+22021-9999999004551.html
HERRAMIENTAS,Remachadoras y Maquinária,remachadoras-y-maquinaria,REGULADOR NEGRO DE PLANCHA ELECTRICA,R-10152,69.37,https://canodiy.es/remachadoras-y-maquinaria/1133-R+10152-9999999008092.html
HERRAMIENTAS,Remachadoras y Maquinária,remachadoras-y-maquinaria,RESISTENCIA RECTANGUAR DE PLANCHA,R-494,14.67,https://canodiy.es/remachadoras-y-maquinaria/346-R+494-9999999023521.html
HERRAMIENTAS,Remachadoras y Maquinária,remachadoras-y-maquinaria,RESISTENCIAS PLANCHA PEQUEÑA ALMACEN CALZADO,R-032,13.34,https://canodiy.es/remachadoras-y-maquinaria/250-R+032-9999999008078.html
HERRAMIENTAS,Remachadoras y Maquinária,remachadoras-y-maquinaria,"TENAZA MACIZA PARA COLOCAR LENTEJUELAS, REMACHES Y OJETES",R-040,71.77,https://canodiy.es/remachadoras-y-maquinaria/258-R+040-9999999023569.html
HERRAMIENTAS,Remachadoras y Maquinária,remachadoras-y-maquinaria,TROQUEL FORRAR BOTONES EN TELA DE 10MM REF.3200125,R-50516,62.36,https://canodiy.es/remachadoras-y-maquinaria/3243-R+50516.html
HERRAMIENTAS,Tijeras,tijeras,"TIJERA 4,5'' PEQUEÑA PUNTA CURVADA 3 Claveles",R-052,21.32,https://canodiy.es/tijeras/261-R+052-8410990020179.html
HERRAMIENTAS,Tijeras,tijeras,TIJERA CORTAHILOS 5,R-18834,5.63,https://canodiy.es/tijeras/1449-R+18834-9999999006548.html
HERRAMIENTAS,Tijeras,tijeras,TIJERA CORTAHILOS METALICA,R-40718,2.86,https://canodiy.es/tijeras/265-R+40718-9999999003929.html
HERRAMIENTAS,Tijeras,tijeras,TIJERA COSTURA 135MM ARCOS.,R-653,22.44,https://canodiy.es/tijeras/266-R+653-8421002513503.html
HERRAMIENTAS,Tijeras,tijeras,TIJERA COSTURA 165MM ARCOS.,R-055,21.69,https://canodiy.es/tijeras/267-R+055-8421002516504.html
HERRAMIENTAS,Tijeras,tijeras,TIJERA DE COSTURA 6'' PUNTA CURVADA,R-1263,13.29,https://canodiy.es/tijeras/264-R+1263-9999999002076.html
HERRAMIENTAS,Tijeras,tijeras,TIJERA DE COSTURA 6'' RECTA FILARMONICA,R-050,20.52,https://canodiy.es/tijeras/263-R+050-8410990030314.html
HERRAMIENTAS,Tijeras,tijeras,TIJERA DE COSTURA 7'' RECTA,R-047,19.34,https://canodiy.es/tijeras/268-R+047-8421002504204.html
HERRAMIENTAS,Tijeras,tijeras,TIJERA DE COSTURA USOS 210MM ARCOS,R-10359,30.42,https://canodiy.es/tijeras/262-R+10359-8421002521003.html
HERRAMIENTAS,Tijeras,tijeras,TIJERA DE ZAPATERO 8'' RECTA ARCOS,R-043,52.08,https://canodiy.es/tijeras/271-R+043-8410990000751.html
HERRAMIENTAS,Tijeras,tijeras,TIJERA GRANDE CURVADA 21CM. TAN,R-44528,20.64,https://canodiy.es/tijeras/5457-R+44528-9999999012952.html
HERRAMIENTAS,Tijeras,tijeras,TIJERA OBN DE CORTAR PALILLOS CALZADO,R-045,13.34,https://canodiy.es/tijeras/269-R+045-4078500061001.html
HERRAMIENTAS,Tijeras,tijeras,TIJERA PROFESIONAL 9'' DE CORTE EN ZIG ZAG 3 Claveles,R-4475,53.02,https://canodiy.es/tijeras/270-R+4475-8410990001253.html
HERRAMIENTAS,Tijeras,tijeras,"TIJERAS 4.5"" RECTA FILARMONICA REF. 03016",R-49852,13.92,https://canodiy.es/tijeras/3117-R+49852-8410990030161.html
HERRAMIENTAS,Tijeras,tijeras,TIJERAS COSTURA 165MM. REF. 5165N KAI NEGRA,R-52277,28.01,https://canodiy.es/tijeras/5007-R+52277-4901331501920.html
HERRAMIENTAS,Tijeras,tijeras,"TIJERAS PROFESIONAL 9,5 3 Claveles",R-584,48.02,https://canodiy.es/tijeras/1448-R+584-8410990001246.html
HERRAMIENTAS,Útiles,utiles,APLICADOR MANUAL PARA PINTAR CANTOS,R-21099,14.65,https://canodiy.es/utiles/67-R+21099-9999999000188.html
HERRAMIENTAS,Útiles,utiles,BROCHA DE RECAMBIO DE PISTOLA AUTOMATICA DE COLA,R-024,3.2,https://canodiy.es/utiles/80-R+024-9999999023989.html
HERRAMIENTAS,Útiles,utiles,CALZADOR METALICO PLEGABLE 11CM. REF. 511.0185.0000,R-9496,4.19,https://canodiy.es/utiles/4471-R+9496-9999999022203.html
HERRAMIENTAS,Útiles,utiles,CALZADOR METÁLICO 12CM. REF. 511.0184.0000,R-7586,2.24,https://canodiy.es/utiles/4470-R+7586-9999999022197.html
HERRAMIENTAS,Útiles,utiles,CHAIRAS PIEDRA NATURAL PREPARADA,R-21688,36.02,https://canodiy.es/utiles/93-R+21688-9999999002144.html
HERRAMIENTAS,Útiles,utiles,CREPE FINO LIMPIEZA CALZADO,R-756,1.09,https://canodiy.es/utiles/2400-R+756-9999999016882.html
HERRAMIENTAS,Útiles,utiles,CREPE GRUESO LIMPIEZA CALZADO,R-11497,1.18,https://canodiy.es/utiles/98-R+11497-9999999023798.html
HERRAMIENTAS,Útiles,utiles,CUCHILLA CURVADA ZAPATERO DE REBAJAR A MANO 22X300MM,R-087,17.47,https://canodiy.es/utiles/345-R+087-9999999004063.html
HERRAMIENTAS,Útiles,utiles,CUCHILLA CURVADA ZAPATERO DE REBAJAR A MANO 30X300MM,R-32346,20.98,https://canodiy.es/utiles/344-R+32346-9999999022333.html
HERRAMIENTAS,Útiles,utiles,CUCHILLA ESPATULA ALMACEN CORTA,R-089,7.47,https://canodiy.es/utiles/734-R+089-9999999003868.html
HERRAMIENTAS,Útiles,utiles,CUCHILLA ZAPATERO DE REBAJAR A MANO 12X280MM,R-088,14.52,https://canodiy.es/utiles/115-R+088-9999999004056.html
HERRAMIENTAS,Útiles,utiles,CUCHILLA ZAPATERO DE REBAJAR A MANO 18X270MM,R-43190,15.46,https://canodiy.es/utiles/733-R+43190-9999999022326.html
HERRAMIENTAS,Útiles,utiles,CUCHILLA ZAPATERO DE REBAJAR A MANO 20X280MM,R-43191,16.05,https://canodiy.es/utiles/735-R+43191-9999999016967.html
HERRAMIENTAS,Útiles,utiles,CUCHILLA ZAPATERO DE REBAJAR A MANO 24X300MM,R-7908,18.38,https://canodiy.es/utiles/116-R+7908-9999999016387.html
HERRAMIENTAS,Útiles,utiles,DESCOSEDOR DE COSTURAS,R-10343,1.09,https://canodiy.es/utiles/121-R+10343-9999999022401.html
HERRAMIENTAS,Útiles,utiles,HERRAMIENTA MANUAL PARA SACAR CLAVOS,R-036,17.65,https://canodiy.es/utiles/254-R+036-9999999001802.html
HERRAMIENTAS,Útiles,utiles,HERRAMIENTA O CHAIRA DE ACERO PARA AFILAR 770-7,R-10618,11.55,https://canodiy.es/utiles/92-R+10618-8421002278105.html
HERRAMIENTAS,Útiles,utiles,HERRAMIENTA PARA SACAR GRAPAS,R-531,15.42,https://canodiy.es/utiles/257-R+531-9999999004049.html
HERRAMIENTAS,Útiles,utiles,HERRAMIENTA PATA DE CABRA O BRUÑIDORA GRANDE REF. 24,R-16568,38.15,https://canodiy.es/utiles/205-R+16568.html
HERRAMIENTAS,Útiles,utiles,HERRAMIENTA SACAFILOS,R-037,16.28,https://canodiy.es/utiles/255-R+037-9999999002571.html
HERRAMIENTAS,Útiles,utiles,HERRAMIENTA SACAFILOS MAS CURVADO,R-6449,16.28,https://canodiy.es/utiles/256-R+6449-9999999002588.html
HERRAMIENTAS,Útiles,utiles,INFERNILLO DE HIERRO QUEMAHILOS,R-078,114.73,https://canodiy.es/utiles/123-R+078-9999999001857.html
HERRAMIENTAS,Útiles,utiles,JUEGO DE PUNZONES NUMERADORES 0-9 PARA CUERO,R-68342,16.09,https://canodiy.es/utiles/9686-R+68342-9999999036651.html
HERRAMIENTAS,Útiles,utiles,LEZNA PUNZON MANUAL PARA PERFORAR 2MM,R-029,7.55,https://canodiy.es/utiles/244-R+029-9999999001734.html
HERRAMIENTAS,Útiles,utiles,LIMA PARA AFILAR EN TRIANGULO Nº5,R-053,13.35,https://canodiy.es/utiles/174-R+053-8414299016772.html
HERRAMIENTAS,Útiles,utiles,LIMA PARA AFILAR EN TRIANGULO Nº6,R-054,15.49,https://canodiy.es/utiles/175-R+054-8414299016819.html
HERRAMIENTAS,Útiles,utiles,MANGO DE MADERA PARA LIMA DE TRIANGULO,R-23764,4.41,https://canodiy.es/utiles/185-R+23764-9999999013331.html
HERRAMIENTAS,Útiles,utiles,MANGO PARA LEZNA,R-39651,4.41,https://canodiy.es/utiles/183-R+39651-9999999017407.html
HERRAMIENTAS,Útiles,utiles,MANGO PORTA AGUJAS DE PICAR CUERO 3MM.,R-6680,52.57,https://canodiy.es/utiles/2255-R+6680-9999999002090.html
HERRAMIENTAS,Útiles,utiles,MANGO PORTA AGUJAS DE PICAR CUERO 5MM.,R-14850,57.83,https://canodiy.es/utiles/2256-R+14850-9999999018107.html
HERRAMIENTAS,Útiles,utiles,PISTOLA AUTOMÀTICA PARA DAR COLA 200ML,R-023,26.36,https://canodiy.es/utiles/241-R+023-9999999005503.html
HERRAMIENTAS,Útiles,utiles,PISTOLA DIFUMINAR YRIS-28 PASO 0.5,R-20469,385.2,https://canodiy.es/utiles/1119-R+20469-8425232100816.html
HERRAMIENTAS,Útiles,utiles,PISTOLAS PARA DIFUMINAR VICTORIA 16,R-026,547.79,https://canodiy.es/utiles/1117-R+026-8425232100762.html
HERRAMIENTAS,Útiles,utiles,PLANCHA CORTADOR VERDE GKS JAPAN 60 X 45CM,R-40707,48.23,https://canodiy.es/utiles/1447-R+40707-9999999005817.html
HERRAMIENTAS,Útiles,utiles,PLANCHA CORTADOR VERDE GKS JAPAN VERDE 60X90CM,R-48237,70.17,https://canodiy.es/utiles/2402-R+48237-9999999022975.html
HERRAMIENTAS,Útiles,utiles,PLANCHA CORTADOR VERDE WILIER TAIWAN 45X60CM,R-48236,35.68,https://canodiy.es/utiles/2401-R+48236-8010758002401.html
HERRAMIENTAS,Útiles,utiles,PLANCHAS NYLON CEPPO BLANCO 900X450X50,R-6359,273.39,https://canodiy.es/utiles/2403-R+6359.html
HERRAMIENTAS,Útiles,utiles,"RECIPIENTE DOSIFICADOR PARA DAR COLA 0,4L",R-1042,8.14,https://canodiy.es/utiles/278-R+1042-9999999022999.html
HERRAMIENTAS,Útiles,utiles,"RECIPIENTE DOSIFICADOR PARA DAR COLA 0,9L",R-6343,10.14,https://canodiy.es/utiles/279-R+6343-9999999023002.html
HERRAMIENTAS,Útiles,utiles,"RECIPIENTE DOSIFICADOR PARA DAR COLA 1,5L",R-1044,13.11,https://canodiy.es/utiles/280-R+1044-9999999023514.html
HERRAMIENTAS,Útiles,utiles,RECIPIENTE DOSIFICADOR PARA DAR COLA 3L,R-1048,14.86,https://canodiy.es/utiles/281-R+1048-9999999023507.html
HERRAMIENTAS,Útiles,utiles,RODILLO METÁLICO PARA PINTAR CANTOS TAPA ROJA,R-27381,31.44,https://canodiy.es/utiles/186-R+27381-9999999005145.html
HERRAMIENTAS,Útiles,utiles,RODILLO PARA ASENTAR CUERO,R-40360,29.34,https://canodiy.es/utiles/2398-R+40360.html
HERRAMIENTAS,Útiles,utiles,RODILLO PARA PINTAR CANTOS CAJA ROSA,R-9024,17.8,https://canodiy.es/utiles/187-R+9024-9999999000171.html
HERRAMIENTAS,Útiles,utiles,SUJETA ESPATULA METALICO PARA INFERNILLO,R-51308,58.7,https://canodiy.es/utiles/3346-R+51308-9999999023545.html
HILOS,BOBINA 200 MTS,bobina-200-mts,BOBINA HILO AMARILLO TERA 20 200 MTS. C/0106,R-43334,2.17,https://canodiy.es/bobina-200-mts/398-R+43334.html
HILOS,BOBINA 200 MTS,bobina-200-mts,BOBINA HILO BEIG TERA 20/3 200 MTS. C/0186,R-43337,2.17,https://canodiy.es/bobina-200-mts/401-R+43337.html
HILOS,BOBINA 200 MTS,bobina-200-mts,BOBINA HILO MARRÓN TERA 20/3 200 MTS. C/ 0181,R-43336,2.17,https://canodiy.es/bobina-200-mts/400-R+43336.html
HILOS,BOBINA 200 MTS,bobina-200-mts,BOBINA HILO MORADO TERA 20 200 MTS. C/ 0732,R-43330-QYA6U,2.17,https://canodiy.es/bobina-200-mts/2859-R+43330+QYA6U.html
HILOS,BOBINA 200 MTS,bobina-200-mts,BOBINA HILO ROJO TERA 20 200 MTS. C/0156,R-43335,2.17,https://canodiy.es/bobina-200-mts/399-R+43335.html
HILOS,BOBINA 200 MTS,bobina-200-mts,BOBINA HILO VERDE TERA 20 200 MTS. C/0237,R-43338,2.17,https://canodiy.es/bobina-200-mts/402-R+43338.html
HILOS,BOBINA 200 MTS,bobina-200-mts,BOBINA HILO VERDE TERA 20/3 200 MTS. C/0925,R-43340,2.17,https://canodiy.es/bobina-200-mts/404-R+43340.html
HILOS,BOBINA 300 MTS,bobina-300-mts,BOBINA HILO BEIG CRUDO MARA 30/3 300 MTS. C/ 0802,R-43602-PGHKV,2.86,https://canodiy.es/bobina-300-mts/7019-R+43602+PGHKV.html
HILOS,BOBINA 300 MTS,bobina-300-mts,BOBINA HILO GRIS MARA 30/3 300 MTS. C/ 0038,R-43602,2.86,https://canodiy.es/bobina-300-mts/640-R+43602.html
HILOS,BOBINA 700 MTS,bobina-700-mts,BOBINA HILO VERDE MARA 70/3 700 MTS. C/ 0553,R-64512,2.81,https://canodiy.es/bobina-700-mts/8198-R+64512.html
HILOS,CONO 1200 MTS,cono-1200-mts,CONO HILO GRIS MARA 30 1200 MTS. C/ 0122,R-20490,10.95,https://canodiy.es/cono-1200-mts/5587-R+20490-4008015904333.html
HILOS,CONO 1200 MTS,cono-1200-mts,CONO HILO MARRÓN CAOBA MARA 30 1200 MTS. C/ 0448,R-9961,10.95,https://canodiy.es/cono-1200-mts/3049-R+9961-4008015409876.html
HILOS,CONO 1200 MTS,cono-1200-mts,CONO HILO VERDE OSCURO MARA 30 1200 MTS. C/ 0678,R-19502,10.95,https://canodiy.es/cono-1200-mts/5531-R+19502-4008015410605.html
HILOS,CONO 2800 MTS,cono-2800-mts,CONO HILO MARRÓN MARA 70/3 2800 MTS. C/ 0697,R-2479,9.9,https://canodiy.es/cono-2800-mts/9695-R+2479.html
HILOS,CONO 5000 MTS,cono-5000-mts,CONO HILO AZUL MARINO MARA 120/3 5000 MTS. C/ 0665,R-53060,10.7,https://canodiy.es/cono-5000-mts/4420-R+53060.html
HILOS,CONO 5000 MTS,cono-5000-mts,CONO HILO BLANCO ROTO MARA 120/3 5000 MTS. C/ 0001,R-44374,10.7,https://canodiy.es/cono-5000-mts/7187-R+44374.html
HILOS,Encerados,encerados,A-PACK 10 BOBINAS HILO ENCERADO GAMA PARA EL CUERO CONO 100GR (175MTS.),R-68073,54.76,https://canodiy.es/encerados/9631-R+68073.html
HILOS,Encerados,encerados,A-PACK 35 BOBINAS HILO ENCERADO CONO 100GR (175 METROS),R-68081,191.65,https://canodiy.es/encerados/9632-R+68081.html
HILOS,Encerados,encerados,A-PACK 5 BOBINAS HILO ENCERADO COLORES ESSENCIAL CONO 100GR (175MTS.),R-68069,27.38,https://canodiy.es/encerados/9628-R+68069.html
HILOS,Encerados,encerados,A-PACK 5 BOBINAS HILO ENCERADO COLORES FLUOR CONO 100GR (175MTS.),R-68070,27.38,https://canodiy.es/encerados/9629-R+68070.html
HILOS,Encerados,encerados,A-PACK 5 BOBINAS HILO ENCERADO MULTICOLOR CONO 100GR (175MTS.),R-68071,27.38,https://canodiy.es/encerados/9630-R+68071.html
HILOS,Encerados,encerados,CONO 500 MTS HILO ENCERADO 1.6MM MULTICOLOR,R-62779,43.77,https://canodiy.es/encerados/7938-R+62779-9999999025044.html
HILOS,Encerados,encerados,CONO HILO ENCERADO AMARILLO 175 MTS C/ 121,R-55593,5.48,https://canodiy.es/encerados/5485-R+55593-9999999003448.html
HILOS,Encerados,encerados,CONO HILO ENCERADO AMARILLO FLÚOR 175 MTS C/ 141,R-55615,5.48,https://canodiy.es/encerados/5471-R+55615-9999999003653.html
HILOS,Encerados,encerados,CONO HILO ENCERADO AZUL 175 MTS C/ 117,R-55590,5.48,https://canodiy.es/encerados/5481-R+55590-9999999003417.html
HILOS,Encerados,encerados,CONO HILO ENCERADO AZUL 175 MTS C/ 119,R-55598,5.48,https://canodiy.es/encerados/5483-R+55598-9999999003486.html
HILOS,Encerados,encerados,CONO HILO ENCERADO AZUL MARINO 175 MTS C/ 120,R-55594,5.48,https://canodiy.es/encerados/5484-R+55594-9999999003455.html
HILOS,Encerados,encerados,CONO HILO ENCERADO AZUL TURQUESA 175 MTS C/ 118,R-55603,5.48,https://canodiy.es/encerados/5482-R+55603-9999999003530.html
HILOS,Encerados,encerados,CONO HILO ENCERADO BEIGE 175 MTS C/ 103,R-55600,5.48,https://canodiy.es/encerados/5477-R+55600-9999999003509.html
HILOS,Encerados,encerados,CONO HILO ENCERADO BEIGE 175 MTS C/ 107,R-55602,5.48,https://canodiy.es/encerados/5478-R+55602-9999999003523.html
HILOS,Encerados,encerados,CONO HILO ENCERADO BEIGE 175 MTS C/ 111,R-64793,5.48,https://canodiy.es/encerados/8356-R+64793-9999999026928.html
HILOS,Encerados,encerados,CONO HILO ENCERADO BEIGE VERDOSO 175 MTS C/ 102,R-55588,5.48,https://canodiy.es/encerados/5476-R+55588-9999999003394.html
HILOS,Encerados,encerados,CONO HILO ENCERADO BLANCO 175 MTS C/ 101,R-55586,5.48,https://canodiy.es/encerados/5475-R+55586-9999999003370.html
HILOS,Encerados,encerados,CONO HILO ENCERADO ENCERADO 175 MTS C/ 131,R-55609,5.48,https://canodiy.es/encerados/5466-R+55609-9999999003592.html
HILOS,Encerados,encerados,CONO HILO ENCERADO FUCSIA 175 MTS C/ 126,R-55604,5.48,https://canodiy.es/encerados/5490-R+55604-9999999003547.html
HILOS,Encerados,encerados,CONO HILO ENCERADO GRIS 175 MTS C/ 133,R-55611,5.48,https://canodiy.es/encerados/5468-R+55611-9999999003615.html
HILOS,Encerados,encerados,CONO HILO ENCERADO GRIS 175 MTS C/ 134,R-55612,5.48,https://canodiy.es/encerados/5467-R+55612-9999999003622.html
HILOS,Encerados,encerados,CONO HILO ENCERADO GRIS 175 MTS C/ 135,R-55589,5.48,https://canodiy.es/encerados/5469-R+55589-9999999003400.html
HILOS,Encerados,encerados,CONO HILO ENCERADO LILA 175 MTS C/ 129,R-55607,5.48,https://canodiy.es/encerados/5464-R+55607-9999999003578.html
HILOS,Encerados,encerados,CONO HILO ENCERADO MARRÓN 175 MTS C/ 112,R-64686,5.48,https://canodiy.es/encerados/8335-R+64686-9999999026737.html
HILOS,Encerados,encerados,CONO HILO ENCERADO MARRÓN 175 MTS C/ 138,R-55614,5.48,https://canodiy.es/encerados/5470-R+55614-9999999003646.html
HILOS,Encerados,encerados,CONO HILO ENCERADO MARRÓN 175 MTS C/ 146,R-64688,5.48,https://canodiy.es/encerados/8334-R+64688-9999999026751.html
HILOS,Encerados,encerados,CONO HILO ENCERADO MARRÓN CAMEL 175 MTS C/ 140,R-64687,5.48,https://canodiy.es/encerados/8336-R+64687-9999999026744.html
HILOS,Encerados,encerados,CONO HILO ENCERADO MARRÓN CUERO 175 MTS C/ 114,R-55601,5.48,https://canodiy.es/encerados/5479-R+55601-9999999003516.html
HILOS,Encerados,encerados,CONO HILO ENCERADO MARRÓN OSCURO 175 MTS C/ 115,R-55591,5.48,https://canodiy.es/encerados/5480-R+55591-9999999003424.html
HILOS,Encerados,encerados,CONO HILO ENCERADO MORADO OSCURO 175 MTS C/ 128,R-55606,5.48,https://canodiy.es/encerados/5462-R+55606-9999999003561.html
HILOS,Encerados,encerados,CONO HILO ENCERADO MORADO OSCURO 175 MTS C/ 130,R-55608,5.48,https://canodiy.es/encerados/5463-R+55608-9999999003585.html
HILOS,Encerados,encerados,CONO HILO ENCERADO MULTICOLOR 175 MTS C/ 124,R-55596,5.48,https://canodiy.es/encerados/5489-R+55596-9999999003462.html
HILOS,Encerados,encerados,CONO HILO ENCERADO NARANJA 175 MTS C/ 122,R-55592,5.48,https://canodiy.es/encerados/5486-R+55592-9999999003431.html
HILOS,Encerados,encerados,CONO HILO ENCERADO NARANJA FLÚOR 175 MTS C/ 142,R-55616,5.48,https://canodiy.es/encerados/5473-R+55616-9999999003660.html
HILOS,Encerados,encerados,CONO HILO ENCERADO NEGRO 175 MTS C/ 100,R-55587,5.48,https://canodiy.es/encerados/6762-R+55587-9999999003387.html
HILOS,Encerados,encerados,CONO HILO ENCERADO ROJO 175 MTS C/ 127,R-55605,5.48,https://canodiy.es/encerados/5461-R+55605-9999999003554.html
HILOS,Encerados,encerados,CONO HILO ENCERADO ROJO CORAL 175 MTS C/ 123,R-55597,5.48,https://canodiy.es/encerados/5487-R+55597-9999999003479.html
HILOS,Encerados,encerados,CONO HILO ENCERADO ROJO FLÚOR 175 MTS C/ 144,R-55618,5.48,https://canodiy.es/encerados/5474-R+55618-9999999003684.html
HILOS,Encerados,encerados,CONO HILO ENCERADO ROSA 175 MTS C/ 125,R-55599,5.48,https://canodiy.es/encerados/5488-R+55599-9999999003493.html
HILOS,Encerados,encerados,CONO HILO ENCERADO VERDE FLÚOR 175 MTS C/ 143,R-55617,5.48,https://canodiy.es/encerados/5472-R+55617-9999999003677.html
HILOS,Encerados,encerados,CONO HILO ENCERADO VERDE OSCURO 175 MTS C/ 132,R-55610,5.48,https://canodiy.es/encerados/5465-R+55610-9999999003608.html
HILOS,Gütermann Mara,guetermann-mara,BOBINA HILO LILA MARA 30/3 300 MTS. C/ 0656,R-43622,2.86,https://canodiy.es/guetermann-mara/658-R+43622.html
HILOS,Gütermann Mara,guetermann-mara,PACK 10 BOBINAS PARA VAQUEROS MARA 30,R-59706,28.24,https://canodiy.es/guetermann-mara/6716-R+59706.html
HILOS,HILO GÜTERMANN MARA,hilo-guetermann-mara,AA CARTA DE COLORES MARA CANODIY,R-66148,2.99,https://canodiy.es/hilo-guetermann-mara/9220-R+66148-9999999030482.html
HILOS,HILO GÜTERMANN TERA,hilo-guetermann-tera,AA CARTA COLORES TERA CANODIY,R-64903,2.99,https://canodiy.es/hilo-guetermann-tera/9221-R+64903-9999999030499.html
HILOS,HILO GÜTERMANN TERA,hilo-guetermann-tera,BOBINA HILO NEGRO TERA 15 400 MTS. C/0000,R-43356-2O3RQ,5.96,https://canodiy.es/hilo-guetermann-tera/6654-R+43356+2O3RQ.html
HILOS,HILO GÜTERMANN TERA,hilo-guetermann-tera,CONO HILO BEIGE TERA 8 800 MTS. C/0131,R-25494,17.57,https://canodiy.es/hilo-guetermann-tera/6542-R+25494.html
HILOS,HILO GÜTERMANN TERA,hilo-guetermann-tera,CONO HILO MARRÓN OSCURO TERA 8 800 MTS. C/0696,R-12732,17.57,https://canodiy.es/hilo-guetermann-tera/6541-R+12732.html
HILOS,HILOS,hilos,CONO HILO BLANCO SOLBOND 20/3 1500 MTS. C/ 111,R-36654,15.67,https://canodiy.es/hilos/3515-R+36654.html
HILOS,HILOS,hilos,CONO HILO BLANCO SOLBOND 40/3 3000 MTS. C/ 111,R-49476,20.55,https://canodiy.es/hilos/3514-R+49476.html
HILOS,HILOS,hilos,CONO HILO DORADO POLAR 0.4 MM 500 MTS,R-9603,37.52,https://canodiy.es/hilos/6658-R+9603.html
HILOS,HILOS,hilos,CONO HILO DORADO POLAR 0.8 MM 500 MTS,R-10163,78.81,https://canodiy.es/hilos/6659-R+10163.html
HILOS,HILOS,hilos,CONO HILO DORADO POLAR 30/3 800 MTS,R-44828,29.27,https://canodiy.es/hilos/6655-R+44828.html
HILOS,HILOS,hilos,CONO HILO NEGRO SOLBOND 10/3 1000 MTS. C/ 9527,R-60314,18.11,https://canodiy.es/hilos/7097-R+60314.html
HILOS,HILOS,hilos,CONO HILO PLATEADO POLAR 0.4 MM 500 MTS,R-9604,37.52,https://canodiy.es/hilos/6657-R+9604.html
HILOS,HILOS,hilos,CONO HILO PLATEADO POLAR 0.8 MM 500 MTS,R-9483,78.81,https://canodiy.es/hilos/6660-R+9483.html
HILOS,Hilo Elástico,hilo-elastico,BOBINA HILO AZUL MARINO ELÁSTICO-15 10MTS. C/ 5262,R-60804-U5BEH,1.74,https://canodiy.es/hilo-elastico/6995-R+60804+U5BEH.html
HILOS,Hilo Elástico,hilo-elastico,BOBINA HILO BLANCO ELÁSTICO-15 10MTS. C/5019,R-60804-QASSE,1.74,https://canodiy.es/hilo-elastico/6999-R+60804+QASSE.html
HILOS,Hilo Elástico,hilo-elastico,BOBINA HILO MARRÓN ELÁSTICO-15 10MTS. C/4002,R-60804-WUSPU,1.74,https://canodiy.es/hilo-elastico/6997-R+60804+WUSPU.html
HILOS,Hilo Elástico,hilo-elastico,BOBINA HILO NEGRO ELÁSTICO-15 10MTS. C/4017,R-60804,1.74,https://canodiy.es/hilo-elastico/6993-R+60804.html
HILOS,Hilo Elástico,hilo-elastico,CONO HILO BLANCO ELÁSTICO-15 1000 MTS. C/ 0800,R-26262,21.5,https://canodiy.es/hilo-elastico/6991-R+26262-4008015789121.html
HILOS,Hilo Elástico,hilo-elastico,CONO HILO CRUDO ELÁSTICO-15 1000 MTS. C/ 0005,R-51041,21.5,https://canodiy.es/hilo-elastico/6989-R+51041.html
HILOS,Hilo Elástico,hilo-elastico,CONO HILO ELÁSTICO BLANCO SABAFLEX-30 900MT C/ 1000,R-50094,10.13,https://canodiy.es/hilo-elastico/9273-R+50094.html
HILOS,Hilo Elástico,hilo-elastico,CONO HILO ELÁSTICO NEGRO SABAFLEX-30 900MT C/ 4000,R-50789,10.13,https://canodiy.es/hilo-elastico/9274-R+50789.html
HILOS,Hilo Elástico,hilo-elastico,CONO HILO ELÁSTICO NEGRO SABAFLEX-50 1200 MTS C/ 4000,R-48899,9.88,https://canodiy.es/hilo-elastico/9633-R+48899.html
HILOS,Hilo Elástico,hilo-elastico,CONO HILO MARRÓN OSCURO ELÁSTICO-15 1000 MTS. C/ 4002,R-5710,21.5,https://canodiy.es/hilo-elastico/6990-R+5710-4008015626914.html
HILOS,Hilo Elástico,hilo-elastico,CONO HILO NEGRO ELÁSTICO-15 1000 MTS. C/ 0000,R-3723,21.5,https://canodiy.es/hilo-elastico/6988-R+3723-4008015789138.html
HILOS,Hilo Gütermann Tera,,BOBINA HILO AZUL MARINO TERA 80/3 2400 MTS. C/0339,R-43577-BDXBY,7.2,https://canodiy.es/8342-R+43577+BDXBY.html
HILOS,Hilo Gütermann Tera,,BOBINA HILO AZUL OSCURO TERA 20/3 600 MTS. C/0312,R-43367,6.24,https://canodiy.es/431-R+43367.html
HILOS,Hilo Gütermann Tera,,BOBINA HILO BLANCO TERA 60 600 MTS. C/0800,R-43531,2.12,https://canodiy.es/593-R+43531.html
HILOS,Hilo Gütermann Tera,,BOBINA HILO GRIS TERA 60 600 MTS. C/0701,R-43529,2.4,https://canodiy.es/591-R+43529.html
HILOS,Hilo Gütermann Tera,,BOBINA HILO MARRÓN CAOBA TERA 60 600 MTS. C/0650,R-43527,2.4,https://canodiy.es/589-R+43527.html
HILOS,Hilo Gütermann Tera,,BOBINA HILO MARRÓN TERA 60 600 MTS. C/0697,R-43528,2.4,https://canodiy.es/590-R+43528.html
HILOS,Hilo Gütermann Tera,,BOBINA HILO MARRÓN TERA 60 600 MTS. C/0724,R-43530,2.4,https://canodiy.es/592-R+43530.html
HILOS,Hilo Gütermann Tera,,BOBINA HILO NEGRO TERA 80/3 2400 MTS. C/0000,R-43577,7.2,https://canodiy.es/628-R+43577.html
HILOS,Hilo Gütermann Tera,,BOBINA HILO ROJO BURDEOS TERA 80/3 2400 MTS. C/0368,R-43577-C9PFM,7.2,https://canodiy.es/8340-R+43577+C9PFM.html
HILOS,Hilo Gütermann Tera,,BOBINA HILO ROJO FLUOR TERA 60 600 MTS. C/3722,R-43532,2.4,https://canodiy.es/594-R+43532.html
HILOS,Hilo Gütermann Tera,,BOBINA HILO ROJO TERA 80/3 2400 MTS. C/0156,R-43579,7.2,https://canodiy.es/630-R+43579.html
HILOS,Hilo Gütermann Tera,,BOBINA HILO VERDE PINO TERA 80 2400 MTS. C/0237,R-43577-S7M6G,7.2,https://canodiy.es/8338-R+43577+S7M6G.html
HILOS,Hilo Gütermann Tera,,BOBINA HILO VERDE TERA 60 600 MTS. C/0925,R-43533,2.4,https://canodiy.es/595-R+43533.html
HILOS,Hilos Poliamida,hilos-poliamida,BOBINA DE HILO POLIAMIDA BEIGE ZWILON 40/3 1200 MTS. C/1334,R-62706-WF0L1,5.51,https://canodiy.es/hilos-poliamida/7370-R+62706+WF0L1.html
HILOS,Hilos Poliamida,hilos-poliamida,BOBINA DE HILO POLIAMIDA CRUDO ZWILON 40/3 1200 MTS. C/0414,R-62706-O4H1N,5.51,https://canodiy.es/hilos-poliamida/7362-R+62706+O4H1N.html
HILOS,Hilos Poliamida,hilos-poliamida,BOBINA DE HILO POLIAMIDA GRIS ZWILON 40/3 1200 MTS. C/0701,R-62706-DGFAG,5.51,https://canodiy.es/hilos-poliamida/7368-R+62706+DGFAG.html
HILOS,Hilos Poliamida,hilos-poliamida,BOBINA DE HILO POLIAMIDA MARRÓN CAOBA ZWILON 40/3 1200 MTS. C/0448,R-62706-DN6BT,5.51,https://canodiy.es/hilos-poliamida/7364-R+62706+DN6BT.html
HILOS,Hilos Poliamida,hilos-poliamida,BOBINA DE HILO POLIAMIDA MARRÓN OSCURO ZWILON 40/3 1200 MTS. C/0696,R-62706-3AS6X,5.51,https://canodiy.es/hilos-poliamida/7366-R+62706+3AS6X.html
HILOS,Hilos Poliamida,hilos-poliamida,BOBINA DE HILO POLIAMIDA MARRÓN ZWILON 40/3 1200 MTS. C/0215,R-62706,5.51,https://canodiy.es/hilos-poliamida/7359-R+62706.html
HILOS,Hilos Poliamida,hilos-poliamida,BOBINA HILO POLIAMIDA AMARILLO ZWILON 60/3 1800 MTS. C/0327,R-62717-HWTZE,6.12,https://canodiy.es/hilos-poliamida/7382-R+62717+HWTZE.html
HILOS,Hilos Poliamida,hilos-poliamida,BOBINA HILO POLIAMIDA AZUL CELESTE ZWILON 60/3 1800 MTS. C/0196,R-62717-ADSZH,6.12,https://canodiy.es/hilos-poliamida/7379-R+62717+ADSZH.html
HILOS,Hilos Poliamida,hilos-poliamida,BOBINA HILO POLIAMIDA BEIGE ZWILON 60/3 1800 MTS. C/1334,R-62717-VIQVH,6.12,https://canodiy.es/hilos-poliamida/7394-R+62717+VIQVH.html
HILOS,Hilos Poliamida,hilos-poliamida,BOBINA HILO POLIAMIDA BLANCO ZWILON 60/3 1800 MTS. C/0800,R-62717-MDYOS,5.46,https://canodiy.es/hilos-poliamida/7389-R+62717+MDYOS.html
HILOS,Hilos Poliamida,hilos-poliamida,BOBINA HILO POLIAMIDA GRIS CLARO ZWILON 60/3 1800 MTS. C/0299,R-62717-DYYOC,6.12,https://canodiy.es/hilos-poliamida/7381-R+62717+DYYOC.html
HILOS,Hilos Poliamida,hilos-poliamida,BOBINA HILO POLIAMIDA MARRÓN CAOBA ZWILON 60/3 1800 MTS. C/0448,R-62717-9FCBO,6.12,https://canodiy.es/hilos-poliamida/7384-R+62717+9FCBO.html
HILOS,Hilos Poliamida,hilos-poliamida,BOBINA HILO POLIAMIDA ROSA CLARO ZWILON 60/3 1800 MTS. C/2017,R-62717-C7FUH,6.12,https://canodiy.es/hilos-poliamida/7392-R+62717+C7FUH.html
HILOS,Hilos Poliamida,hilos-poliamida,BOBINA HILO POLIAMIDA ROSA SALMÓN ZWILON 60/3 1800 MTS. C/0586,R-62717-VSQOV,6.12,https://canodiy.es/hilos-poliamida/7387-R+62717+VSQOV.html
HILOS,Hilos Poliamida,hilos-poliamida,BOBINA HILO POLIAMIDA VERDE ZWILON 60/3 1800 MTS. C/0152,R-62717-QIITT,6.12,https://canodiy.es/hilos-poliamida/7375-R+62717+QIITT.html
HILOS,Hilos Poliamida,hilos-poliamida,CONO HILO POLIAMIDA AMARILLO FLÚOR ZWILON 30/3 3000 MTS. C/3835,R-62700,22.04,https://canodiy.es/hilos-poliamida/7356-R+62700.html
HILOS,Hilos Poliamida,hilos-poliamida,CONO HILO POLIAMIDA AZUL MARINO ZWIBOND 20/3 2000 MTS. C/0013,R-54464,21.22,https://canodiy.es/hilos-poliamida/7342-R+54464.html
HILOS,Hilos Poliamida,hilos-poliamida,CONO HILO POLIAMIDA AZUL MARINO ZWILON 13/3 1300 MTS. C/ 013,R-7674,19.86,https://canodiy.es/hilos-poliamida/7315-R+7674.html
HILOS,Hilos Poliamida,hilos-poliamida,CONO HILO POLIAMIDA BLANCO ROTO ZWIBOND 30/3 3000 MTS. C/0111,R-62686,19.85,https://canodiy.es/hilos-poliamida/7352-R+62686.html
HILOS,Hilos Poliamida,hilos-poliamida,CONO HILO POLIAMIDA BLANCO ZWIBOND 20/3 2000 MTS. C/0800,R-54460,21.22,https://canodiy.es/hilos-poliamida/7350-R+54460.html
HILOS,Hilos Poliamida,hilos-poliamida,CONO HILO POLIAMIDA BLANCO ZWILON 13/3 1300 MTS. C/ 800,R-7656,17.86,https://canodiy.es/hilos-poliamida/6782-R+7656.html
HILOS,Hilos Poliamida,hilos-poliamida,CONO HILO POLIAMIDA BLANCO ZWILON 60/3 6000 MTS. C/0800,R-7819,22.76,https://canodiy.es/hilos-poliamida/7390-R+7819.html
HILOS,Hilos Poliamida,hilos-poliamida,CONO HILO POLIAMIDA CRUDO ZWILON 13/3 1300 MTS. C/ 414,R-7658,19.86,https://canodiy.es/hilos-poliamida/7317-R+7658.html
HILOS,Hilos Poliamida,hilos-poliamida,CONO HILO POLIAMIDA GRIS CLARO ZWILON 30/3 3000 MTS. C/0299,R-7743,22.04,https://canodiy.es/hilos-poliamida/7353-R+7743.html
HILOS,Hilos Poliamida,hilos-poliamida,CONO HILO POLIAMIDA GRIS CLARO ZWILON 40/3 4000 MTS. C/0299,R-7775,22.97,https://canodiy.es/hilos-poliamida/7360-R+7775.html
HILOS,Hilos Poliamida,hilos-poliamida,CONO HILO POLIAMIDA MARRÓN OSCURO ZWILON 13/3 1300 MTS. C/ 696,R-7672,19.86,https://canodiy.es/hilos-poliamida/7319-R+7672.html
HILOS,Hilos Poliamida,hilos-poliamida,CONO HILO POLIAMIDA MARRÓN OSCURO ZWILON 30/3 3000 MTS. C/0696,R-7738,22.04,https://canodiy.es/hilos-poliamida/7354-R+7738.html
HILOS,Hilos Poliamida,hilos-poliamida,CONO HILO POLIAMIDA MARRÓN ZWIBOND 20/3 2000 MTS. C/0452,R-54457,21.22,https://canodiy.es/hilos-poliamida/7349-R+54457.html
HILOS,Hilos Poliamida,hilos-poliamida,CONO HILO POLIAMIDA MARRÓN ZWILON 13/3 1300 MTS. C/ 452,R-7670,19.86,https://canodiy.es/hilos-poliamida/7318-R+7670.html
HILOS,Hilos Poliamida,hilos-poliamida,CONO HILO POLIAMIDA MARRÓN ZWILON 60/3 6000 MTS. C/0452,R-62734,21.87,https://canodiy.es/hilos-poliamida/7385-R+62734.html
HILOS,Hilos Poliamida,hilos-poliamida,CONO HILO POLIAMIDA NEGRO ZWIBOND 13/3 1300 MTS. C/0000,R-7673,19.86,https://canodiy.es/hilos-poliamida/7314-R+7673.html
HILOS,Hilos Poliamida,hilos-poliamida,CONO HILO POLIAMIDA NEGRO ZWIBOND 40/3 4000 MTS. C/0000,R-39583,22.97,https://canodiy.es/hilos-poliamida/7357-R+39583.html
HILOS,Hilos Poliamida,hilos-poliamida,CONO HILO POLIAMIDA NEGRO ZWILON 20/3 2000 MTS. C/0000,R-8417,21.22,https://canodiy.es/hilos-poliamida/7343-R+8417.html
HILOS,Hilos Poliamida,hilos-poliamida,CONO HILO POLIAMIDA NEGRO ZWILON 30/3 3000 MTS. C/0000,R-7739,22.04,https://canodiy.es/hilos-poliamida/7351-R+7739.html
HILOS,Hilos Poliamida,hilos-poliamida,CONO HILO POLIAMIDA NEGRO ZWILON 60/3 6000 MTS. C/0000,R-7837,21.87,https://canodiy.es/hilos-poliamida/7373-R+7837.html
HILOS,Hilos Poliamida,hilos-poliamida,CONO HILO POLIAMIDA ROJO FLÚOR ZWILON 30/3 3000 MTS. C/3722,R-7741,22.04,https://canodiy.es/hilos-poliamida/7355-R+7741.html
HILOS,Hilos Poliamida,hilos-poliamida,CONO HILO POLIAMIDA ROJO ZWILON 13/3 1300 MTS. C/ 156,R-7664,19.86,https://canodiy.es/hilos-poliamida/7316-R+7664.html
HILOS,Hilos Poliamida,hilos-poliamida,CONOS HILO POLIAMIDA MARRÓN CLARO ZWILON 13/3 1300 MTS. C/ 842,R-7668,19.86,https://canodiy.es/hilos-poliamida/7320-R+7668.html
HILOS,Hilos Varios,hilos-varios,CONO HILO ARENA CLARA  MOCHUELO 30 4170  C/ 161,R-24342,7.28,https://canodiy.es/hilos-varios/9532-R+24342.html
HILOS,Hilos Varios,hilos-varios,CONO HILO BEIGE TOSTADO MOCHUELO 30 4170 C/ 145,R-26234,7.28,https://canodiy.es/hilos-varios/9530-R+26234.html
HILOS,Hilos Varios,hilos-varios,CONO HILO BLANCO MOCHUELO 30 4170,R-3355,7.28,https://canodiy.es/hilos-varios/9520-R+3355-9999999004261.html
HILOS,Hilos Varios,hilos-varios,CONO HILO BRONCE MOCHUELO 30 4170 C/ 007,R-14934,7.28,https://canodiy.es/hilos-varios/9524-R+14934.html
HILOS,Hilos Varios,hilos-varios,CONO HILO CREMA MOCHUELO 30 4170 C/ 003,R-15037,7.28,https://canodiy.es/hilos-varios/9522-R+15037.html
HILOS,Hilos Varios,hilos-varios,CONO HILO CUERO CLARO MOCHUELO 30 4170 C/ 158,R-3205,7.28,https://canodiy.es/hilos-varios/9531-R+3205.html
HILOS,Hilos Varios,hilos-varios,CONO HILO GRIS ACERO  MOCHUELO 30 4170 C/ 166,R-21754,7.28,https://canodiy.es/hilos-varios/9533-R+21754.html
HILOS,Hilos Varios,hilos-varios,CONO HILO GRIS CLARO MOCHUELO 30 4170  C/ 116,R-14935,7.28,https://canodiy.es/hilos-varios/9528-R+14935.html
HILOS,Hilos Varios,hilos-varios,CONO HILO MARRON CHOCOLATE MOCHUELO 30 4170  C/ 030,R-3171,7.28,https://canodiy.es/hilos-varios/9526-R+3171.html
HILOS,Hilos Varios,hilos-varios,CONO HILO MARRON CLARO MOCHUELO 30 4170 C/ 005,R-3170,7.28,https://canodiy.es/hilos-varios/9523-R+3170.html
HILOS,Hilos Varios,hilos-varios,CONO HILO MARRON MOCHUELO 30 4170 C/ 010,R-3051,7.28,https://canodiy.es/hilos-varios/9525-R+3051.html
HILOS,Hilos Varios,hilos-varios,CONO HILO MOCHUELO MARRON OSCURO 30 4170 C/ 137,R-48582,7.28,https://canodiy.es/hilos-varios/9529-R+48582.html
HILOS,Hilos Varios,hilos-varios,CONO HILO NEGRO MOCHUELO 30 4170,R-3222,7.28,https://canodiy.es/hilos-varios/9521-R+3222-9999999004278.html
HILOS,Hilos Varios,hilos-varios,CONO HILO ROJO MOCHUELO 30 4170 C/ 074,R-3354,7.28,https://canodiy.es/hilos-varios/9527-R+3354.html
HILOS,Hilos de Bordar,hilos-de-bordar,A- DIY PACK 20 BOBINAS ISACORD 40 1000 MTS,R-68024,55.9,https://canodiy.es/hilos-de-bordar/9616-R+68024.html
HILOS,Hilos de Bordar,hilos-de-bordar,A- PACK 5 MTS ENTRETELA DE BORDAR 37GR. BLANCO,R-67674,4.78,https://canodiy.es/hilos-de-bordar/9497-R+67674.html
HILOS,Hilos de Bordar,hilos-de-bordar,A-DIY PACK 10 BOBINAS ISACORD 40 1000 MTS,R-67993,27.95,https://canodiy.es/hilos-de-bordar/9615-R+67993.html
HILOS,Hilos de Bordar,hilos-de-bordar,A-DIY PACK 30 BOBINAS ISACORD 40 1000 MTS,R-68051,91.87,https://canodiy.es/hilos-de-bordar/9618-R+68051.html
HILOS,Hilos de Bordar,hilos-de-bordar,A-DIY PACK 5 COLORES ESSENTIAL BOBINA ISACORD 40 1000 MTS,R-68053,13.98,https://canodiy.es/hilos-de-bordar/9619-R+68053.html
HILOS,Hilos de Bordar,hilos-de-bordar,A-DIY PACK 5 COLORES METALIZADOS BOBINA ISAMET 40 1000 MTS,R-68055,34.01,https://canodiy.es/hilos-de-bordar/9621-R+68055.html
HILOS,Hilos de Bordar,hilos-de-bordar,A-DIY PACK 5 COLORES MULTICOLOR BOBINA ISACORD 40 1000 MTS,R-68066,19.84,https://canodiy.es/hilos-de-bordar/9625-R+68066.html
HILOS,Hilos de Bordar,hilos-de-bordar,A-DIY PACK 5 COLORES MULTIPASTEL BOBINA ISACORD 40 1000 MTS,R-68054,13.98,https://canodiy.es/hilos-de-bordar/9620-R+68054.html
HILOS,Hilos de Bordar,hilos-de-bordar,A-DIY PACK 5 COLORES PRIMER BOBINA ISACORD 40 1000 MTS,R-68061,13.98,https://canodiy.es/hilos-de-bordar/9624-R+68061.html
HILOS,Hilos de Bordar,hilos-de-bordar,A-DIY PACK 50 BOBINAS ISACORD 40 1000 MTS,R-67970,153.64,https://canodiy.es/hilos-de-bordar/9614-R+67970.html
HILOS,Hilos de Bordar,hilos-de-bordar,AGUJA DE MÁQUINA DE COSER PARA BORDAR  DBXK5 70/10RG,R-34506,7.08,https://canodiy.es/hilos-de-bordar/7883-R+34506-9999999029363.html
HILOS,Hilos de Bordar,hilos-de-bordar,BOBINA HILO AMARILLO AMBAR ISACORD 40 1000 MTS. C/ 0704,R-62426-Y3CZB,2.8,https://canodiy.es/hilos-de-bordar/8943-R+62426+Y3CZB.html
HILOS,Hilos de Bordar,hilos-de-bordar,BOBINA HILO AMARILLO FLÚOR ISACORD 40 1000 MTS. C/ 0501,R-62426-ECRNC,2.8,https://canodiy.es/hilos-de-bordar/9703-R+62426+ECRNC.html
HILOS,Hilos de Bordar,hilos-de-bordar,BOBINA HILO AMARILLO ISACORD 40 1000 MTS. C/ 0221,R-62426-Y9PZU,2.8,https://canodiy.es/hilos-de-bordar/9430-R+62426+Y9PZU.html
HILOS,Hilos de Bordar,hilos-de-bordar,BOBINA HILO AMARILLO ISACORD 40 1000 MTS. C/ 0230,R-62426-6AXDE,2.8,https://canodiy.es/hilos-de-bordar/8235-R+62426+6AXDE.html
HILOS,Hilos de Bordar,hilos-de-bordar,BOBINA HILO AMARILLO ISACORD 40 1000 MTS. C/ 0600,R-62426-QWXKG,2.8,https://canodiy.es/hilos-de-bordar/7256-R+62426+QWXKG.html
HILOS,Hilos de Bordar,hilos-de-bordar,BOBINA HILO AMARILO ISACORD 40 1000 MTS. C/ 0640,R-62426-XSEMY,2.8,https://canodiy.es/hilos-de-bordar/9156-R+62426+XSEMY.html
HILOS,Hilos de Bordar,hilos-de-bordar,BOBINA HILO AMBAR ISACORD 40 1000 MTS. C/ 0703,R-62426-WDANC,2.8,https://canodiy.es/hilos-de-bordar/8953-R+62426+WDANC.html
HILOS,Hilos de Bordar,hilos-de-bordar,BOBINA HILO AMBAR ISACORD 40 1000 MTS. C/ 0811,R-62426-PKKZC,2.8,https://canodiy.es/hilos-de-bordar/8091-R+62426+PKKZC.html
HILOS,Hilos de Bordar,hilos-de-bordar,BOBINA HILO AZUL CELESTE ISACORD 40 1000 MTS. C/ 3951,R-62426-9IPAB,2.8,https://canodiy.es/hilos-de-bordar/8945-R+62426+9IPAB.html
HILOS,Hilos de Bordar,hilos-de-bordar,BOBINA HILO AZUL ELÉCTRICO ISACORD 40 1000 MTS. C/ 3544,R-62426-0YXUY,2.8,https://canodiy.es/hilos-de-bordar/8895-R+62426+0YXUY.html
HILOS,Hilos de Bordar,hilos-de-bordar,BOBINA HILO AZUL ISACORD 40 1000 MTS. C/ 3332,R-62426-HUSPC,2.8,https://canodiy.es/hilos-de-bordar/9432-R+62426+HUSPC.html
HILOS,Hilos de Bordar,hilos-de-bordar,BOBINA HILO AZUL ISACORD 40 1000 MTS. C/ 3510,R-62426-12IE2,2.8,https://canodiy.es/hilos-de-bordar/7272-R+62426+12IE2.html
HILOS,Hilos de Bordar,hilos-de-bordar,BOBINA HILO AZUL ISACORD 40 1000 MTS. C/ 3543,R-62426-FG9UL,2.8,https://canodiy.es/hilos-de-bordar/8965-R+62426+FG9UL.html
HILOS,Hilos de Bordar,hilos-de-bordar,BOBINA HILO AZUL ISACORD 40 1000 MTS. C/ 3600,R-62426-YQHMT,2.8,https://canodiy.es/hilos-de-bordar/8969-R+62426+YQHMT.html
HILOS,Hilos de Bordar,hilos-de-bordar,BOBINA HILO AZUL ISACORD 40 1000 MTS. C/ 3622,R-62426-JZCXM,2.8,https://canodiy.es/hilos-de-bordar/8106-R+62426+JZCXM.html
HILOS,Hilos de Bordar,hilos-de-bordar,BOBINA HILO AZUL ISACORD 40 1000 MTS. C/ 3630,R-62426-SX9WA,2.8,https://canodiy.es/hilos-de-bordar/7274-R+62426+SX9WA.html
HILOS,Hilos de Bordar,hilos-de-bordar,BOBINA HILO AZUL ISACORD 40 1000 MTS. C/ 3713,R-62426-HIIEP,2.8,https://canodiy.es/hilos-de-bordar/8941-R+62426+HIIEP.html
HILOS,Hilos de Bordar,hilos-de-bordar,BOBINA HILO AZUL ISACORD 40 1000 MTS. C/ 3830,R-62426-CBOK2,2.8,https://canodiy.es/hilos-de-bordar/7505-R+62426+CBOK2.html
HILOS,Hilos de Bordar,hilos-de-bordar,BOBINA HILO AZUL MARINO ISACORD 40 1000 MTS. C/ 3323,R-62426-IGET4,2.8,https://canodiy.es/hilos-de-bordar/7270-R+62426+IGET4.html
HILOS,Hilos de Bordar,hilos-de-bordar,BOBINA HILO AZUL MARINO ISACORD 40 1000 MTS. C/ 3353,R-62426-6HM2V,2.8,https://canodiy.es/hilos-de-bordar/8231-R+62426+6HM2V.html
HILOS,Hilos de Bordar,hilos-de-bordar,BOBINA HILO AZUL TURQUESA ISACORD 40 1000 MTS. C/ 4420,R-62426-1KJAL,2.8,https://canodiy.es/hilos-de-bordar/7341-R+62426+1KJAL.html
HILOS,Hilos de Bordar,hilos-de-bordar,BOBINA HILO BEIGE ISACORD 40 1000 MTS. C/ 1141,R-62426-HL2RG,2.8,https://canodiy.es/hilos-de-bordar/9603-R+62426+HL2RG.html
HILOS,Hilos de Bordar,hilos-de-bordar,BOBINA HILO BEIGE ISACORD 40 1000 MTS. C/ 1172,R-62426-IBXUO,2.8,https://canodiy.es/hilos-de-bordar/7433-R+62426+IBXUO.html
HILOS,Hilos de Bordar,hilos-de-bordar,BOBINA HILO BLANCO ISACORD 40 1000 MTS. C/ 0010,R-62426-1ZZAY,2.8,https://canodiy.es/hilos-de-bordar/9136-R+62426+1ZZAY.html
HILOS,Hilos de Bordar,hilos-de-bordar,BOBINA HILO BLANCO ISACORD 40 1000 MTS. C/ 0017,R-62426-X12KZ,2.8,https://canodiy.es/hilos-de-bordar/9434-R+62426+X12KZ.html
HILOS,Hilos de Bordar,hilos-de-bordar,BOBINA HILO BLANCO ISACORD 40 1000 MTS. C/ 0017,R-62426,2.8,https://canodiy.es/hilos-de-bordar/7254-R+62426.html
HILOS,Hilos de Bordar,hilos-de-bordar,BOBINA HILO BLANCO ISACORD 40 1000 MTS. C/ 0101,R-62426-EMTEC,2.8,https://canodiy.es/hilos-de-bordar/9148-R+62426+EMTEC.html
HILOS,Hilos de Bordar,hilos-de-bordar,BOBINA HILO BLANCO PERLA ISACORD 40 1000 MTS. C/ 0670,R-62426-GAXTK,2.8,https://canodiy.es/hilos-de-bordar/9138-R+62426+GAXTK.html
HILOS,Hilos de Bordar,hilos-de-bordar,BOBINA HILO BURDEOS ISACORD 40 1000 MTS. C/ 2333,R-62426-KGGRS,2.8,https://canodiy.es/hilos-de-bordar/7507-R+62426+KGGRS.html
HILOS,Hilos de Bordar,hilos-de-bordar,BOBINA HILO CAMEL CLARO ISACORD 40 1000 MTS. C/ 0821,R-62426-MX8BH,2.8,https://canodiy.es/hilos-de-bordar/8971-R+62426+MX8BH.html
HILOS,Hilos de Bordar,hilos-de-bordar,BOBINA HILO CAMEL ISACORD 40 1000 MTS. C/ 0832,R-62426-K2JHU,2.8,https://canodiy.es/hilos-de-bordar/8967-R+62426+K2JHU.html
HILOS,Hilos de Bordar,hilos-de-bordar,BOBINA HILO CAOBA ROJIZO ISACORD 40 1000 MTS. C/ 1526,R-62426-FGIHY,2.8,https://canodiy.es/hilos-de-bordar/8929-R+62426+FGIHY.html
HILOS,Hilos de Bordar,hilos-de-bordar,BOBINA HILO CARNE ISACORD 40 1000 MTS. C/ 1760,R-62426-YUM9F,2.8,https://canodiy.es/hilos-de-bordar/7519-R+62426+YUM9F.html
HILOS,Hilos de Bordar,hilos-de-bordar,BOBINA HILO CRUDO ISACORD 40 1000 MTS. C/ 0970,R-62426-YPAB7,2.8,https://canodiy.es/hilos-de-bordar/9146-R+62426+YPAB7.html
HILOS,Hilos de Bordar,hilos-de-bordar,BOBINA HILO DORADO CLARO ISACORD 40 1000 MTS. C/ 0761,R-62426-7WPEP,2.8,https://canodiy.es/hilos-de-bordar/9333-R+62426+7WPEP.html
HILOS,Hilos de Bordar,hilos-de-bordar,BOBINA HILO DORADO ISACORD 40 1000 MTS. C/ 0532,R-62426-JPZRE,2.8,https://canodiy.es/hilos-de-bordar/9158-R+62426+JPZRE.html
HILOS,Hilos de Bordar,hilos-de-bordar,BOBINA HILO DORADO ISACORD 40 1000 MTS. C/ 0552,R-62426-FMTDA,2.8,https://canodiy.es/hilos-de-bordar/9144-R+62426+FMTDA.html
HILOS,Hilos de Bordar,hilos-de-bordar,BOBINA HILO DORADO ISACORD 40 1000 MTS. C/ 0731,R-62426-NFZWN,2.45,https://canodiy.es/hilos-de-bordar/8937-R+62426+NFZWN.html
HILOS,Hilos de Bordar,hilos-de-bordar,BOBINA HILO DORADO ISACORD 40 1000 MTS. C/ 0851,R-62426-RRIEF,2.8,https://canodiy.es/hilos-de-bordar/7524-R+62426+RRIEF.html
HILOS,Hilos de Bordar,hilos-de-bordar,BOBINA HILO FUCSIA ISACORD 40 1000 MTS. C/ 2300,R-62426-DFF0H,2.8,https://canodiy.es/hilos-de-bordar/7427-R+62426+DFF0H.html
HILOS,Hilos de Bordar,hilos-de-bordar,BOBINA HILO FUCSIA ISACORD 40 1000 MTS. C/ 2521,R-62426-6UNXJ,2.8,https://canodiy.es/hilos-de-bordar/7509-R+62426+6UNXJ.html
HILOS,Hilos de Bordar,hilos-de-bordar,BOBINA HILO GRIS CLARO ISACORD 40 1000 MTS. C/ 0124,R-62426-XHJBO,2.8,https://canodiy.es/hilos-de-bordar/7437-R+62426+XHJBO.html
HILOS,Hilos de Bordar,hilos-de-bordar,BOBINA HILO GRIS ISACORD 40 1000 MTS. C/ 0105,R-62426-UFHFE,2.8,https://canodiy.es/hilos-de-bordar/9706-R+62426+UFHFE.html
HILOS,Hilos de Bordar,hilos-de-bordar,BOBINA HILO GRIS ISACORD 40 1000 MTS. C/ 0131,R-62426-YCYXG,2.8,https://canodiy.es/hilos-de-bordar/9374-R+62426+YCYXG.html
HILOS,Hilos de Bordar,hilos-de-bordar,BOBINA HILO GRIS ISACORD 40 1000 MTS. C/ 0152,R-62426-GPZZA,2.8,https://canodiy.es/hilos-de-bordar/7429-R+62426+GPZZA.html
HILOS,Hilos de Bordar,hilos-de-bordar,BOBINA HILO GRIS ISACORD 40 1000 MTS. C/ 0182,R-62426-OSD5R,2.8,https://canodiy.es/hilos-de-bordar/9345-R+62426+OSD5R.html
HILOS,Hilos de Bordar,hilos-de-bordar,BOBINA HILO GRIS ISACORD 40 1000 MTS. C/ 3274,R-62426-ZZEVR,2.8,https://canodiy.es/hilos-de-bordar/9331-R+62426+ZZEVR.html
HILOS,Hilos de Bordar,hilos-de-bordar,BOBINA HILO GRIS ISACORD 40 1000 MTS. C/ 3770,R-62426-O5KAV,2.8,https://canodiy.es/hilos-de-bordar/9339-R+62426+O5KAV.html
HILOS,Hilos de Bordar,hilos-de-bordar,BOBINA HILO GRIS ISACORD 40 1000 MTS. C/ 3971,R-62426-GMUE9,2.8,https://canodiy.es/hilos-de-bordar/9337-R+62426+GMUE9.html
HILOS,Hilos de Bordar,hilos-de-bordar,BOBINA HILO GRIS ISACORD 40 1000 MTS. C/ 4073,R-62426-A6DSF,2.8,https://canodiy.es/hilos-de-bordar/9710-R+62426+A6DSF.html
HILOS,Hilos de Bordar,hilos-de-bordar,BOBINA HILO GRIS OSCURO ISACORD 40 1000 MTS. C/ 3265,R-62426-ATTCF,2.8,https://canodiy.es/hilos-de-bordar/9438-R+62426+ATTCF.html
HILOS,Hilos de Bordar,hilos-de-bordar,BOBINA HILO GRIS PLATEADO ISACORD 40 1000 MTS. C/ 4071,R-62426-TQBQO,2.8,https://canodiy.es/hilos-de-bordar/8893-R+62426+TQBQO.html
HILOS,Hilos de Bordar,hilos-de-bordar,BOBINA HILO MARRÓN CAMEL ISACORD 40 1000 MTS. C/ 0934,R-62426-PWXNN,2.8,https://canodiy.es/hilos-de-bordar/9559-R+62426+PWXNN.html
HILOS,Hilos de Bordar,hilos-de-bordar,BOBINA HILO MARRÓN CAOBA ISACORD 40 1000 MTS. C/ 1134,R-62426-WEEW5,2.8,https://canodiy.es/hilos-de-bordar/9577-R+62426+WEEW5.html
HILOS,Hilos de Bordar,hilos-de-bordar,BOBINA HILO MARRÓN CAOBA ISACORD 40 1000 MTS. C/ 1311,R-62426-1HFWW,2.8,https://canodiy.es/hilos-de-bordar/9588-R+62426+1HFWW.html
HILOS,Hilos de Bordar,hilos-de-bordar,BOBINA HILO MARRÓN CAOBA ISACORD 40 1000 MTS. C/ 1322,R-62426-FX7NR,2.8,https://canodiy.es/hilos-de-bordar/9580-R+62426+FX7NR.html
HILOS,Hilos de Bordar,hilos-de-bordar,BOBINA HILO MARRÓN ISACORD 40 1000 MTS. C/ 0017,R-62426-TWUDS,2.8,https://canodiy.es/hilos-de-bordar/9600-R+62426+TWUDS.html
HILOS,Hilos de Bordar,hilos-de-bordar,BOBINA HILO MARRÓN ISACORD 40 1000 MTS. C/ 0842,R-62426-OXQFC,2.8,https://canodiy.es/hilos-de-bordar/9575-R+62426+OXQFC.html
HILOS,Hilos de Bordar,hilos-de-bordar,BOBINA HILO MARRÓN ISACORD 40 1000 MTS. C/ 0853,R-62426-Z7IG8,2.8,https://canodiy.es/hilos-de-bordar/8241-R+62426+Z7IG8.html
HILOS,Hilos de Bordar,hilos-de-bordar,BOBINA HILO MARRÓN ISACORD 40 1000 MTS. C/ 0862,R-62426-LJHYI,2.8,https://canodiy.es/hilos-de-bordar/7521-R+62426+LJHYI.html
HILOS,Hilos de Bordar,hilos-de-bordar,BOBINA HILO MARRÓN ISACORD 40 1000 MTS. C/ 0933,R-62426-T3KWY,2.8,https://canodiy.es/hilos-de-bordar/7435-R+62426+T3KWY.html
HILOS,Hilos de Bordar,hilos-de-bordar,BOBINA HILO MARRÓN ISACORD 40 1000 MTS. C/ 1061,R-62426-YYBPB,2.8,https://canodiy.es/hilos-de-bordar/9557-R+62426+YYBPB.html
HILOS,Hilos de Bordar,hilos-de-bordar,BOBINA HILO MARRÓN ISACORD 40 1000 MTS. C/ 1133,R-62426-VOWQX,2.8,https://canodiy.es/hilos-de-bordar/9561-R+62426+VOWQX.html
HILOS,Hilos de Bordar,hilos-de-bordar,BOBINA HILO MARRÓN ISACORD 40 1000 MTS. C/ 1154,R-62426-QZ1YR,2.8,https://canodiy.es/hilos-de-bordar/9572-R+62426+QZ1YR.html
HILOS,Hilos de Bordar,hilos-de-bordar,BOBINA HILO MARRÓN ISACORD 40 1000 MTS. C/ 1342,R-62426-GSMEL,2.8,https://canodiy.es/hilos-de-bordar/9606-R+62426+GSMEL.html
HILOS,Hilos de Bordar,hilos-de-bordar,BOBINA HILO MARRÓN ISACORD 40 1000 MTS. C/ 1355,R-62426-1C2YF,2.8,https://canodiy.es/hilos-de-bordar/9582-R+62426+1C2YF.html
HILOS,Hilos de Bordar,hilos-de-bordar,BOBINA HILO MARRÓN OSCURO ISACORD 40 1000 MTS. C/ 01346,R-62426-CUMNI,2.8,https://canodiy.es/hilos-de-bordar/9592-R+62426+CUMNI.html
HILOS,Hilos de Bordar,hilos-de-bordar,BOBINA HILO METÁLICO AZUL ISAMET 40 1000 MTS. C/ 3611,R-62846-PFEDE,6.8,https://canodiy.es/hilos-de-bordar/8905-R+62846+PFEDE.html
HILOS,Hilos de Bordar,hilos-de-bordar,BOBINA HILO METÁLICO CELESTE ISAMET 40 1000 MTS. C/3641,R-68056,6.8,https://canodiy.es/hilos-de-bordar/9623-R+68056.html
HILOS,Hilos de Bordar,hilos-de-bordar,BOBINA HILO METÁLICO DORADO ISAMET 40 1000 MTS. C/ 0491,R-62846,6.8,https://canodiy.es/hilos-de-bordar/7439-R+62846.html
HILOS,Hilos de Bordar,hilos-de-bordar,BOBINA HILO METÁLICO PLOMO ISAMET 40 1000 MTS. C/ 0491,R-62846-BCXCA,6.8,https://canodiy.es/hilos-de-bordar/8060-R+62846+BCXCA.html
HILOS,Hilos de Bordar,hilos-de-bordar,BOBINA HILO METÁLICO ROJO ISAMET 40 1000 MTS. C/ 1913,R-62846-2JJBQ,6.8,https://canodiy.es/hilos-de-bordar/8902-R+62846+2JJBQ.html
HILOS,Hilos de Bordar,hilos-de-bordar,BOBINA HILO MORADO ISACORD 40 1000 MTS. C/ 2241,R-62426-GP08D,2.8,https://canodiy.es/hilos-de-bordar/8072-R+62426+GP08D.html
HILOS,Hilos de Bordar,hilos-de-bordar,BOBINA HILO MORADO ISACORD 40 1000 MTS. C/ 2640,R-62426-FIKJZ,2.8,https://canodiy.es/hilos-de-bordar/7266-R+62426+FIKJZ.html
HILOS,Hilos de Bordar,hilos-de-bordar,BOBINA HILO MORADO ISACORD 40 1000 MTS. C/ 2810,R-62426-OMZAE,2.8,https://canodiy.es/hilos-de-bordar/8949-R+62426+OMZAE.html
HILOS,Hilos de Bordar,hilos-de-bordar,BOBINA HILO MORADO ISACORD 40 1000 MTS. C/ 2830,R-62426-7OWCD,2.8,https://canodiy.es/hilos-de-bordar/7268-R+62426+7OWCD.html
HILOS,Hilos de Bordar,hilos-de-bordar,BOBINA HILO MORADO ISACORD 40 1000 MTS. C/ 2910,R-62426-S7M9K,2.8,https://canodiy.es/hilos-de-bordar/8939-R+62426+S7M9K.html
HILOS,Hilos de Bordar,hilos-de-bordar,BOBINA HILO MULTIAMARILLO ISACORD 40 1000 MTS. C/ 9925,R-62426-ZD35S,3.97,https://canodiy.es/hilos-de-bordar/9150-R+62426+ZD35S.html
HILOS,Hilos de Bordar,hilos-de-bordar,BOBINA HILO MULTIAZUL ISACORD 40 1000 MTS. C/ 9929,R-62426-WRADC,3.97,https://canodiy.es/hilos-de-bordar/9134-R+62426+WRADC.html
HILOS,Hilos de Bordar,hilos-de-bordar,BOBINA HILO MULTICOLOR ISACORD 40 1000 MTS. C/ 9970,R-62426-BIKRX,3.97,https://canodiy.es/hilos-de-bordar/9425-R+62426+BIKRX.html
HILOS,Hilos de Bordar,hilos-de-bordar,BOBINA HILO MULTIMARRÓN ISACORD 40 1000 MTS. C/ 9302,R-62426-O0IFI,3.97,https://canodiy.es/hilos-de-bordar/9154-R+62426+O0IFI.html
HILOS,Hilos de Bordar,hilos-de-bordar,BOBINA HILO MULTIOCEANO ISACORD 40 1000 MTS. C/ 9605,R-62426-9F8XW,3.97,https://canodiy.es/hilos-de-bordar/9423-R+62426+9F8XW.html
HILOS,Hilos de Bordar,hilos-de-bordar,BOBINA HILO MULTIROJO ISACORD 40 1000 MTS. C/ 9405,R-62426-A9MJC,3.97,https://canodiy.es/hilos-de-bordar/9152-R+62426+A9MJC.html
HILOS,Hilos de Bordar,hilos-de-bordar,BOBINA HILO MULTIROSA ISACORD 40 1000 MTS. C/ 9912,R-62426-O8G9Z,3.97,https://canodiy.es/hilos-de-bordar/9420-R+62426+O8G9Z.html
HILOS,Hilos de Bordar,hilos-de-bordar,BOBINA HILO MULTITURQUESA ISACORD 40 1000 MTS. C/ 9978,R-62426-AP0RG,3.97,https://canodiy.es/hilos-de-bordar/9422-R+62426+AP0RG.html
HILOS,Hilos de Bordar,hilos-de-bordar,BOBINA HILO NARANJA FLÚOR ISACORD 40 1000 MTS. C/ 1106,R-62426-GKSC8,2.8,https://canodiy.es/hilos-de-bordar/8917-R+62426+GKSC8.html
HILOS,Hilos de Bordar,hilos-de-bordar,BOBINA HILO NARANJA FLÚOR ISACORD 40 1000 MTS. C/ 1120,R-62426-UQJYZ,2.8,https://canodiy.es/hilos-de-bordar/8913-R+62426+UQJYZ.html
HILOS,Hilos de Bordar,hilos-de-bordar,BOBINA HILO NARANJA ISACORD 40 1000 MTS. C/ 0904,R-62426-DN3Z8,2.8,https://canodiy.es/hilos-de-bordar/7258-R+62426+DN3Z8.html
HILOS,Hilos de Bordar,hilos-de-bordar,BOBINA HILO NEGRO ISACORD 40 1000 MTS. C/ 0020,R-62426-ECRM6,2.8,https://canodiy.es/hilos-de-bordar/7431-R+62426+ECRM6.html
HILOS,Hilos de Bordar,hilos-de-bordar,BOBINA HILO NEGRO ISACORD 40 1000 MTS. C/ 0021,R-62426-6EWL5,2.8,https://canodiy.es/hilos-de-bordar/8925-R+62426+6EWL5.html
HILOS,Hilos de Bordar,hilos-de-bordar,BOBINA HILO ROJO BURDEOS ISACORD 40 1000 MTS. C/ 0017,R-62426-VOYQS,2.8,https://canodiy.es/hilos-de-bordar/8245-R+62426+VOYQS.html
HILOS,Hilos de Bordar,hilos-de-bordar,BOBINA HILO ROJO BURDEOS ISACORD 40 1000 MTS. C/ 2022,R-62426-8MVXA,2.8,https://canodiy.es/hilos-de-bordar/7262-R+62426+8MVXA.html
HILOS,Hilos de Bordar,hilos-de-bordar,BOBINA HILO ROJO CARMIN ISACORD 40 1000 MTS. C/ 1906,R-62426-SO2BI,2.8,https://canodiy.es/hilos-de-bordar/9140-R+62426+SO2BI.html
HILOS,Hilos de Bordar,hilos-de-bordar,BOBINA HILO ROJO CARMÍN ISACORD 40 1000 MTS. C/ 2101,R-62426-DRMEL,2.8,https://canodiy.es/hilos-de-bordar/7515-R+62426+DRMEL.html
HILOS,Hilos de Bordar,hilos-de-bordar,BOBINA HILO ROJO FLÚOR ISACORD 40 1000 MTS. C/ 1306,R-62426-CP5HI,2.8,https://canodiy.es/hilos-de-bordar/8915-R+62426+CP5HI.html
HILOS,Hilos de Bordar,hilos-de-bordar,BOBINA HILO ROJO FUEGO ISACORD 40 1000 MTS. C/ 1305,R-62426-PWWLI,2.8,https://canodiy.es/hilos-de-bordar/9343-R+62426+PWWLI.html
HILOS,Hilos de Bordar,hilos-de-bordar,BOBINA HILO ROJO ISACORD 40 1000 MTS. C/ 1701,R-62426-IDXUK,2.8,https://canodiy.es/hilos-de-bordar/9341-R+62426+IDXUK.html
HILOS,Hilos de Bordar,hilos-de-bordar,BOBINA HILO ROJO ISACORD 40 1000 MTS. C/ 1704,R-62426-QIKQE,2.8,https://canodiy.es/hilos-de-bordar/9329-R+62426+QIKQE.html
HILOS,Hilos de Bordar,hilos-de-bordar,BOBINA HILO ROJO ISACORD 40 1000 MTS. C/ 1800,R-62426-EXYGE,2.8,https://canodiy.es/hilos-de-bordar/7260-R+62426+EXYGE.html
HILOS,Hilos de Bordar,hilos-de-bordar,BOBINA HILO ROJO ISACORD 40 1000 MTS. C/ 1805,R-62426-3IJ1X,2.8,https://canodiy.es/hilos-de-bordar/8239-R+62426+3IJ1X.html
HILOS,Hilos de Bordar,hilos-de-bordar,BOBINA HILO ROJO ISACORD 40 1000 MTS. C/ 1902,R-62426-XTJXU,2.8,https://canodiy.es/hilos-de-bordar/8899-R+62426+XTJXU.html
HILOS,Hilos de Bordar,hilos-de-bordar,BOBINA HILO ROJO ISACORD 40 1000 MTS. C/ 1904,R-62426-7ULS4,2.8,https://canodiy.es/hilos-de-bordar/8076-R+62426+7ULS4.html
HILOS,Hilos de Bordar,hilos-de-bordar,BOBINA HILO ROJO OSCURO ISACORD 40 1000 MTS. C/ 1912,R-62426-RYBB9,2.8,https://canodiy.es/hilos-de-bordar/8951-R+62426+RYBB9.html
HILOS,Hilos de Bordar,hilos-de-bordar,BOBINA HILO ROSA CLARO ISACORD 40 1000 MTS. C/2363,R-62426-S0J6N,2.8,https://canodiy.es/hilos-de-bordar/8062-R+62426+S0J6N.html
HILOS,Hilos de Bordar,hilos-de-bordar,BOBINA HILO ROSA ISACORD 40 1000 MTS. C/ 2153,R-62426-LEZWQ,2.8,https://canodiy.es/hilos-de-bordar/8933-R+62426+LEZWQ.html
HILOS,Hilos de Bordar,hilos-de-bordar,BOBINA HILO ROSA ISACORD 40 1000 MTS. C/ 2155,R-62426-QTE4N,2.8,https://canodiy.es/hilos-de-bordar/8237-R+62426+QTE4N.html
HILOS,Hilos de Bordar,hilos-de-bordar,BOBINA HILO ROSA ISACORD 40 1000 MTS. C/ 2220,R-62426-EREVJ,2.8,https://canodiy.es/hilos-de-bordar/7517-R+62426+EREVJ.html
HILOS,Hilos de Bordar,hilos-de-bordar,BOBINA HILO ROSA ISACORD 40 1000 MTS. C/ 2250,R-62426-1VTK0,2.8,https://canodiy.es/hilos-de-bordar/7513-R+62426+1VTK0.html
HILOS,Hilos de Bordar,hilos-de-bordar,BOBINA HILO ROSA ISACORD 40 1000 MTS. C/ 2530,R-62426-PJK2J,2.8,https://canodiy.es/hilos-de-bordar/7264-R+62426+PJK2J.html
HILOS,Hilos de Bordar,hilos-de-bordar,BOBINA HILO ROSA ISACORD 40 1000 MTS. C/ 2560,R-62426-ZXSS5,2.8,https://canodiy.es/hilos-de-bordar/9335-R+62426+ZXSS5.html
HILOS,Hilos de Bordar,hilos-de-bordar,BOBINA HILO ROSA ISACORD 40 1000 MTS. C/ 2650,R-62426-D8NA8,2.8,https://canodiy.es/hilos-de-bordar/9436-R+62426+D8NA8.html
HILOS,Hilos de Bordar,hilos-de-bordar,BOBINA HILO SALMÓN ISACORD 40 1000 MTS. C/ 1351,R-62426-JIPM2,2.8,https://canodiy.es/hilos-de-bordar/8243-R+62426+JIPM2.html
HILOS,Hilos de Bordar,hilos-de-bordar,BOBINA HILO SALMÓN ISACORD 40 1000 MTS. C/ 1352,R-62426-VTLDU,2.8,https://canodiy.es/hilos-de-bordar/8921-R+62426+VTLDU.html
HILOS,Hilos de Bordar,hilos-de-bordar,BOBINA HILO SALMÓN ISACORD 40 1000 MTS. C/ 1430,R-62426-FHNNE,2.8,https://canodiy.es/hilos-de-bordar/8947-R+62426+FHNNE.html
HILOS,Hilos de Bordar,hilos-de-bordar,BOBINA HILO VERDE FLÚOR ISACORD 40 1000 MTS. C/ 5500,R-62426-WGFXY,2.8,https://canodiy.es/hilos-de-bordar/7297-R+62426+WGFXY.html
HILOS,Hilos de Bordar,hilos-de-bordar,BOBINA HILO VERDE FLÚOR ISACORD 40 1000 MTS. C/ 5940,R-62426-NEWIE,2.8,https://canodiy.es/hilos-de-bordar/9705-R+62426+NEWIE.html
HILOS,Hilos de Bordar,hilos-de-bordar,BOBINA HILO VERDE ISACORD 40 1000 MTS. C/ 0453,R-62426-AIKVE,2.8,https://canodiy.es/hilos-de-bordar/8927-R+62426+AIKVE.html
HILOS,Hilos de Bordar,hilos-de-bordar,BOBINA HILO VERDE ISACORD 40 1000 MTS. C/ 0546,R-62426-LII4S,2.8,https://canodiy.es/hilos-de-bordar/8923-R+62426+LII4S.html
HILOS,Hilos de Bordar,hilos-de-bordar,BOBINA HILO VERDE ISACORD 40 1000 MTS. C/ 5411,R-62426-FWYGH,2.8,https://canodiy.es/hilos-de-bordar/7337-R+62426+FWYGH.html
HILOS,Hilos de Bordar,hilos-de-bordar,BOBINA HILO VERDE ISACORD 40 1000 MTS. C/ 5513,R-62426-U1CB0,2.8,https://canodiy.es/hilos-de-bordar/9428-R+62426+U1CB0.html
HILOS,Hilos de Bordar,hilos-de-bordar,BOBINA HILO VERDE ISACORD 40 1000 MTS. C/ 5531,R-62426-N2DT2,2.8,https://canodiy.es/hilos-de-bordar/8935-R+62426+N2DT2.html
HILOS,Hilos de Bordar,hilos-de-bordar,BOBINA HILO VERDE ISACORD 40 1000 MTS. C/ 5542,R-62426-ZXQPW,2.8,https://canodiy.es/hilos-de-bordar/8919-R+62426+ZXQPW.html
HILOS,Hilos de Bordar,hilos-de-bordar,BOBINA HILO VERDE ISACORD 40 1000 MTS. C/ 5830,R-62426-SIPXS,2.8,https://canodiy.es/hilos-de-bordar/7335-R+62426+SIPXS.html
HILOS,Hilos de Bordar,hilos-de-bordar,BOBINA HILO VERDE ISACORD 40 1000 MTS. C/ 5933,R-62426-UMUHZ,2.8,https://canodiy.es/hilos-de-bordar/8973-R+62426+UMUHZ.html
HILOS,Hilos de Bordar,hilos-de-bordar,BOBINA HILO VERDE ISACORD 40 1000 MTS. C/ 6043,R-62426-ZBYSY,2.8,https://canodiy.es/hilos-de-bordar/8931-R+62426+ZBYSY.html
HILOS,Hilos de Bordar,hilos-de-bordar,BOBINA HILO VERDE KAKI ISACORD 40 1000 MTS. C/ 5934,R-62426-2E7AX,2.8,https://canodiy.es/hilos-de-bordar/7339-R+62426+2E7AX.html
HILOS,Hilos de Bordar,hilos-de-bordar,BOBINA HILO VERDE MENTA ISACORD 40 1000 MTS. C/ 5450,R-62426-CRKBF,2.8,https://canodiy.es/hilos-de-bordar/8069-R+62426+CRKBF.html
HILOS,Hilos de Bordar,hilos-de-bordar,BOBINA HILO VERDE OSCURO ISACORD 40 1000 MTS. C/ 5944,R-62426-FF0NR,2.8,https://canodiy.es/hilos-de-bordar/8975-R+62426+FF0NR.html
HILOS,Hilos de Bordar,hilos-de-bordar,BOBINA HILO VERDE PISTACHO ISACORD 40 1000 MTS. C/ 6011,R-62426-8JSJY,2.8,https://canodiy.es/hilos-de-bordar/8066-R+62426+8JSJY.html
HILOS,Hilos de Bordar,hilos-de-bordar,BOBINA HILO VIOLETA ISACORD 40 1000 MTS. C/ 2704,R-62426-QZAGS,2.8,https://canodiy.es/hilos-de-bordar/9712-R+62426+QZAGS.html
HILOS,Hilos de Bordar,hilos-de-bordar,BOBINA HILO VIOLETA ISACORD 40 1000 MTS. C/ 2723,R-62426-M2BPN,2.8,https://canodiy.es/hilos-de-bordar/7511-R+62426+M2BPN.html
HILOS,Hilos de Bordar,hilos-de-bordar,CONO HILO AMARILLO ISACORD RECYCLED 40 5000MTS. C/ 0640,R-66299,8.11,https://canodiy.es/hilos-de-bordar/9161-R+66299.html
HILOS,Hilos de Bordar,hilos-de-bordar,CONO HILO BEIGE ISACORD RECYCLED 40 5000MTS. C/ 1172,R-66296,8.11,https://canodiy.es/hilos-de-bordar/9160-R+66296.html
HILOS,Hilos de Bordar,hilos-de-bordar,CONO HILO BURDEOS ISACORD RECYCLED 40 5000MTS. C/ 5233,R-66298,8.11,https://canodiy.es/hilos-de-bordar/9162-R+66298.html
HILOS,Hilos de Bordar,hilos-de-bordar,CONO HILO VERDE ISACORD RECYCLED 40 5000MTS. C/ 0454,R-64180,8.11,https://canodiy.es/hilos-de-bordar/7935-R+64180.html
HILOS,Hilos de Bordar,hilos-de-bordar,CONO HILO VERDE ISACORD RECYCLED 40 5000MTS. C/ 5833,R-64179,8.11,https://canodiy.es/hilos-de-bordar/7936-R+64179.html
HILOS,Hilos de Bordar,hilos-de-bordar,CONO HILO VERDE OSCURO ISACORD RECYCLED 40 5000MTS. C/ 5233,R-66297,8.11,https://canodiy.es/hilos-de-bordar/9159-R+66297.html
HILOS,Mara 11,mara-11,BOBINA HILO AMARILLO DORADO MARA 11 110 MTS. C/ 0968,R-47072,2.78,https://canodiy.es/mara-11/2199-R+47072.html
HILOS,Mara 11,mara-11,BOBINA HILO AMARILLO MARA 11 110 MTS. C/ 0106,R-43711,2.78,https://canodiy.es/mara-11/732-R+43711.html
HILOS,Mara 11,mara-11,BOBINA HILO AZUL CELESTE MARA 11 110 MTS. C/ 0064,R-46901,2.78,https://canodiy.es/mara-11/2037-R+46901.html
HILOS,Mara 11,mara-11,BOBINA HILO AZUL CELESTE MARA 11 110 MTS. C/ 0276,R-46941,2.78,https://canodiy.es/mara-11/2089-R+46941.html
HILOS,Mara 11,mara-11,BOBINA HILO AZUL MARA 11 110 MTS. C/ 0214,R-46937,2.78,https://canodiy.es/mara-11/2081-R+46937.html
HILOS,Mara 11,mara-11,BOBINA HILO AZUL MARA 11 110 MTS. C/ 0232,R-46940,2.78,https://canodiy.es/mara-11/2087-R+46940.html
HILOS,Mara 11,mara-11,BOBINA HILO AZUL MARA 11 110 MTS. C/ 0311,R-46944,2.78,https://canodiy.es/mara-11/2095-R+46944.html
HILOS,Mara 11,mara-11,BOBINA HILO AZUL MARA 11 110 MTS. C/ 0315,R-46946,2.78,https://canodiy.es/mara-11/2099-R+46946.html
HILOS,Mara 11,mara-11,BOBINA HILO AZUL MARA 11 110 MTS. C/ 0483,R-46977,2.78,https://canodiy.es/mara-11/2135-R+46977.html
HILOS,Mara 11,mara-11,BOBINA HILO AZUL MARA 11 110 MTS. C/ 0967,R-47071,2.78,https://canodiy.es/mara-11/2197-R+47071.html
HILOS,Mara 11,mara-11,BOBINA HILO AZUL MARINO MARA 11 110 MTS. C/ 0011,R-46893,2.78,https://canodiy.es/mara-11/2025-R+46893.html
HILOS,Mara 11,mara-11,BOBINA HILO AZUL MARINO MARA 11 110 MTS. C/ 0339,R-46948,2.78,https://canodiy.es/mara-11/2103-R+46948.html
HILOS,Mara 11,mara-11,BOBINA HILO AZUL MARINO MARA 11 110 MTS. C/ 0537,R-46979,2.78,https://canodiy.es/mara-11/2139-R+46979.html
HILOS,Mara 11,mara-11,BOBINA HILO AZUL OSCURO MARA 11 110 MTS. C/ 0095,R-46905,2.78,https://canodiy.es/mara-11/2043-R+46905.html
HILOS,Mara 11,mara-11,BOBINA HILO AZUL OSCURO MARA 11 110 MTS. C/ 0310,R-46943,2.78,https://canodiy.es/mara-11/2093-R+46943.html
HILOS,Mara 11,mara-11,BOBINA HILO AZUL OSCURO MARA 11 110 MTS. C/ 0312,R-46945,2.78,https://canodiy.es/mara-11/2097-R+46945.html
HILOS,Mara 11,mara-11,BOBINA HILO AZUL TURQUESA MARA 11 110 MTS. C/ 0331,R-46947,2.78,https://canodiy.es/mara-11/2101-R+46947.html
HILOS,Mara 11,mara-11,BOBINA HILO BEIG CLARO MARA 11 110 MTS. C/ 0169,R-46920,2.78,https://canodiy.es/mara-11/2067-R+46920.html
HILOS,Mara 11,mara-11,BOBINA HILO BEIG CLARO MARA 11 110 MTS. C/ 0414,R-46958,2.78,https://canodiy.es/mara-11/2119-R+46958.html
HILOS,Mara 11,mara-11,BOBINA HILO BEIG MARA 11 110 MTS. C/ 0131,R-46910,2.78,https://canodiy.es/mara-11/2053-R+46910.html
HILOS,Mara 11,mara-11,BOBINA HILO BEIG MARA 11 110 MTS. C/ 0186,R-46930,2.78,https://canodiy.es/mara-11/2073-R+46930.html
HILOS,Mara 11,mara-11,BOBINA HILO BEIG MARA 11 110 MTS. C/ 0198,R-46934,2.78,https://canodiy.es/mara-11/2077-R+46934.html
HILOS,Mara 11,mara-11,BOBINA HILO BEIG MARA 11 110 MTS. C/ 0464,R-46975,2.78,https://canodiy.es/mara-11/2131-R+46975.html
HILOS,Mara 11,mara-11,BOBINA HILO BEIG MARA 11 110 MTS. C/ 0722,R-47042,2.78,https://canodiy.es/mara-11/2173-R+47042.html
HILOS,Mara 11,mara-11,BOBINA HILO BEIG MARA 11 110 MTS. C/ 0724,R-47043,2.78,https://canodiy.es/mara-11/2175-R+47043.html
HILOS,Mara 11,mara-11,BOBINA HILO BEIG MARA 11 110 MTS. C/ 0868,R-47066,2.78,https://canodiy.es/mara-11/2187-R+47066.html
HILOS,Mara 11,mara-11,BOBINA HILO BLANCO MARA 11 110 MTS. C/ 0800,R-47057,2.4,https://canodiy.es/mara-11/2179-R+47057.html
HILOS,Mara 11,mara-11,BOBINA HILO BLANCO ROTO MARA 11 110 MTS. C/ 0001,R-43830,2.78,https://canodiy.es/mara-11/755-R+43830.html
HILOS,Mara 11,mara-11,BOBINA HILO BLANCO ROTO MARA 11 110 MTS. C/ 0111,R-43706-71CQD,2.78,https://canodiy.es/mara-11/7563-R+43706+71CQD.html
HILOS,Mara 11,mara-11,BOBINA HILO GRIS CLARO MARA 11 110 MTS. C/ 0299,R-46942,2.78,https://canodiy.es/mara-11/2091-R+46942.html
HILOS,Mara 11,mara-11,BOBINA HILO GRIS MARA 11 110 MTS. C/ 0036,R-46898,2.78,https://canodiy.es/mara-11/2031-R+46898.html
HILOS,Mara 11,mara-11,BOBINA HILO GRIS MARA 11 110 MTS. C/ 0038,R-43708,2.78,https://canodiy.es/mara-11/731-R+43708.html
HILOS,Mara 11,mara-11,BOBINA HILO GRIS MARA 11 110 MTS. C/ 0040,R-46899,2.78,https://canodiy.es/mara-11/2033-R+46899.html
HILOS,Mara 11,mara-11,BOBINA HILO GRIS MARA 11 110 MTS. C/ 0118,R-46906,2.78,https://canodiy.es/mara-11/2045-R+46906.html
HILOS,Mara 11,mara-11,BOBINA HILO GRIS MARA 11 110 MTS. C/ 0122,R-46907,2.78,https://canodiy.es/mara-11/2047-R+46907.html
HILOS,Mara 11,mara-11,BOBINA HILO GRIS MARA 11 110 MTS. C/ 0132,R-46911,2.78,https://canodiy.es/mara-11/2055-R+46911.html
HILOS,Mara 11,mara-11,BOBINA HILO GRIS MARA 11 110 MTS. C/ 0634,R-46984,2.78,https://canodiy.es/mara-11/2147-R+46984.html
HILOS,Mara 11,mara-11,BOBINA HILO GRIS MARA 11 110 MTS. C/ 0701,R-47002,2.78,https://canodiy.es/mara-11/2167-R+47002.html
HILOS,Mara 11,mara-11,BOBINA HILO GRIS MARA 11 110 MTS. C/ 0702,R-47003,2.78,https://canodiy.es/mara-11/2169-R+47003.html
HILOS,Mara 11,mara-11,BOBINA HILO GRIS MARA 11 110 MTS. C/ 0727,R-47055,2.78,https://canodiy.es/mara-11/2177-R+47055.html
HILOS,Mara 11,mara-11,BOBINA HILO GRIS OSCURO MARA 11 110 MTS. C/ 0093,R-46902,2.78,https://canodiy.es/mara-11/2039-R+46902.html
HILOS,Mara 11,mara-11,BOBINA HILO GRIS OSCURO MARA 11 110 MTS. C/ 0141,R-46913,2.78,https://canodiy.es/mara-11/2059-R+46913.html
HILOS,Mara 11,mara-11,BOBINA HILO MARRÓN CAOBA MARA 11 110 MTS. C/ 0448,R-46962,2.78,https://canodiy.es/mara-11/2127-R+46962.html
HILOS,Mara 11,mara-11,BOBINA HILO MARRÓN CAOBA MARA 11 110 MTS. C/ 0650,R-46985,2.78,https://canodiy.es/mara-11/2149-R+46985.html
HILOS,Mara 11,mara-11,BOBINA HILO MARRÓN CAOBA MARA 11 110 MTS. C/ 0934,R-47070,2.78,https://canodiy.es/mara-11/2195-R+47070.html
HILOS,Mara 11,mara-11,BOBINA HILO MARRÓN CLARO MARA 11 110 MTS. C/ 0139,R-46912,2.78,https://canodiy.es/mara-11/2057-R+46912.html
HILOS,Mara 11,mara-11,BOBINA HILO MARRÓN CLARO MARA 11 110 MTS. C/ 0160,R-46918,2.78,https://canodiy.es/mara-11/2065-R+46918.html
HILOS,Mara 11,mara-11,BOBINA HILO MARRÓN MARA 11 110 MTS. C/ 0023,R-46896,2.78,https://canodiy.es/mara-11/2027-R+46896.html
HILOS,Mara 11,mara-11,BOBINA HILO MARRÓN MARA 11 110 MTS. C/ 0124,R-46908,2.78,https://canodiy.es/mara-11/2049-R+46908.html
HILOS,Mara 11,mara-11,BOBINA HILO MARRÓN MARA 11 110 MTS. C/ 0180,R-46928,2.78,https://canodiy.es/mara-11/2071-R+46928.html
HILOS,Mara 11,mara-11,BOBINA HILO MARRÓN MARA 11 110 MTS. C/ 0199,R-46935,2.78,https://canodiy.es/mara-11/2078-R+46935.html
HILOS,Mara 11,mara-11,BOBINA HILO MARRÓN MARA 11 110 MTS. C/ 0230,R-46939,2.78,https://canodiy.es/mara-11/2085-R+46939.html
HILOS,Mara 11,mara-11,BOBINA HILO MARRÓN MARA 11 110 MTS. C/ 0406,R-46957,2.78,https://canodiy.es/mara-11/2117-R+46957.html
HILOS,Mara 11,mara-11,BOBINA HILO MARRÓN MARA 11 110 MTS. C/ 0428,R-46959,2.78,https://canodiy.es/mara-11/2121-R+46959.html
HILOS,Mara 11,mara-11,BOBINA HILO MARRÓN MARA 11 110 MTS. C/ 0439,R-46960,2.78,https://canodiy.es/mara-11/2123-R+46960.html
HILOS,Mara 11,mara-11,BOBINA HILO MARRÓN MARA 11 110 MTS. C/ 0444,R-46961,2.78,https://canodiy.es/mara-11/2125-R+46961.html
HILOS,Mara 11,mara-11,BOBINA HILO MARRÓN MARA 11 110 MTS. C/ 0454,R-46974,2.78,https://canodiy.es/mara-11/2129-R+46974.html
HILOS,Mara 11,mara-11,BOBINA HILO MARRÓN MARA 11 110 MTS. C/ 0480,R-46976,2.78,https://canodiy.es/mara-11/2133-R+46976.html
HILOS,Mara 11,mara-11,BOBINA HILO MARRÓN MARA 11 110 MTS. C/ 0540,R-46980,2.78,https://canodiy.es/mara-11/2141-R+46980.html
HILOS,Mara 11,mara-11,BOBINA HILO MARRÓN MARA 11 110 MTS. C/ 0694,R-46999,2.78,https://canodiy.es/mara-11/2161-R+46999.html
HILOS,Mara 11,mara-11,BOBINA HILO MARRÓN MARA 11 110 MTS. C/ 0815,R-47064,2.78,https://canodiy.es/mara-11/2183-R+47064.html
HILOS,Mara 11,mara-11,BOBINA HILO MARRÓN MARA 11 110 MTS. C/ 0816,R-47065,2.78,https://canodiy.es/mara-11/2185-R+47065.html
HILOS,Mara 11,mara-11,BOBINA HILO MARRÓN MARA 11 110 MTS. C/ 0887,R-47067,2.78,https://canodiy.es/mara-11/2189-R+47067.html
HILOS,Mara 11,mara-11,BOBINA HILO MARRÓN OSCURO MARA 11 110 MTS. C/ 0175,R-46926,2.78,https://canodiy.es/mara-11/2069-R+46926.html
HILOS,Mara 11,mara-11,BOBINA HILO MARRÓN OSCURO MARA 11 110 MTS. C/ 0671,R-46987,2.78,https://canodiy.es/mara-11/2153-R+46987.html
HILOS,Mara 11,mara-11,BOBINA HILO MARRÓN OSCURO MARA 11 110 MTS. C/ 0682,R-46990,2.78,https://canodiy.es/mara-11/2159-R+46990.html
HILOS,Mara 11,mara-11,BOBINA HILO MARRÓN OSCURO MARA 11 110 MTS. C/ 0696,R-47000,2.78,https://canodiy.es/mara-11/2163-R+47000.html
HILOS,Mara 11,mara-11,BOBINA HILO MARRÓN OSCURO MARA 11 110 MTS. C/ 0697,R-47001,2.78,https://canodiy.es/mara-11/2165-R+47001.html
HILOS,Mara 11,mara-11,BOBINA HILO MORADO MARA 11 110 MTS. C/ 0575,R-46981,2.78,https://canodiy.es/mara-11/2143-R+46981.html
HILOS,Mara 11,mara-11,BOBINA HILO MORADO MARA 11 110 MTS. C/ 0810,R-47063,2.78,https://canodiy.es/mara-11/2181-R+47063.html
HILOS,Mara 11,mara-11,BOBINA HILO MORADO OSCURO MARA 11 110 MTS. C/ 0032,R-46897,2.78,https://canodiy.es/mara-11/2029-R+46897.html
HILOS,Mara 11,mara-11,BOBINA HILO MORADO OSCURO MARA 11 110 MTS. C/ 0130,R-46909,2.78,https://canodiy.es/mara-11/2051-R+46909.html
HILOS,Mara 11,mara-11,BOBINA HILO NARANJA MARA 11 110 MTS. C/ 0155,R-46914,2.78,https://canodiy.es/mara-11/2061-R+46914.html
HILOS,Mara 11,mara-11,BOBINA HILO NARANJA MARA 11 110 MTS. C/ 0188,R-46932,2.78,https://canodiy.es/mara-11/2075-R+46932.html
HILOS,Mara 11,mara-11,BOBINA HILO NEGRO MARA 11 110 MTS. C/ 0000,R-43706,2.78,https://canodiy.es/mara-11/729-R+43706.html
HILOS,Mara 11,mara-11,BOBINA HILO ROJO BURDEOS MARA 11 110 MTS. C/ 0221,R-46938,2.78,https://canodiy.es/mara-11/2083-R+46938.html
HILOS,Mara 11,mara-11,BOBINA HILO ROJO BURDEOS MARA 11 110 MTS. C/ 0368,R-46950,2.78,https://canodiy.es/mara-11/2107-R+46950.html
HILOS,Mara 11,mara-11,BOBINA HILO ROJO BURDEOS MARA 11 110 MTS. C/ 0369,R-46951,2.78,https://canodiy.es/mara-11/2109-R+46951.html
HILOS,Mara 11,mara-11,BOBINA HILO ROJO MARA 11 110 MTS. C/ 0046,R-46900,2.78,https://canodiy.es/mara-11/2035-R+46900.html
HILOS,Mara 11,mara-11,BOBINA HILO ROJO MARA 11 110 MTS. C/ 0082,R-46904,2.78,https://canodiy.es/mara-11/2041-R+46904.html
HILOS,Mara 11,mara-11,BOBINA HILO ROJO MARA 11 110 MTS. C/ 0156,R-46915,2.78,https://canodiy.es/mara-11/2063-R+46915.html
HILOS,Mara 11,mara-11,BOBINA HILO ROSA FUCSIA MARA 11 110 MTS. C/ 0382,R-46952,2.78,https://canodiy.es/mara-11/2111-R+46952.html
HILOS,Mara 11,mara-11,BOBINA HILO ROSA MARA 11 110 MTS. C/ 0659,R-46986,2.78,https://canodiy.es/mara-11/2151-R+46986.html
HILOS,Mara 11,mara-11,BOBINA HILO VERDE KAKI MARA 11 110 MTS. C/ 0528,R-46978,2.78,https://canodiy.es/mara-11/2137-R+46978.html
HILOS,Mara 11,mara-11,BOBINA HILO VERDE KAKI MARA 11 110 MTS. C/ 0676,R-46988,2.78,https://canodiy.es/mara-11/2155-R+46988.html
HILOS,Mara 11,mara-11,BOBINA HILO VERDE MARA 11 110 MTS. C/ 0340,R-46949,2.78,https://canodiy.es/mara-11/2105-R+46949.html
HILOS,Mara 11,mara-11,BOBINA HILO VERDE MARA 11 110 MTS. C/ 0396,R-46954,2.78,https://canodiy.es/mara-11/2113-R+46954.html
HILOS,Mara 11,mara-11,BOBINA HILO VERDE MARA 11 110 MTS. C/ 0597,R-46983,2.78,https://canodiy.es/mara-11/2145-R+46983.html
HILOS,Mara 11,mara-11,BOBINA HILO VERDE MARA 11 110 MTS. C/ 0919,R-47068,2.78,https://canodiy.es/mara-11/2191-R+47068.html
HILOS,Mara 11,mara-11,BOBINA HILO VERDE MARA 11 110 MTS. C/ 0931,R-47069,2.78,https://canodiy.es/mara-11/2193-R+47069.html
HILOS,Mara 11,mara-11,BOBINA HILO VERDE OSCURO MARA 11 110 MTS. C/ 0678,R-46989,2.78,https://canodiy.es/mara-11/2157-R+46989.html
HILOS,Mara 11,mara-11,BOBINA HILO VERDE OSCURO MARA 11 110 MTS. C/ 0707,R-47041,2.78,https://canodiy.es/mara-11/2171-R+47041.html
HILOS,Mara 11,mara-11,CAJAS HILO VERDE MARA 11 110 MTS. C/ 0401,R-46955,2.78,https://canodiy.es/mara-11/2115-R+46955.html
HILOS,Mara 11,mara-11,CONO HILO AMARILLO DORADO MARA 11 1130 MTS. C/ 0968,R-28978,27.05,https://canodiy.es/mara-11/2011-R+28978.html
HILOS,Mara 11,mara-11,CONO HILO AMARILLO MARA 11 1130 MTS. C/ 0106,R-44107,27.05,https://canodiy.es/mara-11/1985-R+44107.html
HILOS,Mara 11,mara-11,CONO HILO AZUL MARINO MARA 11 1130 MTS. C/ 0011,R-21297,27.05,https://canodiy.es/mara-11/1984-R+21297.html
HILOS,Mara 11,mara-11,CONO HILO BEIG CLARO MARA 11 1130 MTS. C/ 0414,R-7580,27.05,https://canodiy.es/mara-11/1992-R+7580.html
HILOS,Mara 11,mara-11,CONO HILO BEIG MARA 11 1130 MTS. C/ 0186,R-4114,27.05,https://canodiy.es/mara-11/1986-R+4114.html
HILOS,Mara 11,mara-11,CONO HILO BEIG MARA 11 1130 MTS. C/ 0464,R-7206,27.05,https://canodiy.es/mara-11/1997-R+7206.html
HILOS,Mara 11,mara-11,CONO HILO BEIG MARA 11 1130 MTS. C/ 0868,R-17546,27.05,https://canodiy.es/mara-11/2008-R+17546.html
HILOS,Mara 11,mara-11,CONO HILO BEIG MARA 11/3 1130 MTS. C/ 0722,R-9145,27.05,https://canodiy.es/mara-11/2004-R+9145.html
HILOS,Mara 11,mara-11,CONO HILO BLANCO MARA 11 1130 MTS. C/ 0800,R-4671,23.4,https://canodiy.es/mara-11/2006-R+4671.html
HILOS,Mara 11,mara-11,CONO HILO GRIS MARA 11 1130 MTS. C/ 0701,R-11149,27.05,https://canodiy.es/mara-11/2003-R+11149.html
HILOS,Mara 11,mara-11,CONO HILO GRIS MARA 11 1130 MTS. C/ 0727,R-17165,27.05,https://canodiy.es/mara-11/2005-R+17165.html
HILOS,Mara 11,mara-11,CONO HILO GRIS MARA 11/1130 MTS. C/ 0669,R-27726,27.05,https://canodiy.es/mara-11/1999-R+27726.html
HILOS,Mara 11,mara-11,CONO HILO MARRÓN CAOBA MARA 11 1130 MTS. C/ 0448,R-45406,27.05,https://canodiy.es/mara-11/1994-R+45406.html
HILOS,Mara 11,mara-11,CONO HILO MARRÓN CAOBA MARA 11 1130 MTS. C/ 0650,R-14015,27.05,https://canodiy.es/mara-11/1998-R+14015.html
HILOS,Mara 11,mara-11,CONO HILO MARRÓN CLARO MARA 11 1130 MTS. C/ 0139,R-16934,27.05,https://canodiy.es/mara-11/1988-R+16934.html
HILOS,Mara 11,mara-11,CONO HILO MARRÓN MARA 11 1130 MTS. C/ 0180,R-13986,27.05,https://canodiy.es/mara-11/1989-R+13986.html
HILOS,Mara 11,mara-11,CONO HILO MARRÓN MARA 11 1130 MTS. C/ 0406,R-23826,27.05,https://canodiy.es/mara-11/1991-R+23826.html
HILOS,Mara 11,mara-11,CONO HILO MARRÓN MARA 11 1130 MTS. C/ 0444,R-5110,27.05,https://canodiy.es/mara-11/1993-R+5110.html
HILOS,Mara 11,mara-11,CONO HILO MARRÓN MARA 11 1130 MTS. C/ 0450,R-22577,27.05,https://canodiy.es/mara-11/1995-R+22577.html
HILOS,Mara 11,mara-11,CONO HILO MARRÓN MARA 11 1130 MTS. C/ 0454,R-46851,27.05,https://canodiy.es/mara-11/1996-R+46851.html
HILOS,Mara 11,mara-11,CONO HILO MARRÓN MARA 11 1130 MTS. C/ 0694,R-1261,27.05,https://canodiy.es/mara-11/2000-R+1261.html
HILOS,Mara 11,mara-11,CONO HILO MARRÓN MARA 11 1130 MTS. C/ 0816,R-42823,27.05,https://canodiy.es/mara-11/2007-R+42823.html
HILOS,Mara 11,mara-11,CONO HILO MARRÓN OSCURO MARA 11 1130 MTS. C/ 0696,R-5058,27.05,https://canodiy.es/mara-11/2001-R+5058.html
HILOS,Mara 11,mara-11,CONO HILO MARRÓN OSCURO MARA 11 1130 MTS. C/ 0697,R-22445,27.05,https://canodiy.es/mara-11/2002-R+22445.html
HILOS,Mara 11,mara-11,CONO HILO NEGRO MARA 11 1130 MTS. C/ 0000,R-5059,27.05,https://canodiy.es/mara-11/1982-R+5059.html
HILOS,Mara 11,mara-11,CONO HILO ROJO MARA 11 1130 MTS. C/ 0046,R-10695,27.05,https://canodiy.es/mara-11/1987-R+10695.html
HILOS,Mara 11,mara-11,CONO HILO VERDE MARA 11 1130 MTS. C/ 0396,R-44108,27.05,https://canodiy.es/mara-11/1990-R+44108.html
HILOS,Mara 11,mara-11,CONO HILO VERDE MARA 11 1130 MTS. C/ 0919,R-8990,27.05,https://canodiy.es/mara-11/2009-R+8990.html
HILOS,Mara 11,mara-11,CONO HILO VERDE MARA 11 1130 MTS. C/ 0931,R-20323,27.05,https://canodiy.es/mara-11/2010-R+20323.html
HILOS,Mara 120,mara-120,BOBINA HILO AMARILLO CLARO MARA 120 1000 MTS. C/ 0325,R-47423-F5N8Z,2.32,https://canodiy.es/mara-120/6728-R+47423+F5N8Z.html
HILOS,Mara 120,mara-120,BOBINA HILO AMARILLO CLARO MARA 120 1000 MTS. C/ 0610,R-47423-JIRQE,2.32,https://canodiy.es/mara-120/3177-R+47423+JIRQE.html
HILOS,Mara 120,mara-120,BOBINA HILO AMARILLO CLARO MARA 120 1000 MTS. C/ 3897,R-47423-TVLLV,2.32,https://canodiy.es/mara-120/7402-R+47423+TVLLV.html
HILOS,Mara 120,mara-120,BOBINA HILO AMARILLO DORADO MARA 120 1000 MTS. C/ 0893,R-47423-8ZYX7,2.32,https://canodiy.es/mara-120/5621-R+47423+8ZYX7.html
HILOS,Mara 120,mara-120,BOBINA HILO AMARILLO DORADO MARA 120 1000 MTS. C/ 0968,R-47423-TGIIP,2.32,https://canodiy.es/mara-120/3367-R+47423+TGIIP.html
HILOS,Mara 120,mara-120,BOBINA HILO AMARILLO DORADO MARA 120 1000 MTS. C/ 8363,R-47423-T8FQL,2.32,https://canodiy.es/mara-120/7406-R+47423+T8FQL.html
HILOS,Mara 120,mara-120,BOBINA HILO AMARILLO FLÚOR MARA 120 1000 MTS. C/ 3835,R-47423-ETTYG,2.32,https://canodiy.es/mara-120/7047-R+47423+ETTYG.html
HILOS,Mara 120,mara-120,BOBINA HILO AMARILLO MARA 120 1000 MTS. C/ 0007,R-47423-YASCH,2.32,https://canodiy.es/mara-120/5236-R+47423+YASCH-9999999023125.html
HILOS,Mara 120,mara-120,BOBINA HILO AMARILLO MARA 120 1000 MTS. C/ 0106,R-47423-3VUL0,2.32,https://canodiy.es/mara-120/4942-R+47423+3VUL0.html
HILOS,Mara 120,mara-120,BOBINA HILO AMARILLO MARA 120 1000 MTS. C/ 0327,R-47423-UNSIE,2.32,https://canodiy.es/mara-120/4482-R+47423+UNSIE.html
HILOS,Mara 120,mara-120,BOBINA HILO AMARILLO MARA 120 1000 MTS. C/ 0412,R-47423-CKXTR,2.32,https://canodiy.es/mara-120/5301-R+47423+CKXTR.html
HILOS,Mara 120,mara-120,BOBINA HILO AMARILLO MARA 120 1000 MTS. C/ 0416,R-47423-1UTOQ,2.32,https://canodiy.es/mara-120/6032-R+47423+1UTOQ.html
HILOS,Mara 120,mara-120,BOBINA HILO AMARILLO MARA 120 1000 MTS. C/ 0417,R-47425-LP9ZU,2.32,https://canodiy.es/mara-120/2277-R+47425+LP9ZU.html
HILOS,Mara 120,mara-120,BOBINA HILO AMARILLO MARA 120 1000 MTS. C/ 1068,R-47423-ATGEU,2.32,https://canodiy.es/mara-120/9390-R+47423+ATGEU.html
HILOS,Mara 120,mara-120,BOBINA HILO AMARILLO MOSTAZA MARA 120 1000 MTS. C/ 0580,R-47423-NWPEB,2.32,https://canodiy.es/mara-120/4950-R+47423+NWPEB.html
HILOS,Mara 120,mara-120,BOBINA HILO AZUL AQUA MARA 120 1000 MTS. C/ 0053,R-47423-XNSDP,2.32,https://canodiy.es/mara-120/6042-R+47423+XNSDP.html
HILOS,Mara 120,mara-120,BOBINA HILO AZUL AQUA MARA 120 1000 MTS. C/ 5396,R-47423-RW6TZ,2.32,https://canodiy.es/mara-120/6474-R+47423+RW6TZ.html
HILOS,Mara 120,mara-120,BOBINA HILO AZUL CELESTE MARA 120 1000 MTS. C/ 0074,R-47423-2E70W,2.32,https://canodiy.es/mara-120/6040-R+47423+2E70W.html
HILOS,Mara 120,mara-120,BOBINA HILO AZUL CELESTE MARA 120 1000 MTS. C/ 0075,R-47424,2.32,https://canodiy.es/mara-120/2219-R+47424.html
HILOS,Mara 120,mara-120,BOBINA HILO AZUL CELESTE MARA 120 1000 MTS. C/ 0276,R-47423-CPGWK-WRBGI-UREW8,2.32,https://canodiy.es/mara-120/2271-R+47423+CPGWK+WRBGI+UREW8.html
HILOS,Mara 120,mara-120,BOBINA HILO AZUL CELESTE MARA 120 1000 MTS. C/ 1932,R-47423-GHGBJ,2.32,https://canodiy.es/mara-120/5256-R+47423+GHGBJ.html
HILOS,Mara 120,mara-120,BOBINA HILO AZUL CLARO MARA 120 1000 MTS. C/ 0064,R-47423-2DBGH,2.32,https://canodiy.es/mara-120/6140-R+47423+2DBGH.html
HILOS,Mara 120,mara-120,BOBINA HILO AZUL CLARO MARA 120 1000 MTS. C/ 0193,R-47423-64DSF-D7M8Y,2.32,https://canodiy.es/mara-120/3273-R+47423+64DSF+D7M8Y.html
HILOS,Mara 120,mara-120,BOBINA HILO AZUL CLARO MARA 120 1000 MTS. C/ 0195,R-47423-SXSCT,2.32,https://canodiy.es/mara-120/5560-R+47423+SXSCT.html
HILOS,Mara 120,mara-120,BOBINA HILO AZUL ELÉCTRICO MARA 120 1000 MTS. C/ 0218,R-47427,2.32,https://canodiy.es/mara-120/2217-R+47427.html
HILOS,Mara 120,mara-120,BOBINA HILO AZUL MARA 120 1000 MTS. C/ 0068,R-47423-UPCIR,2.32,https://canodiy.es/mara-120/6649-R+47423+UPCIR.html
HILOS,Mara 120,mara-120,BOBINA HILO AZUL MARA 120 1000 MTS. C/ 0112,R-47425,2.32,https://canodiy.es/mara-120/2214-R+47425.html
HILOS,Mara 120,mara-120,BOBINA HILO AZUL MARA 120 1000 MTS. C/ 0197,R-47423-64DSF-XP89Y,2.32,https://canodiy.es/mara-120/7589-R+47423+64DSF+XP89Y.html
HILOS,Mara 120,mara-120,BOBINA HILO AZUL MARA 120 1000 MTS. C/ 0214,R-47423-ZPXMF,2.32,https://canodiy.es/mara-120/4353-R+47423+ZPXMF.html
HILOS,Mara 120,mara-120,BOBINA HILO AZUL MARA 120 1000 MTS. C/ 0232,R-47423-4YZA3,2.32,https://canodiy.es/mara-120/6752-R+47423+4YZA3.html
HILOS,Mara 120,mara-120,BOBINA HILO AZUL MARA 120 1000 MTS. C/ 0311,R-47423-Q2BFL,2.32,https://canodiy.es/mara-120/5803-R+47423+Q2BFL.html
HILOS,Mara 120,mara-120,BOBINA HILO AZUL MARA 120 1000 MTS. C/ 0315,R-47423-62EXW,2.32,https://canodiy.es/mara-120/6307-R+47423+62EXW.html
HILOS,Mara 120,mara-120,BOBINA HILO AZUL MARA 120 1000 MTS. C/ 0322,R-47423-V7EKY,2.32,https://canodiy.es/mara-120/3145-R+47423+V7EKY.html
HILOS,Mara 120,mara-120,BOBINA HILO AZUL MARA 120 1000 MTS. C/ 0385,R-47423-64DSF-UXPWS,2.32,https://canodiy.es/mara-120/3285-R+47423+64DSF+UXPWS.html
HILOS,Mara 120,mara-120,BOBINA HILO AZUL MARA 120 1000 MTS. C/ 0386,R-47423-PO8IZ,2.32,https://canodiy.es/mara-120/5250-R+47423+PO8IZ.html
HILOS,Mara 120,mara-120,BOBINA HILO AZUL MARA 120 1000 MTS. C/ 0483,R-47423-0FFJH,2.32,https://canodiy.es/mara-120/5629-R+47423+0FFJH.html
HILOS,Mara 120,mara-120,BOBINA HILO AZUL MARA 120 1000 MTS. C/ 0593,R-47423-1TRGZ,2.32,https://canodiy.es/mara-120/8666-R+47423+1TRGZ.html
HILOS,Mara 120,mara-120,BOBINA HILO AZUL MARA 120 1000 MTS. C/ 0761,R-47423-BO7E7,2.32,https://canodiy.es/mara-120/5801-R+47423+BO7E7.html
HILOS,Mara 120,mara-120,BOBINA HILO AZUL MARA 120 1000 MTS. C/ 0762,R-47423-TBVXP,2.32,https://canodiy.es/mara-120/6327-R+47423+TBVXP-9999999023149.html
HILOS,Mara 120,mara-120,BOBINA HILO AZUL MARA 120 1000 MTS. C/ 0827,R-47423-LUVPB,2.32,https://canodiy.es/mara-120/6812-R+47423+LUVPB-9999999023453.html
HILOS,Mara 120,mara-120,BOBINA HILO AZUL MARA 120 1000 MTS. C/ 2246,R-47423-CX0YY,2.32,https://canodiy.es/mara-120/6026-R+47423+CX0YY.html
HILOS,Mara 120,mara-120,BOBINA HILO AZUL MARA 120 1000 MTS. C/ 3911,R-47423-NBVFA,2.32,https://canodiy.es/mara-120/9747-R+47423+NBVFA.html
HILOS,Mara 120,mara-120,BOBINA HILO AZUL MARA 120 1000 MTS. C/ 6415,R-47423-QIHQL,2.32,https://canodiy.es/mara-120/7404-R+47423+QIHQL.html
HILOS,Mara 120,mara-120,BOBINA HILO AZUL MARA 120 1000 MTS. C/ 9679,R-47423-R2ENF,2.32,https://canodiy.es/mara-120/8147-R+47423+R2ENF.html
HILOS,Mara 120,mara-120,BOBINA HILO AZUL MARINO MARA 120 1000 MTS. C/ 0011,R-47423-JVNDB,2.32,https://canodiy.es/mara-120/3522-R+47423+JVNDB.html
HILOS,Mara 120,mara-120,BOBINA HILO AZUL MARINO MARA 120 1000 MTS. C/ 0065,R-47423-QAVXQ,2.32,https://canodiy.es/mara-120/5817-R+47423+QAVXQ.html
HILOS,Mara 120,mara-120,BOBINA HILO AZUL MARINO MARA 120 1000 MTS. C/ 0309,R-47423-M0QTL,2.32,https://canodiy.es/mara-120/5517-R+47423+M0QTL.html
HILOS,Mara 120,mara-120,BOBINA HILO AZUL MARINO MARA 120 1000 MTS. C/ 0310,R-47423-WHEZF,2.32,https://canodiy.es/mara-120/3153-R+47423+WHEZF.html
HILOS,Mara 120,mara-120,BOBINA HILO AZUL MARINO MARA 120 1000 MTS. C/ 0339,R-47423-QDSYT,2.32,https://canodiy.es/mara-120/3337-R+47423+QDSYT.html
HILOS,Mara 120,mara-120,BOBINA HILO AZUL MARINO MARA 120 1000 MTS. C/ 0387,R-47423-3XWXG,2.32,https://canodiy.es/mara-120/6731-R+47423+3XWXG.html
HILOS,Mara 120,mara-120,BOBINA HILO AZUL MARINO MARA 120 1000 MTS. C/ 0487,R-47423-64DSF-PAOQG,2.32,https://canodiy.es/mara-120/6215-R+47423+64DSF+PAOQG.html
HILOS,Mara 120,mara-120,BOBINA HILO AZUL MARINO MARA 120 1000 MTS. C/ 0537,R-47423-6NVZI,2.32,https://canodiy.es/mara-120/5948-R+47423+6NVZI.html
HILOS,Mara 120,mara-120,BOBINA HILO AZUL MARINO MARA 120 1000 MTS. C/ 3681,R-47423-BSMJ3,2.32,https://canodiy.es/mara-120/8151-R+47423+BSMJ3.html
HILOS,Mara 120,mara-120,BOBINA HILO AZUL MARINO MARA 120 1000 MTS. C/ 6712,R-47423-DJILE,2.32,https://canodiy.es/mara-120/8149-R+47423+DJILE.html
HILOS,Mara 120,mara-120,BOBINA HILO AZUL MARINO MARA 120 1000 MTS. C/ 9110,R-47423-4GGPZ,2.32,https://canodiy.es/mara-120/6294-R+47423+4GGPZ.html
HILOS,Mara 120,mara-120,BOBINA HILO AZUL MARINO OSCURO MARA 120 1000 MTS. C/ 0665,R-47423-C2ENS,2.32,https://canodiy.es/mara-120/5558-R+47423+C2ENS.html
HILOS,Mara 120,mara-120,BOBINA HILO AZUL OSCURO MARA 120 1000 MTS. C/ 0013,R-47423-RE9T6,2.32,https://canodiy.es/mara-120/4870-R+47423+RE9T6.html
HILOS,Mara 120,mara-120,BOBINA HILO AZUL OSCURO MARA 120 1000 MTS. C/ 0066,R-47423-CPGWK,2.32,https://canodiy.es/mara-120/2267-R+47423+CPGWK.html
HILOS,Mara 120,mara-120,BOBINA HILO AZUL OSCURO MARA 120 1000 MTS. C/ 0095,R-47423-G4DCK,2.32,https://canodiy.es/mara-120/6333-R+47423+G4DCK.html
HILOS,Mara 120,mara-120,BOBINA HILO AZUL OSCURO MARA 120 1000 MTS. C/ 0312,R-47498-E7N7W,2.32,https://canodiy.es/mara-120/2275-R+47498+E7N7W.html
HILOS,Mara 120,mara-120,BOBINA HILO AZUL OSCURO MARA 120 1000 MTS. C/ 0435,R-47423-DZEET,2.32,https://canodiy.es/mara-120/3526-R+47423+DZEET.html
HILOS,Mara 120,mara-120,BOBINA HILO AZUL OSCURO MARA 120 1000 MTS. C/ 0904,R-47423-8WRCF,2.32,https://canodiy.es/mara-120/8650-R+47423+8WRCF.html
HILOS,Mara 120,mara-120,BOBINA HILO AZUL OSCURO MARA 120 1000 MTS. C/ 1823,R-47423-64DSF-FF6IE,2.32,https://canodiy.es/mara-120/6217-R+47423+64DSF+FF6IE.html
HILOS,Mara 120,mara-120,BOBINA HILO AZUL TURQUESA CLARO MARA 120 1000 MTS. C/ 2167,R-47423-DO0DU,2.32,https://canodiy.es/mara-120/3171-R+47423+DO0DU.html
HILOS,Mara 120,mara-120,BOBINA HILO AZUL TURQUESA MARA 120 1000 MTS. C/ 0189,R-47423-AIGP2,2.32,https://canodiy.es/mara-120/6468-R+47423+AIGP2.html
HILOS,Mara 120,mara-120,BOBINA HILO AZUL TURQUESA MARA 120 1000 MTS. C/ 0223,R-47423-KUVSJ,2.32,https://canodiy.es/mara-120/4355-R+47423+KUVSJ.html
HILOS,Mara 120,mara-120,BOBINA HILO AZUL TURQUESA MARA 120 1000 MTS. C/ 0331,R-47423-JG9JG,2.32,https://canodiy.es/mara-120/8155-R+47423+JG9JG.html
HILOS,Mara 120,mara-120,BOBINA HILO AZUL TURQUESA MARA 120 1000 MTS. C/ 2086,R-47423-L3KIV,2.32,https://canodiy.es/mara-120/8153-R+47423+L3KIV.html
HILOS,Mara 120,mara-120,BOBINA HILO AZUL TURQUESA MARA 120 1000 MTS. C/ 7616,R-47423-64DSF-FTJ6W,2.32,https://canodiy.es/mara-120/3317-R+47423+64DSF+FTJ6W.html
HILOS,Mara 120,mara-120,BOBINA HILO AZUL TURQUESA OSCURO MARA 120 1000 MTS. C/ 0967,R-47423-IOEDL,2.32,https://canodiy.es/mara-120/2285-R+47423+IOEDL.html
HILOS,Mara 120,mara-120,BOBINA HILO BEIG CLARO MARA 120 1000 MTS. C/ 0275,R-47423-YRDJR,2.32,https://canodiy.es/mara-120/5821-R+47423+YRDJR.html
HILOS,Mara 120,mara-120,BOBINA HILO BEIG CLARO MARA 120 1000 MTS. C/ 3791,R-47423-QBRWT,2.32,https://canodiy.es/mara-120/5492-R+47423+QBRWT.html
HILOS,Mara 120,mara-120,BOBINA HILO BEIG CLARO MARA 120 1000 MTS. C/ 4147,R-47423-TQCRQ,2.32,https://canodiy.es/mara-120/4956-R+47423+TQCRQ.html
HILOS,Mara 120,mara-120,BOBINA HILO BEIG MARA 120 1000 MTS. C/ 0131,R-47423-1M4OH,2.32,https://canodiy.es/mara-120/5831-R+47423+1M4OH-9999999023101.html
HILOS,Mara 120,mara-120,BOBINA HILO BEIG MARA 120 1000 MTS. C/ 0170,R-47423-WEEWZ,2.32,https://canodiy.es/mara-120/3155-R+47423+WEEWZ.html
HILOS,Mara 120,mara-120,BOBINA HILO BEIG MARA 120 1000 MTS. C/ 0186,R-47423-KE7BL,2.32,https://canodiy.es/mara-120/5243-R+47423+KE7BL.html
HILOS,Mara 120,mara-120,BOBINA HILO BEIG MARA 120 1000 MTS. C/ 0464,R-47423-8SMQS,2.32,https://canodiy.es/mara-120/4488-R+47423+8SMQS.html
HILOS,Mara 120,mara-120,BOBINA HILO BEIG MARA 120 1000 MTS. C/ 0722,R-47423-U35WA,2.32,https://canodiy.es/mara-120/3147-R+47423+U35WA-9999999023439.html
HILOS,Mara 120,mara-120,BOBINA HILO BEIG MARA 120 1000 MTS. C/ 0868,R-47423-BCZIQ,2.32,https://canodiy.es/mara-120/4370-R+47423+BCZIQ.html
HILOS,Mara 120,mara-120,BOBINA HILO BEIG MARA 120 1000 MTS. C/ 591,R-47423-8VN41,2.32,https://canodiy.es/mara-120/8139-R+47423+8VN41.html
HILOS,Mara 120,mara-120,BOBINA HILO BEIGE CLARO MARA 120 1000 MTS. C/ 0005,R-47423-TREXA,2.32,https://canodiy.es/mara-120/7144-R+47423+TREXA.html
HILOS,Mara 120,mara-120,BOBINA HILO BEIGE CLARO MARA 120 1000 MTS. C/ 0169,R-47423-64DSF-5CZRP,2.32,https://canodiy.es/mara-120/3271-R+47423+64DSF+5CZRP.html
HILOS,Mara 120,mara-120,BOBINA HILO BEIGE CLARO MARA 120 1000 MTS. C/ 0414,R-47423-JSL6T,2.32,https://canodiy.es/mara-120/5252-R+47423+JSL6T.html
HILOS,Mara 120,mara-120,BOBINA HILO BEIGE CLARO MARA 120 1000 MTS. C/ 4567,R-47423-IQGRX,2.32,https://canodiy.es/mara-120/9327-R+47423+IQGRX.html
HILOS,Mara 120,mara-120,BOBINA HILO BEIGE CLARO MARA 120 1000 MTS. C/ 9414,R-47423-SAQOZ,2.32,https://canodiy.es/mara-120/7408-R+47423+SAQOZ.html
HILOS,Mara 120,mara-120,BOBINA HILO BEIGE CRUDO MARA 120 1000 MTS. C/ 0802,R-47423-64DSF-IZBXQ,2.32,https://canodiy.es/mara-120/3305-R+47423+64DSF+IZBXQ.html
HILOS,Mara 120,mara-120,BOBINA HILO BEIGE MARA 120 1000 MTS. C/ 0249,R-47423-4AOXO,2.32,https://canodiy.es/mara-120/8648-R+47423+4AOXO.html
HILOS,Mara 120,mara-120,BOBINA HILO BEIGE MARA 120 1000 MTS. C/ 0263,R-47423-5M3IS,2.32,https://canodiy.es/mara-120/3340-R+47423+5M3IS.html
HILOS,Mara 120,mara-120,BOBINA HILO BEIGE MARA 120 1000 MTS. C/ 0265,R-47423-2JKCT,2.32,https://canodiy.es/mara-120/5521-R+47423+2JKCT.html
HILOS,Mara 120,mara-120,BOBINA HILO BEIGE MARA 120 1000 MTS. C/ 2827,R-47423-QAWZU,2.32,https://canodiy.es/mara-120/8163-R+47423+QAWZU.html
HILOS,Mara 120,mara-120,BOBINA HILO BEIGE MARA 120 1000 MTS. C/ 3964,R-47427-IPBAG,2.32,https://canodiy.es/mara-120/2289-R+47427+IPBAG-9999999023255.html
HILOS,Mara 120,mara-120,BOBINA HILO BEIGE MARA 120 1000 MTS. C/ 4773,R-47423-TLRAI,2.32,https://canodiy.es/mara-120/9749-R+47423+TLRAI.html
HILOS,Mara 120,mara-120,BOBINA HILO BEIGE OSCURO MARA 120 1000 MTS. C/ 0669,R-47423-Q0QMR,2.32,https://canodiy.es/mara-120/8566-R+47423+Q0QMR.html
HILOS,Mara 120,mara-120,BOBINA HILO BLANCO MARA 120 1000 MTS. C/ 0111,R-47427-F2B60-HARBZ,1.98,https://canodiy.es/mara-120/3241-R+47427+F2B60+HARBZ-9999999023224.html
HILOS,Mara 120,mara-120,BOBINA HILO BLANCO MARA 120 1000 MTS. C/ 0800,R-47427-F2B60,1.98,https://canodiy.es/mara-120/2283-R+47427+F2B60-9999999023187.html
HILOS,Mara 120,mara-120,BOBINA HILO BLANCO MARA 120 1000 MTS. C/ 4335,R-47423-PQ1KI,2.32,https://canodiy.es/mara-120/5827-R+47423+PQ1KI.html
HILOS,Mara 120,mara-120,BOBINA HILO BLANCO ROTO MARA 120 1000 MTS. C/ 0001,R-47423,2.32,https://canodiy.es/mara-120/2211-R+47423.html
HILOS,Mara 120,mara-120,BOBINA HILO BLANCO ROTO MARA 120 1000 MTS. C/ 3796,R-47423-CWP4U,2.32,https://canodiy.es/mara-120/5819-R+47423+CWP4U.html
HILOS,Mara 120,mara-120,BOBINA HILO BLANCO VERDE MARA 120 1000 MTS. C/ 0100,R-47423-W7MVL,2.32,https://canodiy.es/mara-120/8157-R+47423+W7MVL.html
HILOS,Mara 120,mara-120,BOBINA HILO CAOBA MARA 120 1000 MTS. C/ 8772,R-47423-ZPFF7,2.32,https://canodiy.es/mara-120/9403-R+47423+ZPFF7.html
HILOS,Mara 120,mara-120,BOBINA HILO CELESTE MARA 120 1000 MTS. C/ 0143,R-47423-DBZ7L,2.32,https://canodiy.es/mara-120/6492-R+47423+DBZ7L.html
HILOS,Mara 120,mara-120,BOBINA HILO FUCSIA FLÚOR MARA 120 1000 MTS. C/ 3837,R-47423-HRDMO,2.32,https://canodiy.es/mara-120/7055-R+47423+HRDMO.html
HILOS,Mara 120,mara-120,BOBINA HILO GRIS CLARO MARA 120 1000 MTS. C/ 0008,R-47423-CURXC,2.32,https://canodiy.es/mara-120/5496-R+47423+CURXC.html
HILOS,Mara 120,mara-120,BOBINA HILO GRIS CLARO MARA 120 1000 MTS. C/ 0299,R-47499-QAOPB,2.32,https://canodiy.es/mara-120/2273-R+47499+QAOPB.html
HILOS,Mara 120,mara-120,BOBINA HILO GRIS CLARO MARA 120 1000 MTS. C/ 1889,R-47423-HM2SI,2.32,https://canodiy.es/mara-120/6329-R+47423+HM2SI.html
HILOS,Mara 120,mara-120,BOBINA HILO GRIS CLARO MARA 120 1000 MTS. C/ 2826,R-47423-WSLBT,2.32,https://canodiy.es/mara-120/5293-R+47423+WSLBT.html
HILOS,Mara 120,mara-120,BOBINA HILO GRIS CLARO MARA 120 1000 MTS. C/ 3969,R-47423-KZX5B,2.32,https://canodiy.es/mara-120/8652-R+47423+KZX5B.html
HILOS,Mara 120,mara-120,BOBINA HILO GRIS CLARO MARA 120 1000 MTS. C/ 4534,R-47423-64DSF-OQAWI,2.32,https://canodiy.es/mara-120/7591-R+47423+64DSF+OQAWI.html
HILOS,Mara 120,mara-120,BOBINA HILO GRIS CLARO MARA 120 1000 MTS. C/ 8102,R-47423-WCQGY,2.32,https://canodiy.es/mara-120/9401-R+47423+WCQGY.html
HILOS,Mara 120,mara-120,BOBINA HILO GRIS MARA 120 1000 MTS. C/ 0035,R-47423-C5EMN,2.32,https://canodiy.es/mara-120/9378-R+47423+C5EMN.html
HILOS,Mara 120,mara-120,BOBINA HILO GRIS MARA 120 1000 MTS. C/ 0038,R-47423-X0N4D,2.32,https://canodiy.es/mara-120/5623-R+47423+X0N4D-9999999023088.html
HILOS,Mara 120,mara-120,BOBINA HILO GRIS MARA 120 1000 MTS. C/ 0040,R-47423-Q13ZQ,2.32,https://canodiy.es/mara-120/3157-R+47423+Q13ZQ.html
HILOS,Mara 120,mara-120,BOBINA HILO GRIS MARA 120 1000 MTS. C/ 0118,R-47423-JZFYJ,2.32,https://canodiy.es/mara-120/6817-R+47423+JZFYJ.html
HILOS,Mara 120,mara-120,BOBINA HILO GRIS MARA 120 1000 MTS. C/ 0132,R-47423-NG9CM,2.32,https://canodiy.es/mara-120/6337-R+47423+NG9CM.html
HILOS,Mara 120,mara-120,BOBINA HILO GRIS MARA 120 1000 MTS. C/ 0493,R-47423-69U3O,2.32,https://canodiy.es/mara-120/6028-R+47423+69U3O.html
HILOS,Mara 120,mara-120,BOBINA HILO GRIS MARA 120 1000 MTS. C/ 0495,R-47423-Q5EPH,2.32,https://canodiy.es/mara-120/6756-R+47423+Q5EPH.html
HILOS,Mara 120,mara-120,BOBINA HILO GRIS MARA 120 1000 MTS. C/ 0496,R-47423-SN7DK,2.32,https://canodiy.es/mara-120/9721-R+47423+SN7DK.html
HILOS,Mara 120,mara-120,BOBINA HILO GRIS MARA 120 1000 MTS. C/ 0497,R-47423-WN5W0,2.32,https://canodiy.es/mara-120/5954-R+47423+WN5W0.html
HILOS,Mara 120,mara-120,BOBINA HILO GRIS MARA 120 1000 MTS. C/ 0545,R-47423-RJO0Q,2.32,https://canodiy.es/mara-120/6359-R+47423+RJO0Q.html
HILOS,Mara 120,mara-120,BOBINA HILO GRIS MARA 120 1000 MTS. C/ 0634,R-47423-GBZYY,2.32,https://canodiy.es/mara-120/4494-R+47423+GBZYY.html
HILOS,Mara 120,mara-120,BOBINA HILO GRIS MARA 120 1000 MTS. C/ 0635,R-47423-BOVYE,2.32,https://canodiy.es/mara-120/9727-R+47423+BOVYE.html
HILOS,Mara 120,mara-120,BOBINA HILO GRIS MARA 120 1000 MTS. C/ 0701,R-47424-0DB8L,2.32,https://canodiy.es/mara-120/2281-R+47424+0DB8L.html
HILOS,Mara 120,mara-120,BOBINA HILO GRIS MARA 120 1000 MTS. C/ 0702,R-47423-5BZKX,2.32,https://canodiy.es/mara-120/6115-R+47423+5BZKX.html
HILOS,Mara 120,mara-120,BOBINA HILO GRIS MARA 120 1000 MTS. C/ 0727,R-47423-0QBVU,2.32,https://canodiy.es/mara-120/9731-R+47423+0QBVU.html
HILOS,Mara 120,mara-120,BOBINA HILO GRIS MARA 120 1000 MTS. C/ 0854,R-47423-B244F,2.32,https://canodiy.es/mara-120/9735-R+47423+B244F.html
HILOS,Mara 120,mara-120,BOBINA HILO GRIS MARA 120 1000 MTS. C/ 3454,R-47423-PSIGH,2.32,https://canodiy.es/mara-120/9394-R+47423+PSIGH.html
HILOS,Mara 120,mara-120,BOBINA HILO GRIS MARA 120 1000 MTS. C/ 5618,R-47423-CUNPN,2.32,https://canodiy.es/mara-120/6476-R+47423+CUNPN.html
HILOS,Mara 120,mara-120,BOBINA HILO GRIS MARA 120 1000 MTS. C/ 9333,R-47423-7YWSS,2.32,https://canodiy.es/mara-120/6335-R+47423+7YWSS.html
HILOS,Mara 120,mara-120,BOBINA HILO GRIS OSCURO MARA 120 1000 MTS. C/ 0036,R-47423-K1IEN,2.32,https://canodiy.es/mara-120/4474-R+47423+K1IEN.html
HILOS,Mara 120,mara-120,BOBINA HILO GRIS OSCURO MARA 120 1000 MTS. C/ 0093,R-47423-YNVCG,2.32,https://canodiy.es/mara-120/6290-R+47423+YNVCG.html
HILOS,Mara 120,mara-120,BOBINA HILO GRIS OSCURO MARA 120 1000 MTS. C/ 0141,R-47423-DLLV0,2.32,https://canodiy.es/mara-120/6823-R+47423+DLLV0.html
HILOS,Mara 120,mara-120,BOBINA HILO GRIS OSCURO MARA 120 1000 MTS. C/ 0542,R-47423-64DSF-VEAOJ,2.32,https://canodiy.es/mara-120/3293-R+47423+64DSF+VEAOJ.html
HILOS,Mara 120,mara-120,BOBINA HILO GRIS OSCURO MARA 120 1000 MTS. C/ 5102,R-47423-YQHNU,2.32,https://canodiy.es/mara-120/9751-R+47423+YQHNU.html
HILOS,Mara 120,mara-120,BOBINA HILO GRIS OSCURO MARA 120 1000 MTS. C/ 5822,R-47423-A8OIY,2.32,https://canodiy.es/mara-120/8658-R+47423+A8OIY.html
HILOS,Mara 120,mara-120,BOBINA HILO GRIS OSCURO MARA 120 1000 MTS. C/ 9833,R-47423-JC3VK,2.32,https://canodiy.es/mara-120/9405-R+47423+JC3VK.html
HILOS,Mara 120,mara-120,BOBINA HILO LILA  MARA 120 1000 MTS. C/ 0631,R-47423-PKKXZ,2.32,https://canodiy.es/mara-120/5950-R+47423+PKKXZ.html
HILOS,Mara 120,mara-120,BOBINA HILO LILA MARA 120 1000 MTS. C/ 0656,R-47423-N4G1O,2.32,https://canodiy.es/mara-120/8145-R+47423+N4G1O.html
HILOS,Mara 120,mara-120,BOBINA HILO LILA MARA 120 1000 MTS. C/ 3889,R-47423-B7EVN,2.32,https://canodiy.es/mara-120/3169-R+47423+B7EVN.html
HILOS,Mara 120,mara-120,BOBINA HILO MAQUILLAJE  MARA 120 1000 MTS. C/ 0422,R-47423-ONX56,2.32,https://canodiy.es/mara-120/7400-R+47423+ONX56.html
HILOS,Mara 120,mara-120,BOBINA HILO MARRÓN CAMEL MARA 120 1000 MTS. C/ 9219,R-47423-8G89R,2.32,https://canodiy.es/mara-120/4952-R+47423+8G89R.html
HILOS,Mara 120,mara-120,BOBINA HILO MARRÓN CAOBA MARA 120 1000 MTS. C/ 0448,R-47423-XWYCF,2.32,https://canodiy.es/mara-120/4938-R+47423+XWYCF.html
HILOS,Mara 120,mara-120,BOBINA HILO MARRÓN CAOBA MARA 120 1000 MTS. C/ 0650,R-47423-MTKRM,2.32,https://canodiy.es/mara-120/4850-R+47423+MTKRM.html
HILOS,Mara 120,mara-120,BOBINA HILO MARRÓN CAOBA MARA 120 1000 MTS. C/ 0934,R-47423-NO5NQ,2.32,https://canodiy.es/mara-120/3528-R+47423+NO5NQ.html
HILOS,Mara 120,mara-120,BOBINA HILO MARRÓN CLARO MARA 120 1000 MTS. C/ 0215,R-50240,2.32,https://canodiy.es/mara-120/3275-R+50240.html
HILOS,Mara 120,mara-120,BOBINA HILO MARRÓN MARA 120 1000 MTS. C/ 0023,R-47423-64DSF-E5EH2,2.32,https://canodiy.es/mara-120/9173-R+47423+64DSF+E5EH2.html
HILOS,Mara 120,mara-120,BOBINA HILO MARRÓN MARA 120 1000 MTS. C/ 0122,R-47423-RTLM2,2.32,https://canodiy.es/mara-120/9380-R+47423+RTLM2.html
HILOS,Mara 120,mara-120,BOBINA HILO MARRÓN MARA 120 1000 MTS. C/ 0124,R-47423-ZUSI1,2.32,https://canodiy.es/mara-120/6309-R+47423+ZUSI1.html
HILOS,Mara 120,mara-120,BOBINA HILO MARRÓN MARA 120 1000 MTS. C/ 0139,R-47423-M9OPD,2.32,https://canodiy.es/mara-120/6034-R+47423+M9OPD.html
HILOS,Mara 120,mara-120,BOBINA HILO MARRÓN MARA 120 1000 MTS. C/ 0160,R-47423-X9O2Y,2.32,https://canodiy.es/mara-120/9382-R+47423+X9O2Y.html
HILOS,Mara 120,mara-120,BOBINA HILO MARRÓN MARA 120 1000 MTS. C/ 0179,R-47423-N9TZ1,2.32,https://canodiy.es/mara-120/5291-R+47423+N9TZ1.html
HILOS,Mara 120,mara-120,BOBINA HILO MARRÓN MARA 120 1000 MTS. C/ 0180,R-47423-JSKXG,2.32,https://canodiy.es/mara-120/8141-R+47423+JSKXG.html
HILOS,Mara 120,mara-120,BOBINA HILO MARRÓN MARA 120 1000 MTS. C/ 0199,R-47423-OPZID,2.32,https://canodiy.es/mara-120/5625-R+47423+OPZID.html
HILOS,Mara 120,mara-120,BOBINA HILO MARRÓN MARA 120 1000 MTS. C/ 0208,R-47423-T24WC,2.32,https://canodiy.es/mara-120/6038-R+47423+T24WC.html
HILOS,Mara 120,mara-120,BOBINA HILO MARRÓN MARA 120 1000 MTS. C/ 0264,R-47423-NE077,2.32,https://canodiy.es/mara-120/8165-R+47423+NE077.html
HILOS,Mara 120,mara-120,BOBINA HILO MARRÓN MARA 120 1000 MTS. C/ 0308,R-47423-64DSF-RVOTI,2.32,https://canodiy.es/mara-120/3281-R+47423+64DSF+RVOTI.html
HILOS,Mara 120,mara-120,BOBINA HILO MARRÓN MARA 120 1000 MTS. C/ 0406,R-47423-FNVOB,2.32,https://canodiy.es/mara-120/2604-R+47423+FNVOB.html
HILOS,Mara 120,mara-120,BOBINA HILO MARRÓN MARA 120 1000 MTS. C/ 0423,R-47423-TYWGV,2.32,https://canodiy.es/mara-120/9386-R+47423+TYWGV.html
HILOS,Mara 120,mara-120,BOBINA HILO MARRÓN MARA 120 1000 MTS. C/ 0439,R-47425-FPADT,2.32,https://canodiy.es/mara-120/2279-R+47425+FPADT.html
HILOS,Mara 120,mara-120,BOBINA HILO MARRÓN MARA 120 1000 MTS. C/ 0446,R-47423-64DSF-5RCBU,2.32,https://canodiy.es/mara-120/3289-R+47423+64DSF+5RCBU.html
HILOS,Mara 120,mara-120,BOBINA HILO MARRÓN MARA 120 1000 MTS. C/ 0450,R-47423-F8RIT,2.32,https://canodiy.es/mara-120/4874-R+47423+F8RIT.html
HILOS,Mara 120,mara-120,BOBINA HILO MARRÓN MARA 120 1000 MTS. C/ 0453,R-47423-7D2TS,2.32,https://canodiy.es/mara-120/5554-R+47423+7D2TS.html
HILOS,Mara 120,mara-120,BOBINA HILO MARRÓN MARA 120 1000 MTS. C/ 0454,R-47423-64DSF-MBZLK,2.32,https://canodiy.es/mara-120/3291-R+47423+64DSF+MBZLK.html
HILOS,Mara 120,mara-120,BOBINA HILO MARRÓN MARA 120 1000 MTS. C/ 0682,R-47423-64DSF-V5EEC,2.32,https://canodiy.es/mara-120/9113-R+47423+64DSF+V5EEC.html
HILOS,Mara 120,mara-120,BOBINA HILO MARRÓN MARA 120 1000 MTS. C/ 0724,R-47423-64DSF-BYYTU,2.32,https://canodiy.es/mara-120/3301-R+47423+64DSF+BYYTU.html
HILOS,Mara 120,mara-120,BOBINA HILO MARRÓN MARA 120 1000 MTS. C/ 0767,R-47423-C8IXK,2.32,https://canodiy.es/mara-120/5525-R+47423+C8IXK.html
HILOS,Mara 120,mara-120,BOBINA HILO MARRÓN MARA 120 1000 MTS. C/ 0815,R-47423-64DSF-ROVXQ,2.32,https://canodiy.es/mara-120/3307-R+47423+64DSF+ROVXQ.html
HILOS,Mara 120,mara-120,BOBINA HILO MARRÓN MARA 120 1000 MTS. C/ 0817,R-47423-64DSF-KGBJ9,2.32,https://canodiy.es/mara-120/3309-R+47423+64DSF+KGBJ9.html
HILOS,Mara 120,mara-120,BOBINA HILO MARRÓN MARA 120 1000 MTS. C/ 0842,R-47423-WDBNC,2.32,https://canodiy.es/mara-120/5502-R+47423+WDBNC.html
HILOS,Mara 120,mara-120,BOBINA HILO MARRÓN MARA 120 1000 MTS. C/ 0850,R-47423-C6GRZ,2.32,https://canodiy.es/mara-120/5825-R+47423+C6GRZ.html
HILOS,Mara 120,mara-120,BOBINA HILO MARRÓN MARA 120 1000 MTS. C/ 0851,R-47423-0Y12K,2.32,https://canodiy.es/mara-120/9733-R+47423+0Y12K.html
HILOS,Mara 120,mara-120,BOBINA HILO MARRÓN MARA 120 1000 MTS. C/ 0887,R-47423-SKJQE,2.32,https://canodiy.es/mara-120/4512-R+47423+SKJQE.html
HILOS,Mara 120,mara-120,BOBINA HILO MARRÓN MARA 120 1000 MTS. C/ 1512,R-47423-X8OXO,2.32,https://canodiy.es/mara-120/9741-R+47423+X8OXO.html
HILOS,Mara 120,mara-120,BOBINA HILO MARRÓN MARA 120 1000 MTS. C/ 3977,R-47423-N3EYL,2.32,https://canodiy.es/mara-120/9396-R+47423+N3EYL.html
HILOS,Mara 120,mara-120,BOBINA HILO MARRÓN OSCURO MARA 120 1000 MTS. C/ 0671,R-47423-SZXLG,2.32,https://canodiy.es/mara-120/9729-R+47423+SZXLG.html
HILOS,Mara 120,mara-120,BOBINA HILO MARRÓN OSCURO MARA 120 1000 MTS. C/ 0696,R-47423-64DSF-UJLTM,2.32,https://canodiy.es/mara-120/3299-R+47423+64DSF+UJLTM.html
HILOS,Mara 120,mara-120,BOBINA HILO MARRÓN OSCURO MARA 120 1000 MTS. C/ 0697,R-47423-D6NCH,2.32,https://canodiy.es/mara-120/5299-R+47423+D6NCH.html
HILOS,Mara 120,mara-120,BOBINA HILO MARRÓN OSCURO MARA 120 1000 MTS. C/ 0769,R-47423-64DSF-PBS10,2.32,https://canodiy.es/mara-120/3303-R+47423+64DSF+PBS10.html
HILOS,Mara 120,mara-120,BOBINA HILO MARRÓN OSCURO MARA 120 1000 MTS. C/ 0780,R-47423-IAXP1,2.32,https://canodiy.es/mara-120/6730-R+47423+IAXP1.html
HILOS,Mara 120,mara-120,BOBINA HILO MARRÓN OSCURO MARA 120 1000 MTS. C/ 0937,R-47423-LAP3K,2.32,https://canodiy.es/mara-120/3536-R+47423+LAP3K.html
HILOS,Mara 120,mara-120,BOBINA HILO MARRÓN OSCURO MARA 120 1000 MTS. C/ 3927,R-47423-64DSF-DUU8V,2.32,https://canodiy.es/mara-120/3315-R+47423+64DSF+DUU8V.html
HILOS,Mara 120,mara-120,BOBINA HILO MORADO LILA MARA 120 1000 MTS. C/ 3904,R-47423-XSDJQ,2.32,https://canodiy.es/mara-120/6710-R+47423+XSDJQ.html
HILOS,Mara 120,mara-120,BOBINA HILO MORADO LILA MARA 120 1000 MTS. C/ 9664,R-47423-KJRP0,2.32,https://canodiy.es/mara-120/6044-R+47423+KJRP0.html
HILOS,Mara 120,mara-120,BOBINA HILO MORADO MALVA MARA 120 1000 MTS. C/ 0202,R-47423-OIGOG,2.32,https://canodiy.es/mara-120/9384-R+47423+OIGOG.html
HILOS,Mara 120,mara-120,BOBINA HILO MORADO MALVA MARA 120 1000 MTS. C/ 1232,R-47423-LRDEP,2.32,https://canodiy.es/mara-120/3173-R+47423+LRDEP.html
HILOS,Mara 120,mara-120,BOBINA HILO MORADO MARA 120 1000 MTS. C/ 0086,R-47423-9GB9L,2.32,https://canodiy.es/mara-120/6142-R+47423+9GB9L.html
HILOS,Mara 120,mara-120,BOBINA HILO MORADO MARA 120 1000 MTS. C/ 0158,R-47423-8C4N7,2.32,https://canodiy.es/mara-120/3365-R+47423+8C4N7.html
HILOS,Mara 120,mara-120,BOBINA HILO MORADO MARA 120 1000 MTS. C/ 0257,R-47423-FJQ7V,2.32,https://canodiy.es/mara-120/3181-R+47423+FJQ7V.html
HILOS,Mara 120,mara-120,BOBINA HILO MORADO MARA 120 1000 MTS. C/ 0259,R-47423-62DTM,2.32,https://canodiy.es/mara-120/4478-R+47423+62DTM.html
HILOS,Mara 120,mara-120,BOBINA HILO MORADO MARA 120 1000 MTS. C/ 0391,R-47423-UJQ5D,2.32,https://canodiy.es/mara-120/6319-R+47423+UJQ5D.html
HILOS,Mara 120,mara-120,BOBINA HILO MORADO MARA 120 1000 MTS. C/ 0392,R-47423-64DSF-WZXDI,2.32,https://canodiy.es/mara-120/7586-R+47423+64DSF+WZXDI.html
HILOS,Mara 120,mara-120,BOBINA HILO MORADO MARA 120 1000 MTS. C/ 0575,R-47423-64DSF-S11SY,2.32,https://canodiy.es/mara-120/3297-R+47423+64DSF+S11SY.html
HILOS,Mara 120,mara-120,BOBINA HILO MORADO MARA 120 1000 MTS. C/ 0716,R-47423-64DSF-VKTDS,2.32,https://canodiy.es/mara-120/7585-R+47423+64DSF+VKTDS.html
HILOS,Mara 120,mara-120,BOBINA HILO MORADO MARA 120 1000 MTS. C/ 0718,R-47423-IBVPD,2.32,https://canodiy.es/mara-120/5523-R+47423+IBVPD.html
HILOS,Mara 120,mara-120,BOBINA HILO MORADO MARA 120 1000 MTS. C/ 0810,R-47423-HPYUR,2.32,https://canodiy.es/mara-120/3138-R+47423+HPYUR.html
HILOS,Mara 120,mara-120,BOBINA HILO MORADO MARA 120 1000 MTS. C/ 0912,R-47423-GF8JH,2.32,https://canodiy.es/mara-120/5808-R+47423+GF8JH.html
HILOS,Mara 120,mara-120,BOBINA HILO MORADO MARA 120 1000 MTS. C/ 2549,R-47423-QAYAE,2.32,https://canodiy.es/mara-120/3534-R+47423+QAYAE.html
HILOS,Mara 120,mara-120,BOBINA HILO MORADO MARA 120 1000 MTS. C/ 2659,R-47423-8GBAN,2.32,https://canodiy.es/mara-120/6754-R+47423+8GBAN.html
HILOS,Mara 120,mara-120,BOBINA HILO MORADO MARA120 1000 MTS. C/ 0373,R-47423-SYXOT,2.32,https://canodiy.es/mara-120/5519-R+47423+SYXOT.html
HILOS,Mara 120,mara-120,BOBINA HILO MORADO OSCURO MARA 120 1000 MTS. C/ 0130,R-47423-SLZXM,2.32,https://canodiy.es/mara-120/5527-R+47423+SLZXM.html
HILOS,Mara 120,mara-120,BOBINA HILO MORADO OSCURO MARA 120 1000 MTS. C/ 0512,R-47423-LAOXA,2.32,https://canodiy.es/mara-120/9723-R+47423+LAOXA.html
HILOS,Mara 120,mara-120,BOBINA HILO MORADO OSCURO MARA 120 1000 MTS. C/ 3808,R-47423-QHJOB,2.32,https://canodiy.es/mara-120/9743-R+47423+QHJOB.html
HILOS,Mara 120,mara-120,BOBINA HILO MORADO VIOLETA MARA 120 1000 MTS. C/ 0247,R-47423-OIEOM,2.32,https://canodiy.es/mara-120/5246-R+47423+OIEOM.html
HILOS,Mara 120,mara-120,BOBINA HILO NARANJA FLÚOR MARA 120 1000 MTS. C/ 3871,R-47423-HDBLL,2.32,https://canodiy.es/mara-120/7051-R+47423+HDBLL.html
HILOS,Mara 120,mara-120,BOBINA HILO NARANJA MARA 120 1000 MTS. C/ 0155,R-47423-DTMMH,2.32,https://canodiy.es/mara-120/5823-R+47423+DTMMH.html
HILOS,Mara 120,mara-120,BOBINA HILO NARANJA MARA 120 1000 MTS. C/ 0188,R-47423-M8QVW,2.32,https://canodiy.es/mara-120/3149-R+47423+M8QVW.html
HILOS,Mara 120,mara-120,BOBINA HILO NARANJA MARA 120 1000 MTS. C/ 0285,R-47423-U3LY2,2.32,https://canodiy.es/mara-120/4480-R+47423+U3LY2.html
HILOS,Mara 120,mara-120,BOBINA HILO NARANJA MARA 120 1000 MTS. C/ 0300,R-47423-0JK32,2.32,https://canodiy.es/mara-120/6030-R+47423+0JK32.html
HILOS,Mara 120,mara-120,BOBINA HILO NARANJA MARA 120 1000 MTS. C/ 0350,R-47423-00NNM,2.32,https://canodiy.es/mara-120/7132-R+47423+00NNM.html
HILOS,Mara 120,mara-120,BOBINA HILO NARANJA MARA 120 1000 MTS. C/ 0362,R-47423-QN6EM,2.32,https://canodiy.es/mara-120/5248-R+47423+QN6EM.html
HILOS,Mara 120,mara-120,BOBINA HILO NARANJA MARA 120 1000 MTS. C/ 0982,R-47423-ZVUOK,2.32,https://canodiy.es/mara-120/3532-R+47423+ZVUOK.html
HILOS,Mara 120,mara-120,BOBINA HILO NARANJA MARA 120/3 1000 MTS. C/ 0351,R-47423-ZOWI2,2.32,https://canodiy.es/mara-120/2610-R+47423+ZOWI2.html
HILOS,Mara 120,mara-120,BOBINA HILO NARANJA MELOCOTÓN MARA 120 1000 MTS. C/ 0979,R-47423-34LJI,2.32,https://canodiy.es/mara-120/6321-R+47423+34LJI.html
HILOS,Mara 120,mara-120,BOBINA HILO NARANJA OSCURO MARA 120 1000 MTS. C/ 7996,R-47423-ZAP60,2.32,https://canodiy.es/mara-120/3530-R+47423+ZAP60.html
HILOS,Mara 120,mara-120,BOBINA HILO NARRÓN MARA 120 1000 MTS. C/ 0955,R-47423-KD6AK,2.32,https://canodiy.es/mara-120/9546-R+47423+KD6AK.html
HILOS,Mara 120,mara-120,BOBINA HILO NEGRO MARA 120 1000 MTS. C/ 0000,R-47423-64DSF,2.32,https://canodiy.es/mara-120/2265-R+47423+64DSF.html
HILOS,Mara 120,mara-120,BOBINA HILO NEGRO MARA 120 1000 MTS. C/ 0163,R-47423-VE3BB,2.32,https://canodiy.es/mara-120/9719-R+47423+VE3BB.html
HILOS,Mara 120,mara-120,BOBINA HILO NEGRO MARA 120 1000 MTS. C/ 0799,R-47423-Y9HMX,2.32,https://canodiy.es/mara-120/4944-R+47423+Y9HMX.html
HILOS,Mara 120,mara-120,BOBINA HILO NEGRO MARA 120 1000 MTS. C/ 0999,R-47423-CPZBZ,2.32,https://canodiy.es/mara-120/6495-R+47423+CPZBZ.html
HILOS,Mara 120,mara-120,BOBINA HILO NEGRO MARA 120 1000 MTS. C/ 1274,R-47423-YDXSU,2.32,https://canodiy.es/mara-120/5149-R+47423+YDXSU.html
HILOS,Mara 120,mara-120,BOBINA HILO NEGRO MARA 120 1000 MTS. C/ 2111,R-47423-KPHIV,2.32,https://canodiy.es/mara-120/6480-R+47423+KPHIV.html
HILOS,Mara 120,mara-120,BOBINA HILO NEGRO MARA 120 1000 MTS. C/ 2958,R-47423-JJQVZ,2.32,https://canodiy.es/mara-120/9392-R+47423+JJQVZ.html
HILOS,Mara 120,mara-120,BOBINA HILO NEGRO MARA 120 1000 MTS. C/ 7905,R-47423-IY9Q7,2.32,https://canodiy.es/mara-120/5258-R+47423+IY9Q7.html
HILOS,Mara 120,mara-120,BOBINA HILO ROJO BURDEOS MARA 120 1000 MTS. C/ 0174,R-47423-UW4K5,2.32,https://canodiy.es/mara-120/4476-R+47423+UW4K5.html
HILOS,Mara 120,mara-120,BOBINA HILO ROJO BURDEOS MARA 120 1000 MTS. C/ 0221,R-47423-64DSF-7E4TP,2.32,https://canodiy.es/mara-120/3277-R+47423+64DSF+7E4TP.html
HILOS,Mara 120,mara-120,BOBINA HILO ROJO BURDEOS MARA 120 1000 MTS. C/ 0226,R-47423-RAKEC,2.32,https://canodiy.es/mara-120/5562-R+47423+RAKEC.html
HILOS,Mara 120,mara-120,BOBINA HILO ROJO BURDEOS MARA 120 1000 MTS. C/ 0368,R-47499,2.32,https://canodiy.es/mara-120/2221-R+47499.html
HILOS,Mara 120,mara-120,BOBINA HILO ROJO BURDEOS MARA 120 1000 MTS. C/ 0369,R-47423-GAYTJ,2.32,https://canodiy.es/mara-120/3136-R+47423+GAYTJ.html
HILOS,Mara 120,mara-120,BOBINA HILO ROJO BURDEOS MARA 120 1000 MTS. C/ 0517,R-47423-WPADG,2.32,https://canodiy.es/mara-120/7495-R+47423+WPADG.html
HILOS,Mara 120,mara-120,BOBINA HILO ROJO BURDEOS MARA 120 1000 MTS. C/ 5039,R-47423-2AP2Z,2.32,https://canodiy.es/mara-120/5295-R+47423+2AP2Z.html
HILOS,Mara 120,mara-120,BOBINA HILO ROJO BURDEOS MARA 120 1000 MTS. C/ 5515,R-47423-NQJGK,2.32,https://canodiy.es/mara-120/9753-R+47423+NQJGK.html
HILOS,Mara 120,mara-120,BOBINA HILO ROJO CARMÍN MARA 120 1000 MTS. C/ 0384,R-47423-GFDS2,2.32,https://canodiy.es/mara-120/5627-R+47423+GFDS2.html
HILOS,Mara 120,mara-120,BOBINA HILO ROJO CORAL MARA 120 1000 MTS. C/ 0016,R-47423-4EDIK,2.32,https://canodiy.es/mara-120/5240-R+47423+4EDIK.html
HILOS,Mara 120,mara-120,BOBINA HILO ROJO CORAL MARA 120 1000 MTS. C/ 0519,R-47423-Y40UU,2.32,https://canodiy.es/mara-120/4490-R+47423+Y40UU.html
HILOS,Mara 120,mara-120,BOBINA HILO ROJO FLÚOR MARA 120 1000 MTS. C/ 3722,R-47423-RVQYU,2.32,https://canodiy.es/mara-120/7053-R+47423+RVQYU.html
HILOS,Mara 120,mara-120,BOBINA HILO ROJO MARA 120 1000 MTS. C/ 0012,R-47423-S2EL6,2.32,https://canodiy.es/mara-120/5238-R+47423+S2EL6.html
HILOS,Mara 120,mara-120,BOBINA HILO ROJO MARA 120 1000 MTS. C/ 0026,R-47423-1FENW,2.32,https://canodiy.es/mara-120/3524-R+47423+1FENW.html
HILOS,Mara 120,mara-120,BOBINA HILO ROJO MARA 120 1000 MTS. C/ 0046,R-47423-MKNKW,2.32,https://canodiy.es/mara-120/5233-R+47423+MKNKW.html
HILOS,Mara 120,mara-120,BOBINA HILO ROJO MARA 120 1000 MTS. C/ 0082,R-47423-L2IDG,2.32,https://canodiy.es/mara-120/3159-R+47423+L2IDG.html
HILOS,Mara 120,mara-120,BOBINA HILO ROJO MARA 120 1000 MTS. C/ 0156,R-47423-CPGWK-WRBGI,2.32,https://canodiy.es/mara-120/2269-R+47423+CPGWK+WRBGI.html
HILOS,Mara 120,mara-120,BOBINA HILO ROJO MARA 120 1000 MTS. C/ 0364,R-47423-ZRLTE,2.32,https://canodiy.es/mara-120/4946-R+47423+ZRLTE.html
HILOS,Mara 120,mara-120,BOBINA HILO ROJO MARA 120 1000 MTS. C/ 0365,R-47423-P6NJR,2.32,https://canodiy.es/mara-120/4486-R+47423+P6NJR.html
HILOS,Mara 120,mara-120,BOBINA HILO ROJO MARA 120 1000 MTS. C/ 0367,R-47423-WN4TW,2.32,https://canodiy.es/mara-120/8143-R+47423+WN4TW.html
HILOS,Mara 120,mara-120,BOBINA HILO ROJO MARA 120 1000 MTS. C/ 0383,R-47423-DZEGY,2.32,https://canodiy.es/mara-120/6352-R+47423+DZEGY.html
HILOS,Mara 120,mara-120,BOBINA HILO ROJO MARA 120 1000 MTS. C/ 0909,R-47423-DQAMV,2.32,https://canodiy.es/mara-120/5799-R+47423+DQAMV.html
HILOS,Mara 120,mara-120,BOBINA HILO ROJO MARA 120 1000 MTS. C/ 3894,R-47423-NJOHL,2.32,https://canodiy.es/mara-120/7124-R+47423+NJOHL.html
HILOS,Mara 120,mara-120,BOBINA HILO ROJO VINO MARA 120 1000 MTS. C/ 0175,R-47423-OAPSM,2.32,https://canodiy.es/mara-120/5556-R+47423+OAPSM.html
HILOS,Mara 120,mara-120,BOBINA HILO ROJO VINO MARA 120 1000 MTS. C/ 0262,R-47423-3LNKD,2.32,https://canodiy.es/mara-120/3151-R+47423+3LNKD.html
HILOS,Mara 120,mara-120,BOBINA HILO ROSA CLARO MARA 120 1000 MTS. C/ 0096,R-47423-ATS05,2.32,https://canodiy.es/mara-120/3179-R+47423+ATS05.html
HILOS,Mara 120,mara-120,BOBINA HILO ROSA CLARO MARA 120 1000 MTS. C/ 0165,R-47423-8G78Q,2.32,https://canodiy.es/mara-120/6036-R+47423+8G78Q.html
HILOS,Mara 120,mara-120,BOBINA HILO ROSA CLARO MARA 120 1000 MTS. C/ 0210,R-47423-ZTKWM,2.32,https://canodiy.es/mara-120/6470-R+47423+ZTKWM.html
HILOS,Mara 120,mara-120,BOBINA HILO ROSA CLARO MARA 120 1000 MTS. C/ 2017,R-47423-QTKIM,2.32,https://canodiy.es/mara-120/3175-R+47423+QTKIM.html
HILOS,Mara 120,mara-120,BOBINA HILO ROSA CLARO MARA 120 1000 MTS. C/ 2037,R-47423-2II8I,2.32,https://canodiy.es/mara-120/6734-R+47423+2II8I.html
HILOS,Mara 120,mara-120,BOBINA HILO ROSA FUCSIA MARA 120 1000 MTS. C/ 0321,R-47423-TGF8P,2.32,https://canodiy.es/mara-120/2608-R+47423+TGF8P.html
HILOS,Mara 120,mara-120,BOBINA HILO ROSA FUCSIA MARA 120 1000 MTS. C/ 0382,R-47423-64DSF-E7EOT,2.32,https://canodiy.es/mara-120/3283-R+47423+64DSF+E7EOT.html
HILOS,Mara 120,mara-120,BOBINA HILO ROSA FUCSIA MARA 120 1000 MTS. C/ 0624,R-47423-9HEMT,2.32,https://canodiy.es/mara-120/8654-R+47423+9HEMT.html
HILOS,Mara 120,mara-120,BOBINA HILO ROSA FUXIA MARA 120 1000 MTS. C/ 0877,R-47423-TSDTT,2.32,https://canodiy.es/mara-120/5795-R+47423+TSDTT.html
HILOS,Mara 120,mara-120,BOBINA HILO ROSA MAQUILLAJE MARA 120 1000 MTS. C/ 0245,R-47423-RJRGB,2.32,https://canodiy.es/mara-120/5498-R+47423+RJRGB.html
HILOS,Mara 120,mara-120,BOBINA HILO ROSA MARA 120 1000 MTS. C/ 0080,R-47423-AKRJ4,2.32,https://canodiy.es/mara-120/4948-R+47423+AKRJ4.html
HILOS,Mara 120,mara-120,BOBINA HILO ROSA MARA 120 1000 MTS. C/ 0211,R-47423-U9UMJ,2.32,https://canodiy.es/mara-120/5245-R+47423+U9UMJ.html
HILOS,Mara 120,mara-120,BOBINA HILO ROSA MARA 120 1000 MTS. C/ 0320,R-47423-PSBWD,2.32,https://canodiy.es/mara-120/6317-R+47423+PSBWD.html
HILOS,Mara 120,mara-120,BOBINA HILO ROSA MARA 120 1000 MTS. C/ 0473,R-47423-SXSDU,2.32,https://canodiy.es/mara-120/5500-R+47423+SXSDU.html
HILOS,Mara 120,mara-120,BOBINA HILO ROSA MARA 120 1000 MTS. C/ 0474,R-47423-QIQ0K,2.32,https://canodiy.es/mara-120/5829-R+47423+QIQ0K.html
HILOS,Mara 120,mara-120,BOBINA HILO ROSA MARA 120 1000 MTS. C/ 0568,R-47423-64DSF-BG03E,2.32,https://canodiy.es/mara-120/3295-R+47423+64DSF+BG03E.html
HILOS,Mara 120,mara-120,BOBINA HILO ROSA MARA 120 1000 MTS. C/ 0586,R-47423-9CRYI,2.32,https://canodiy.es/mara-120/4492-R+47423+9CRYI.html
HILOS,Mara 120,mara-120,BOBINA HILO ROSA MARA 120 1000 MTS. C/ 0659,R-47423-1LYHS,2.32,https://canodiy.es/mara-120/6292-R+47423+1LYHS.html
HILOS,Mara 120,mara-120,BOBINA HILO ROSA MARA 120 1000 MTS. C/ 0660,R-47423-OZXUE,2.32,https://canodiy.es/mara-120/6482-R+47423+OZXUE.html
HILOS,Mara 120,mara-120,BOBINA HILO ROSA MARA 120 1000 MTS. C/ 0663,R-47423-ALRIT,2.32,https://canodiy.es/mara-120/5515-R+47423+ALRIT.html
HILOS,Mara 120,mara-120,BOBINA HILO ROSA MARA 120 1000 MTS. C/ 0889,R-47423-JIQOA,2.32,https://canodiy.es/mara-120/6821-R+47423+JIQOA.html
HILOS,Mara 120,mara-120,BOBINA HILO ROSA MARA 120 1000 MTS. C/ 0890,R-47423-J6DAG,2.32,https://canodiy.es/mara-120/4514-R+47423+J6DAG.html
HILOS,Mara 120,mara-120,BOBINA HILO ROSA MARA 120 1000 MTS. C/ 0991,R-47423-YEVQP,2.32,https://canodiy.es/mara-120/5254-R+47423+YEVQP.html
HILOS,Mara 120,mara-120,BOBINA HILO ROSA MARA 120 1000 MTS. C/ 2528,R-47423-64DSF-TCY8A,2.32,https://canodiy.es/mara-120/3313-R+47423+64DSF+TCY8A.html
HILOS,Mara 120,mara-120,BOBINA HILO ROSA MARA 120 1000 MTS. C/ 2557,R-47423-YZASS,2.32,https://canodiy.es/mara-120/8656-R+47423+YZASS.html
HILOS,Mara 120,mara-120,BOBINA HILO ROSA OSCURO MARA 120 1000 MTS. C/ 0052,R-47423-ATKJ8,2.32,https://canodiy.es/mara-120/3339-R+47423+ATKJ8.html
HILOS,Mara 120,mara-120,BOBINA HILO TURQUESA OSCURO MARA 120 1000 MTS. C/ 0764,R-47423-BLRHR,2.32,https://canodiy.es/mara-120/7130-R+47423+BLRHR.html
HILOS,Mara 120,mara-120,BOBINA HILO VERDE  MARA 120 1000 MTS. C/ 0639,R-47423-I6DET,2.32,https://canodiy.es/mara-120/8664-R+47423+I6DET.html
HILOS,Mara 120,mara-120,BOBINA HILO VERDE  MARA 120 1000 MTS. C/ 8617,R-47423-RCYFX,2.32,https://canodiy.es/mara-120/4518-R+47423+RCYFX.html
HILOS,Mara 120,mara-120,BOBINA HILO VERDE CLARO MARA 120 1000 MTS. C/ 0297,R-47423-V4HN9,2.32,https://canodiy.es/mara-120/6472-R+47423+V4HN9.html
HILOS,Mara 120,mara-120,BOBINA HILO VERDE CLARO MARA 120 1000 MTS. C/ 0503,R-47423-KURHI,2.32,https://canodiy.es/mara-120/5611-R+47423+KURHI.html
HILOS,Mara 120,mara-120,BOBINA HILO VERDE CLARO MARA 120 1000 MTS. C/ 0818,R-47423-SSNJJ,2.32,https://canodiy.es/mara-120/6088-R+47423+SSNJJ.html
HILOS,Mara 120,mara-120,BOBINA HILO VERDE CLARO MARA 120 1000 MTS. C/ 4057,R-47423-UL1WG,2.32,https://canodiy.es/mara-120/6354-R+47423+UL1WG.html
HILOS,Mara 120,mara-120,BOBINA HILO VERDE CLARO MARA 120 1000 MTS. C/ 4547,R-47423-RALGG,2.32,https://canodiy.es/mara-120/5494-R+47423+RALGG.html
HILOS,Mara 120,mara-120,BOBINA HILO VERDE CLARO MARA 120 1000 MTS. C/ 5024,R-47423-PRBV7,2.32,https://canodiy.es/mara-120/6736-R+47423+PRBV7.html
HILOS,Mara 120,mara-120,BOBINA HILO VERDE CLARO MARA 120 1000 MTS. C/ 9637,R-47423-RYCC9,2.32,https://canodiy.es/mara-120/6331-R+47423+RYCC9.html
HILOS,Mara 120,mara-120,BOBINA HILO VERDE FLÚOR MARA 120 1000 MTS. C/ 3836,R-47423-UTLGF,2.32,https://canodiy.es/mara-120/7049-R+47423+UTLGF.html
HILOS,Mara 120,mara-120,BOBINA HILO VERDE FLÚOR MARA 120 1000 MTS. C/ 3853,R-47423-Y8FIN,2.32,https://canodiy.es/mara-120/9745-R+47423+Y8FIN.html
HILOS,Mara 120,mara-120,BOBINA HILO VERDE KAKI MARA 120 1000 MTS. C/ 0148,R-47423-XWWYJ,2.32,https://canodiy.es/mara-120/3161-R+47423+XWWYJ.html
HILOS,Mara 120,mara-120,BOBINA HILO VERDE KAKI MARA 120 1000 MTS. C/ 0258,R-47423-ZVMEX,2.32,https://canodiy.es/mara-120/6819-R+47423+ZVMEX.html
HILOS,Mara 120,mara-120,BOBINA HILO VERDE KAKI MARA 120 1000 MTS. C/ 0269,R-47423-CQ8KL,2.32,https://canodiy.es/mara-120/3520-R+47423+CQ8KL.html
HILOS,Mara 120,mara-120,BOBINA HILO VERDE KAKI MARA 120 1000 MTS. C/ 0432,R-47423-SF9RQ,2.32,https://canodiy.es/mara-120/2606-R+47423+SF9RQ.html
HILOS,Mara 120,mara-120,BOBINA HILO VERDE KAKI MARA 120 1000 MTS. C/ 0528,R-47423-5D3V3,2.32,https://canodiy.es/mara-120/9725-R+47423+5D3V3.html
HILOS,Mara 120,mara-120,BOBINA HILO VERDE KAKI MARA 120 1000 MTS. C/ 0676,R-47423-GP7AO,2.32,https://canodiy.es/mara-120/6339-R+47423+GP7AO.html
HILOS,Mara 120,mara-120,BOBINA HILO VERDE KAKI MARA 120 1000 MTS. C/ 0689,R-47423-QEEDG,2.32,https://canodiy.es/mara-120/3334-R+47423+QEEDG.html
HILOS,Mara 120,mara-120,BOBINA HILO VERDE KAKI MARA 120 1000 MTS. C/ 3725,R-47423-NQIEF,2.32,https://canodiy.es/mara-120/6853-R+47423+NQIEF.html
HILOS,Mara 120,mara-120,BOBINA HILO VERDE MARA 120 1000 MTS. C/ 0154,R-47423-HBSL1,2.32,https://canodiy.es/mara-120/6478-R+47423+HBSL1.html
HILOS,Mara 120,mara-120,BOBINA HILO VERDE MARA 120 1000 MTS. C/ 0224,R-47423-MUVNW,2.32,https://canodiy.es/mara-120/8161-R+47423+MUVNW.html
HILOS,Mara 120,mara-120,BOBINA HILO VERDE MARA 120 1000 MTS. C/ 0235,R-47423-64DSF-JLRWV,2.32,https://canodiy.es/mara-120/3279-R+47423+64DSF+JLRWV.html
HILOS,Mara 120,mara-120,BOBINA HILO VERDE MARA 120 1000 MTS. C/ 0237,R-47423-LE9DQ,2.32,https://canodiy.es/mara-120/3142-R+47423+LE9DQ.html
HILOS,Mara 120,mara-120,BOBINA HILO VERDE MARA 120 1000 MTS. C/ 0239,R-47423-JBXQD,2.32,https://canodiy.es/mara-120/5260-R+47423+JBXQD.html
HILOS,Mara 120,mara-120,BOBINA HILO VERDE MARA 120 1000 MTS. C/ 0274,R-47423-93FVQ,2.32,https://canodiy.es/mara-120/7398-R+47423+93FVQ.html
HILOS,Mara 120,mara-120,BOBINA HILO VERDE MARA 120 1000 MTS. C/ 0283,R-47423-30QXI,2.32,https://canodiy.es/mara-120/7126-R+47423+30QXI.html
HILOS,Mara 120,mara-120,BOBINA HILO VERDE MARA 120 1000 MTS. C/ 0302,R-47423-OLVWS,2.32,https://canodiy.es/mara-120/5297-R+47423+OLVWS.html
HILOS,Mara 120,mara-120,BOBINA HILO VERDE MARA 120 1000 MTS. C/ 0336,R-47423-KIPJO,2.32,https://canodiy.es/mara-120/4484-R+47423+KIPJO.html
HILOS,Mara 120,mara-120,BOBINA HILO VERDE MARA 120 1000 MTS. C/ 0340,R-47423-1DTGT,2.32,https://canodiy.es/mara-120/3140-R+47423+1DTGT.html
HILOS,Mara 120,mara-120,BOBINA HILO VERDE MARA 120 1000 MTS. C/ 0396,R-47423-D2JUF,2.32,https://canodiy.es/mara-120/4940-R+47423+D2JUF.html
HILOS,Mara 120,mara-120,BOBINA HILO VERDE MARA 120 1000 MTS. C/ 0401,R-47423-G3DBH,2.32,https://canodiy.es/mara-120/6708-R+47423+G3DBH.html
HILOS,Mara 120,mara-120,BOBINA HILO VERDE MARA 120 1000 MTS. C/ 0402,R-47423-64DSF-ICYXW,2.32,https://canodiy.es/mara-120/3287-R+47423+64DSF+ICYXW.html
HILOS,Mara 120,mara-120,BOBINA HILO VERDE MARA 120 1000 MTS. C/ 0555,R-47423-QZAFR,2.32,https://canodiy.es/mara-120/7869-R+47423+QZAFR.html
HILOS,Mara 120,mara-120,BOBINA HILO VERDE MARA 120 1000 MTS. C/ 0582,R-47423-64DSF-YQDD6,2.32,https://canodiy.es/mara-120/9613-R+47423+64DSF+YQDD6.html
HILOS,Mara 120,mara-120,BOBINA HILO VERDE MARA 120 1000 MTS. C/ 0597,R-47423-LQ9WH,2.32,https://canodiy.es/mara-120/9388-R+47423+LQ9WH.html
HILOS,Mara 120,mara-120,BOBINA HILO VERDE MARA 120 1000 MTS. C/ 0821,R-47423-YQGO8,2.32,https://canodiy.es/mara-120/4496-R+47423+YQGO8.html
HILOS,Mara 120,mara-120,BOBINA HILO VERDE MARA 120 1000 MTS. C/ 0824,R-47423-XOBB2,2.32,https://canodiy.es/mara-120/6828-R+47423+XOBB2-9999999023477.html
HILOS,Mara 120,mara-120,BOBINA HILO VERDE MARA 120 1000 MTS. C/ 0833,R-47423-ILNQK,2.32,https://canodiy.es/mara-120/4510-R+47423+ILNQK.html
HILOS,Mara 120,mara-120,BOBINA HILO VERDE MARA 120 1000 MTS. C/ 0919,R-47423-EEE35,2.32,https://canodiy.es/mara-120/4516-R+47423+EEE35.html
HILOS,Mara 120,mara-120,BOBINA HILO VERDE MARA 120 1000 MTS. C/ 0920,R-47423-NGAAB,2.32,https://canodiy.es/mara-120/5952-R+47423+NGAAB.html
HILOS,Mara 120,mara-120,BOBINA HILO VERDE MARA 120 1000 MTS. C/ 0931,R-47423-QSLN5,2.32,https://canodiy.es/mara-120/9737-R+47423+QSLN5.html
HILOS,Mara 120,mara-120,BOBINA HILO VERDE MARA 120 1000 MTS. C/ 3924,R-47423-BE5NX,2.32,https://canodiy.es/mara-120/8660-R+47423+BE5NX.html
HILOS,Mara 120,mara-120,BOBINA HILO VERDE MARA 120 1000 MTS. C/ 4298,R-47423-LAKRS,2.32,https://canodiy.es/mara-120/8159-R+47423+LAKRS.html
HILOS,Mara 120,mara-120,BOBINA HILO VERDE MARA 120 1000 MTS. C/ 5520,R-47423-3Z6KY,2.32,https://canodiy.es/mara-120/4872-R+47423+3Z6KY.html
HILOS,Mara 120,mara-120,BOBINA HILO VERDE MARA 120 1000 MTS. C/ 6482,R-47423-RKNAT,2.32,https://canodiy.es/mara-120/9399-R+47423+RKNAT.html
HILOS,Mara 120,mara-120,BOBINA HILO VERDE MENTA MARA 120 1000 MTS. C/ 0098,R-47423-64DSF-FRI51,2.32,https://canodiy.es/mara-120/9717-R+47423+64DSF+FRI51.html
HILOS,Mara 120,mara-120,BOBINA HILO VERDE OSCURO MARA 120 1000 MTS. C/ 0018,R-47423-VXARO,2.32,https://canodiy.es/mara-120/9376-R+47423+VXARO.html
HILOS,Mara 120,mara-120,BOBINA HILO VERDE OSCURO MARA 120 1000 MTS. C/ 0304,R-47423-QAWYP,2.32,https://canodiy.es/mara-120/6323-R+47423+QAWYP.html
HILOS,Mara 120,mara-120,BOBINA HILO VERDE OSCURO MARA 120 1000 MTS. C/ 0472,R-47423-LSINC,2.32,https://canodiy.es/mara-120/5797-R+47423+LSINC.html
HILOS,Mara 120,mara-120,BOBINA HILO VERDE OSCURO MARA 120 1000 MTS. C/ 0678,R-47423-Z2E5J,2.32,https://canodiy.es/mara-120/6325-R+47423+Z2E5J.html
HILOS,Mara 120,mara-120,BOBINA HILO VERDE OSCURO MARA 120 1000 MTS. C/ 0687,R-47423-HAOB0,2.32,https://canodiy.es/mara-120/4351-R+47423+HAOB0.html
HILOS,Mara 120,mara-120,BOBINA HILO VERDE OSCURO MARA 120 1000 MTS. C/ 0707,R-47423-0N4D5,2.32,https://canodiy.es/mara-120/7106-R+47423+0N4D5.html
HILOS,Mara 120,mara-120,BOBINA HILO VERDE OSCURO MARA 120 1000 MTS. C/ 0861,R-47423-64DSF-NLRP5,2.32,https://canodiy.es/mara-120/3311-R+47423+64DSF+NLRP5.html
HILOS,Mara 120,mara-120,BOBINA HILO VERDE PISTACHO MARA 120 1000 MTS. C/ 3945,R-47423-UTLHH,2.32,https://canodiy.es/mara-120/5998-R+47423+UTLHH.html
HILOS,Mara 120,mara-120,BOBINA HILO VERDE PÁLIDO MARA 120 1000 MTS. C/ 1036,R-47423-ZD22O,2.32,https://canodiy.es/mara-120/9739-R+47423+ZD22O.html
HILOS,Mara 120,mara-120,BOBINA HILO VERDE TURQUESA MARA 120 1000 MTS. C/ 0107,R-47498-7PYHQ,2.32,https://canodiy.es/mara-120/2287-R+47498+7PYHQ.html
HILOS,Mara 120,mara-120,BOBINA HILO VERDE TURQUESA MARA 120 1000 MTS. C/ 0192,R-47423-EMUHM,2.32,https://canodiy.es/mara-120/5712-R+47423+EMUHM.html
HILOS,Mara 120,mara-120,BOBINA HILO VERDE TURQUESA OSCURO MARA 120 1000 MTS. C/ 0870,R-47423-HZZJI,2.32,https://canodiy.es/mara-120/5793-R+47423+HZZJI.html
HILOS,Mara 120,mara-120,CONO HILO AMARILLO DORADO MARA 120/3 5000 MTS. C/ 0968,R-62202,10.7,https://canodiy.es/mara-120/7190-R+62202.html
HILOS,Mara 120,mara-120,CONO HILO AMARILLO FLÚOR MARA 120/3 5000 MTS. C/ 3835,R-62205,10.7,https://canodiy.es/mara-120/7192-R+62205.html
HILOS,Mara 120,mara-120,CONO HILO AMARILLO MARA 120/3 5000 MTS. C/ 0106,R-61382,10.7,https://canodiy.es/mara-120/7088-R+61382.html
HILOS,Mara 120,mara-120,CONO HILO AMARILLO MARA 120/3 5000 MTS. C/ 0417,R-62198,10.7,https://canodiy.es/mara-120/7202-R+62198.html
HILOS,Mara 120,mara-120,CONO HILO AZUL CELESTE MARA 120/3 5000 MTS. C/ 0075,R-62190,10.7,https://canodiy.es/mara-120/7846-R+62190.html
HILOS,Mara 120,mara-120,CONO HILO AZUL MARA 120/3 5000 MTS. C/ 0112,R-62192,10.7,https://canodiy.es/mara-120/7219-R+62192.html
HILOS,Mara 120,mara-120,CONO HILO AZUL MARA 120/3 5000 MTS. C/ 0197,R-61365,10.7,https://canodiy.es/mara-120/7083-R+61365.html
HILOS,Mara 120,mara-120,CONO HILO AZUL MARA 120/3 5000 MTS. C/ 0311,R-63197,10.7,https://canodiy.es/mara-120/7636-R+63197.html
HILOS,Mara 120,mara-120,CONO HILO AZUL MARA 120/3 5000 MTS. C/ 2246,R-63041,10.7,https://canodiy.es/mara-120/7637-R+63041.html
HILOS,Mara 120,mara-120,CONO HILO AZUL MARINO MARA 120/3 5000 MTS. C/ 0011,R-62189,10.7,https://canodiy.es/mara-120/7222-R+62189.html
HILOS,Mara 120,mara-120,CONO HILO AZUL MARINO MARA 120/3 5000 MTS. C/ 0065,R-61361,10.7,https://canodiy.es/mara-120/7079-R+61361.html
HILOS,Mara 120,mara-120,CONO HILO AZUL MARINO MARA 120/3 5000 MTS. C/ 0310,R-51242,10.7,https://canodiy.es/mara-120/7196-R+51242.html
HILOS,Mara 120,mara-120,CONO HILO AZUL TURQUESA MARA 120/3 5000 MTS. C/ 0331,R-61364,10.7,https://canodiy.es/mara-120/7082-R+61364.html
HILOS,Mara 120,mara-120,CONO HILO BEIG CLARO MARA 120/3 5000 MTS. C/ 0299,R-62196,10.7,https://canodiy.es/mara-120/7193-R+62196.html
HILOS,Mara 120,mara-120,CONO HILO BEIGE CLARO MARA 120/3 5000 MTS. C/ 0169,R-61515,10.7,https://canodiy.es/mara-120/7195-R+61515.html
HILOS,Mara 120,mara-120,CONO HILO BEIGE CRUDO MARA 120/3 5000 MTS. C/ 0802,R-62200,10.7,https://canodiy.es/mara-120/7217-R+62200.html
HILOS,Mara 120,mara-120,CONO HILO BEIGE MARA 120/3 5000 MTS. C/ 0186,R-61362,10.7,https://canodiy.es/mara-120/7080-R+61362.html
HILOS,Mara 120,mara-120,CONO HILO BEIGE MARA 120/3 5000 MTS. C/ 0722,R-52925,10.7,https://canodiy.es/mara-120/7194-R+52925.html
HILOS,Mara 120,mara-120,CONO HILO BEIGE MARA 120/3 5000 MTS. C/ 3913,R-60485,10.7,https://canodiy.es/mara-120/6912-R+60485.html
HILOS,Mara 120,mara-120,CONO HILO BEIGE MARA 120/3 5000 MTS. C/ 3964,R-61363,10.7,https://canodiy.es/mara-120/7081-R+61363.html
HILOS,Mara 120,mara-120,CONO HILO BLANCO CRUDO MARA 120/3 5000 MTS. C/ 0111,R-50629,9.04,https://canodiy.es/mara-120/6254-R+50629.html
HILOS,Mara 120,mara-120,CONO HILO BLANCO MARA 120/3 5000 MTS. C/ 0800,R-49904,9.04,https://canodiy.es/mara-120/4282-R+49904-9999999023491.html
HILOS,Mara 120,mara-120,CONO HILO GRIS CLARO MARA 120/3 5000 MTS. C/ 3969,R-61833,10.7,https://canodiy.es/mara-120/8166-R+61833.html
HILOS,Mara 120,mara-120,CONO HILO GRIS MARA 120/3 5000 MTS. C/ 0040,R-52603,10.7,https://canodiy.es/mara-120/7199-R+52603.html
HILOS,Mara 120,mara-120,CONO HILO GRIS MARA 120/3 5000 MTS. C/ 0493,R-61386,10.7,https://canodiy.es/mara-120/7090-R+61386.html
HILOS,Mara 120,mara-120,CONO HILO GRIS MARA 120/3 5000 MTS. C/ 0634,R-62199,10.7,https://canodiy.es/mara-120/7221-R+62199.html
HILOS,Mara 120,mara-120,CONO HILO GRIS MARA 120/3 5000 MTS. C/ 0701,R-61387,10.7,https://canodiy.es/mara-120/7095-R+61387.html
HILOS,Mara 120,mara-120,CONO HILO GRIS OSCURO MARA 120/ 5000 MTS. C/ 0036,R-67063,10.7,https://canodiy.es/mara-120/9471-R+67063.html
HILOS,Mara 120,mara-120,CONO HILO MARRÓN MARA 120 5000 MTS. C/0724,R-24373,10.7,https://canodiy.es/mara-120/5186-R+24373-4008015233204.html
HILOS,Mara 120,mara-120,CONO HILO MARRÓN MARA 120/3 5000 MTS. C/ 0023,R-61834,10.7,https://canodiy.es/mara-120/7225-R+61834.html
HILOS,Mara 120,mara-120,CONO HILO MARRÓN MARA 120/3 5000 MTS. C/ 0199,R-65074,10.7,https://canodiy.es/mara-120/8543-R+65074.html
HILOS,Mara 120,mara-120,CONO HILO MARRÓN MARA 120/3 5000 MTS. C/ 0222,R-63040,10.7,https://canodiy.es/mara-120/7635-R+63040.html
HILOS,Mara 120,mara-120,CONO HILO MARRÓN MARA 120/3 5000 MTS. C/ 0446,R-61384,10.7,https://canodiy.es/mara-120/7096-R+61384.html
HILOS,Mara 120,mara-120,CONO HILO MORADO MARA 120/3 5000 MTS. C/ 0324,R-61836,10.7,https://canodiy.es/mara-120/8167-R+61836.html
HILOS,Mara 120,mara-120,CONO HILO NARANJA FLÚOR MARA 120/3 5000 MTS. C/ 3871,R-62207,10.7,https://canodiy.es/mara-120/7201-R+62207.html
HILOS,Mara 120,mara-120,CONO HILO NEGRO MARA 120 5000 MTS. C/ 0000,R-17311,10.7,https://canodiy.es/mara-120/5185-R+17311-4008015230715.html
HILOS,Mara 120,mara-120,CONO HILO ROJO BURDEOS MARA 120/3 5000 MTS. C/ 0368,R-61516,10.7,https://canodiy.es/mara-120/7218-R+61516.html
HILOS,Mara 120,mara-120,CONO HILO ROJO BURDEOS MARA 120/3 5000 MTS. C/ 0375,R-63044,10.7,https://canodiy.es/mara-120/7639-R+63044.html
HILOS,Mara 120,mara-120,CONO HILO ROJO CARMÍN MARA 120/3 5000 MTS. C/ 0046,R-50641,10.7,https://canodiy.es/mara-120/7089-R+50641.html
HILOS,Mara 120,mara-120,CONO HILO ROJO FLÚOR MARA 120/3 5000 MTS. C/ 3722,R-62204,10.7,https://canodiy.es/mara-120/7203-R+62204.html
HILOS,Mara 120,mara-120,CONO HILO ROJO MARA 120/3 5000 MTS. C/ 0156,R-56271,10.7,https://canodiy.es/mara-120/5552-R+56271.html
HILOS,Mara 120,mara-120,CONO HILO ROSA CLARO MARA 120/3 5000 MTS. C/ 0096,R-63047,10.7,https://canodiy.es/mara-120/7638-R+63047.html
HILOS,Mara 120,mara-120,CONO HILO ROSA FUCSIA MARA 120/3 5000 MTS. C/ 0321,R-62197,10.7,https://canodiy.es/mara-120/7189-R+62197.html
HILOS,Mara 120,mara-120,CONO HILO ROSA FUCSIA MARA 120/3 5000 MTS. C/ 0382,R-60529,10.7,https://canodiy.es/mara-120/7223-R+60529.html
HILOS,Mara 120,mara-120,CONO HILO ROSA MARA 120/3 5000 MTS. C/ 0660,R-61366,10.7,https://canodiy.es/mara-120/7084-R+61366.html
HILOS,Mara 120,mara-120,CONO HILO ROSA MARA 120/3 5000 MTS. C/ 0890,R-61367,10.7,https://canodiy.es/mara-120/7085-R+61367.html
HILOS,Mara 120,mara-120,CONO HILO ROSA MARA 120/3 5000 MTS. C/ 2528,R-62203,10.7,https://canodiy.es/mara-120/7191-R+62203.html
HILOS,Mara 120,mara-120,CONO HILO ROSA OSCURO MARA 120/3 5000 MTS. C/ 0052,R-57106,10.7,https://canodiy.es/mara-120/7200-R+57106.html
HILOS,Mara 120,mara-120,CONO HILO VERDE FLÚOR MARA 120/3 5000 MTS. C/ 3836,R-62206,10.7,https://canodiy.es/mara-120/7213-R+62206.html
HILOS,Mara 120,mara-120,CONO HILO VERDE KAKI MARA 120/3 5000 MTS. C/ 0148,R-62193,10.7,https://canodiy.es/mara-120/7188-R+62193.html
HILOS,Mara 120,mara-120,CONO HILO VERDE MARA 120/3 5000 MTS. C/ 0237,R-62194,10.7,https://canodiy.es/mara-120/7198-R+62194.html
HILOS,Mara 120,mara-120,CONO HILO VERDE MARA 120/3 5000 MTS. C/ 0396,R-61385,10.7,https://canodiy.es/mara-120/7094-R+61385.html
HILOS,Mara 120,mara-120,CONO HILO VERDE MARA 120/3 5000 MTS. C/ 0920,R-62201,10.7,https://canodiy.es/mara-120/7197-R+62201.html
HILOS,Mara 120,mara-120,CONO HILO VERDE TURQUESA MARA 120/3 5000 MTS. C/ 0107,R-62191,10.7,https://canodiy.es/mara-120/7220-R+62191.html
HILOS,Mara 120,mara-120,PACK 10 BOBINAS HILO SET 1  MARA 120/3 1000 MTS,R-47499-LBVHG-ZH0L3,22.84,https://canodiy.es/mara-120/5965-R+47499+LBVHG+ZH0L3.html
HILOS,Mara 120,mara-120,PACK 10 BOBINAS HILO SET 2  MARA 120/3 1000 MTS,R-47499-LBVHG-ZH0L3-D0I56,22.84,https://canodiy.es/mara-120/5966-R+47499+LBVHG+ZH0L3+D0I56.html
HILOS,Mara 120,mara-120,PACK 10 BOBINAS HILO SET 3  MARA 120/3 1000 MTS,R-47499-LBVHG-ZH0L3-SAJ9S,23.19,https://canodiy.es/mara-120/5968-R+47499+LBVHG+ZH0L3+SAJ9S-9999999016028.html
HILOS,Mara 120,mara-120,PACK 10 BOBINAS HILO SET 4  MARA 120/3 1000 MTS,R-47499-LBVHG-ZH0L3-BYBBO,23.19,https://canodiy.es/mara-120/5969-R+47499+LBVHG+ZH0L3+BYBBO.html
HILOS,Mara 120,mara-120,PACK 10 BOBINAS HILO SET 5  MARA 120/3 1000 MTS,R-47499-LBVHG-ZH0L3-1II7I,23.19,https://canodiy.es/mara-120/5970-R+47499+LBVHG+ZH0L3+1II7I.html
HILOS,Mara 120,mara-120,PACK 100 BOBINAS MAS VENDIDAS DEL MARA 120,R-68638,230.0,https://canodiy.es/mara-120/9754-R+68638.html
HILOS,Mara 120,mara-120,PACK 11 BOBINAS HILO MULTICOLOR MARA 120/3 1000 MTS,R-47499-LBVHG,25.16,https://canodiy.es/mara-120/4846-R+47499+LBVHG.html
HILOS,Mara 120,mara-120,PACK 11 BOBINAS HILO MULTIPASTEL MARA 120/3 1000 MTS,R-55419,25.16,https://canodiy.es/mara-120/5288-R+55419.html
HILOS,Mara 120,mara-120,PACK 20 BOBINAS HILO MARA 120/3 1000 MTS,R-55419-XIIE9,46.03,https://canodiy.es/mara-120/5964-R+55419+XIIE9.html
HILOS,Mara 120,mara-120,PACK 25 BOBINAS MAS VENDIDAS DE MARA 120 EN TONOS AZULES-VERDES,R-68698,57.9,https://canodiy.es/mara-120/9761-R+68698.html
HILOS,Mara 120,mara-120,PACK 25 BOBINAS MAS VENDIDAS DE MARA 120 EN TONOS ROSAS-MORADOS-ROJOS,R-68707,57.9,https://canodiy.es/mara-120/9762-R+68707.html
HILOS,Mara 120,mara-120,PACK 30 BOBINAS HILO MARA 120/3 1000 MTS,R-47499-LBVHG-ZH0L3-TNAGQ,69.19,https://canodiy.es/mara-120/5973-R+47499+LBVHG+ZH0L3+TNAGQ.html
HILOS,Mara 120 Azules,mara-120-azules,CONO HILO AZUL CELESTE MARA 120/3 5000 MTS. C/ 0143,R-63048,10.7,https://canodiy.es/mara-120-azules/7633-R+63048.html
HILOS,Mara 120 Azules,mara-120-azules,CONO HILO AZUL CELESTE MARA 120/3 5000 MTS. C/ 0276,R-62195,10.7,https://canodiy.es/mara-120-azules/7204-R+62195.html
HILOS,Mara 120 Azules,mara-120-azules,CONO HILO AZUL MARA 120/3 5000 MTS. C/ 0214,R-63198,10.7,https://canodiy.es/mara-120-azules/7601-R+63198.html
HILOS,Mara 120 Azules,mara-120-azules,CONO HILO AZUL MARA 120/3 5000 MTS. C/ 0385,R-63199,10.7,https://canodiy.es/mara-120-azules/7600-R+63199.html
HILOS,Mara 120 Azules,mara-120-azules,CONO HILO AZUL MARA 120/3 5000 MTS. C/ 0483,R-63046,10.7,https://canodiy.es/mara-120-azules/7634-R+63046.html
HILOS,Mara 120 Azules,mara-120-azules,CONO HILO AZUL TURQUESA MARA 120/3 5000 MTS. C/ 0761,R-63043,10.7,https://canodiy.es/mara-120-azules/7597-R+63043.html
HILOS,Mara 120 Morados,mara-120-morados,CONO HILO MORADO OSCURO MARA 120/3 5000 MTS. C/ 0130,R-63049,10.7,https://canodiy.es/mara-120-morados/7640-R+63049.html
HILOS,Mara 30,mara-30,BOBINA HILO AMARILLO DORADO MARA 30 300 MTS. C/0488,R-43243-KLU6K,2.86,https://canodiy.es/mara-30/9176-R+43243+KLU6K.html
HILOS,Mara 30,mara-30,BOBINA HILO AMARILLO DORADO MARA 30 300 MTS. C/0893,R-43243-QBRWV,2.86,https://canodiy.es/mara-30/9757-R+43243+QBRWV.html
HILOS,Mara 30,mara-30,BOBINA HILO AMARILLO DORADO MARA 30 300 MTS. C/0968,R-43243-IHNHN,2.86,https://canodiy.es/mara-30/4598-R+43243+IHNHN.html
HILOS,Mara 30,mara-30,BOBINA HILO AMARILLO FLUOR MARA 30 300 MTS. C/ 3835,R-43629,2.86,https://canodiy.es/mara-30/665-R+43629.html
HILOS,Mara 30,mara-30,BOBINA HILO AMARILLO MARA 30 300 MTS. C/ 0106,R-43604,2.86,https://canodiy.es/mara-30/642-R+43604.html
HILOS,Mara 30,mara-30,BOBINA HILO AMARILLO MARA 30 300 MTS. C/0007,R-43243-EAXWV,2.86,https://canodiy.es/mara-30/4211-R+43243+EAXWV.html
HILOS,Mara 30,mara-30,BOBINA HILO AMARILLO MARA 30 300 MTS. C/0177,R-43243-RMRMV,2.86,https://canodiy.es/mara-30/4343-R+43243+RMRMV.html
HILOS,Mara 30,mara-30,BOBINA HILO AMARILLO MARA 30 300 MTS. C/0325,R-43243-BF5NY,2.86,https://canodiy.es/mara-30/4549-R+43243+BF5NY.html
HILOS,Mara 30,mara-30,BOBINA HILO AMARILLO MARA 30 300 MTS. C/0327,R-43243-KJRP0,2.86,https://canodiy.es/mara-30/4551-R+43243+KJRP0.html
HILOS,Mara 30,mara-30,BOBINA HILO AMARILLO MARA 30 300 MTS. C/0412,R-43243-AGGIB,2.86,https://canodiy.es/mara-30/7280-R+43243+AGGIB.html
HILOS,Mara 30,mara-30,BOBINA HILO AMARILLO MARA 30 300 MTS. C/0416,R-43243-1ZCRG,2.6,https://canodiy.es/mara-30/9057-R+43243+1ZCRG.html
HILOS,Mara 30,mara-30,BOBINA HILO AMARILLO MARA 30 300 MTS. C/0417,R-43601-FJQX8,2.86,https://canodiy.es/mara-30/7017-R+43601+FJQX8.html
HILOS,Mara 30,mara-30,BOBINA HILO AMARILLO MARA 30 300 MTS. C/1068,R-43243-RTNRJ,2.86,https://canodiy.es/mara-30/6429-R+43243+RTNRJ.html
HILOS,Mara 30,mara-30,BOBINA HILO AMARILLO MOSTAZA MARA 30 300 MTS. C/0580,R-43243-DO70K,2.86,https://canodiy.es/mara-30/4962-R+43243+DO70K.html
HILOS,Mara 30,mara-30,BOBINA HILO AZUL AQUA MARA 30 300 MTS. C/0053,R-43243-9UUJY,2.86,https://canodiy.es/mara-30/4251-R+43243+9UUJY.html
HILOS,Mara 30,mara-30,BOBINA HILO AZUL CELESTE MARA 30 300 MTS. C/ 0278,R-43611,2.86,https://canodiy.es/mara-30/649-R+43611.html
HILOS,Mara 30,mara-30,BOBINA HILO AZUL CELESTE MARA 30 300 MTS. C/0064,R-43243-A8QON,2.86,https://canodiy.es/mara-30/4253-R+43243+A8QON.html
HILOS,Mara 30,mara-30,BOBINA HILO AZUL CELESTE MARA 30 300 MTS. C/0071,R-43243-MSKTV,2.86,https://canodiy.es/mara-30/4259-R+43243+MSKTV.html
HILOS,Mara 30,mara-30,BOBINA HILO AZUL CELESTE MARA 30 300 MTS. C/0074,R-43243-CUT2K,2.86,https://canodiy.es/mara-30/4261-R+43243+CUT2K.html
HILOS,Mara 30,mara-30,BOBINA HILO AZUL CELESTE MARA 30 300 MTS. C/0075,R-43243-PQCYL,2.86,https://canodiy.es/mara-30/4263-R+43243+PQCYL.html
HILOS,Mara 30,mara-30,BOBINA HILO AZUL CELESTE MARA 30 300 MTS. C/0143,R-43243-Z8GJN,2.86,https://canodiy.es/mara-30/4313-R+43243+Z8GJN.html
HILOS,Mara 30,mara-30,BOBINA HILO AZUL CELESTE MARA 30 300 MTS. C/0196,R-43243-DVPTV,2.86,https://canodiy.es/mara-30/4371-R+43243+DVPTV.html
HILOS,Mara 30,mara-30,BOBINA HILO AZUL CELESTE MARA 30 300 MTS. C/0276,R-43243-UQIXZ,2.86,https://canodiy.es/mara-30/4454-R+43243+UQIXZ.html
HILOS,Mara 30,mara-30,BOBINA HILO AZUL CELESTE MARA 30 300 MTS. C/2878,R-43243-LHHU2,2.86,https://canodiy.es/mara-30/7040-R+43243+LHHU2.html
HILOS,Mara 30,mara-30,BOBINA HILO AZUL CELESTE MARA 30 300 MTS. C/3933,R-43243-HVVY5,2.86,https://canodiy.es/mara-30/5513-R+43243+HVVY5.html
HILOS,Mara 30,mara-30,BOBINA HILO AZUL CLARO MARA 30 300 MTS. C/0193,R-43243-TCV2Z,2.86,https://canodiy.es/mara-30/4363-R+43243+TCV2Z.html
HILOS,Mara 30,mara-30,BOBINA HILO AZUL CLARO MARA 30 300 MTS. C/0194,R-43243-JQING,2.86,https://canodiy.es/mara-30/4365-R+43243+JQING.html
HILOS,Mara 30,mara-30,BOBINA HILO AZUL CLARO MARA 30 300 MTS. C/0195,R-43243-FTGZQ,2.86,https://canodiy.es/mara-30/4367-R+43243+FTGZQ.html
HILOS,Mara 30,mara-30,BOBINA HILO AZUL ELÉCTRICO MARA 30 300 MTS. C/0218,R-43243-VY8V0,2.86,https://canodiy.es/mara-30/8542-R+43243+VY8V0.html
HILOS,Mara 30,mara-30,BOBINA HILO AZUL MARA 30 300 MTS. C/ 0762,R-43243-MFGQQ,2.86,https://canodiy.es/mara-30/6187-R+43243+MFGQQ.html
HILOS,Mara 30,mara-30,BOBINA HILO AZUL MARA 30 300 MTS. C/0025,R-43243-D1DIE,2.86,https://canodiy.es/mara-30/4233-R+43243+D1DIE.html
HILOS,Mara 30,mara-30,BOBINA HILO AZUL MARA 30 300 MTS. C/0037,R-43243-VX8OG,2.86,https://canodiy.es/mara-30/4241-R+43243+VX8OG.html
HILOS,Mara 30,mara-30,BOBINA HILO AZUL MARA 30 300 MTS. C/0068,R-43243-O112V,2.86,https://canodiy.es/mara-30/4257-R+43243+O112V.html
HILOS,Mara 30,mara-30,BOBINA HILO AZUL MARA 30 300 MTS. C/0076,R-43243-PM7I8,2.86,https://canodiy.es/mara-30/4265-R+43243+PM7I8.html
HILOS,Mara 30,mara-30,BOBINA HILO AZUL MARA 30 300 MTS. C/0112,R-43243-YLUAF,2.86,https://canodiy.es/mara-30/4293-R+43243+YLUAF.html
HILOS,Mara 30,mara-30,BOBINA HILO AZUL MARA 30 300 MTS. C/0197,R-43243-WIHD5,2.86,https://canodiy.es/mara-30/4954-R+43243+WIHD5.html
HILOS,Mara 30,mara-30,BOBINA HILO AZUL MARA 30 300 MTS. C/0213,R-43243-OAPUQ,2.86,https://canodiy.es/mara-30/4391-R+43243+OAPUQ.html
HILOS,Mara 30,mara-30,BOBINA HILO AZUL MARA 30 300 MTS. C/0214,R-43243-5HM4Z,2.86,https://canodiy.es/mara-30/4393-R+43243+5HM4Z.html
HILOS,Mara 30,mara-30,BOBINA HILO AZUL MARA 30 300 MTS. C/0232,R-43243-ZHNFW,2.86,https://canodiy.es/mara-30/4413-R+43243+ZHNFW.html
HILOS,Mara 30,mara-30,BOBINA HILO AZUL MARA 30 300 MTS. C/0311,R-43243-BE3LT,2.86,https://canodiy.es/mara-30/4537-R+43243+BE3LT.html
HILOS,Mara 30,mara-30,BOBINA HILO AZUL MARA 30 300 MTS. C/0315,R-43243-OMW3A,2.86,https://canodiy.es/mara-30/4539-R+43243+OMW3A.html
HILOS,Mara 30,mara-30,BOBINA HILO AZUL MARA 30 300 MTS. C/0322,R-43243-CR0LO,2.86,https://canodiy.es/mara-30/4545-R+43243+CR0LO.html
HILOS,Mara 30,mara-30,BOBINA HILO AZUL MARA 30 300 MTS. C/0385,R-43243-SED2P,2.86,https://canodiy.es/mara-30/4587-R+43243+SED2P.html
HILOS,Mara 30,mara-30,BOBINA HILO AZUL MARA 30 300 MTS. C/0386,R-43243-X11K2,2.86,https://canodiy.es/mara-30/4589-R+43243+X11K2.html
HILOS,Mara 30,mara-30,BOBINA HILO AZUL MARA 30 300 MTS. C/0483,R-43243-IASD4,2.86,https://canodiy.es/mara-30/7880-R+43243+IASD4.html
HILOS,Mara 30,mara-30,BOBINA HILO AZUL MARA 30 300 MTS. C/0827,R-43243-7USCE,2.86,https://canodiy.es/mara-30/4504-R+43243+7USCE.html
HILOS,Mara 30,mara-30,BOBINA HILO AZUL MARA 30 300 MTS. C/3981,R-43243-TASMN,2.86,https://canodiy.es/mara-30/7165-R+43243+TASMN.html
HILOS,Mara 30,mara-30,BOBINA HILO AZUL MARA 30 300 MTS. C/4615,R-43243-OOYBJ,2.86,https://canodiy.es/mara-30/6884-R+43243+OOYBJ.html
HILOS,Mara 30,mara-30,BOBINA HILO AZUL MARA 30 300 MTS. C/6415,R-43601-JFCJ5,2.86,https://canodiy.es/mara-30/7024-R+43601+JFCJ5.html
HILOS,Mara 30,mara-30,BOBINA HILO AZUL MARINO MARA 30 300 MTS. C/ 0066,R-43603,2.86,https://canodiy.es/mara-30/641-R+43603.html
HILOS,Mara 30,mara-30,BOBINA HILO AZUL MARINO MARA 30 300 MTS. C/ 0485,R-43243-B6HUD,2.86,https://canodiy.es/mara-30/6191-R+43243+B6HUD.html
HILOS,Mara 30,mara-30,BOBINA HILO AZUL MARINO MARA 30 300 MTS. C/0011,R-43243-KJH3P,2.86,https://canodiy.es/mara-30/4215-R+43243+KJH3P.html
HILOS,Mara 30,mara-30,BOBINA HILO AZUL MARINO MARA 30 300 MTS. C/0065,R-43243-1TLYR,2.86,https://canodiy.es/mara-30/4255-R+43243+1TLYR.html
HILOS,Mara 30,mara-30,BOBINA HILO AZUL MARINO MARA 30 300 MTS. C/0095,R-43243-GAYUM,2.86,https://canodiy.es/mara-30/4277-R+43243+GAYUM.html
HILOS,Mara 30,mara-30,BOBINA HILO AZUL MARINO MARA 30 300 MTS. C/0309,R-43243-UZA4R,2.86,https://canodiy.es/mara-30/4533-R+43243+UZA4R.html
HILOS,Mara 30,mara-30,BOBINA HILO AZUL MARINO MARA 30 300 MTS. C/0310,R-43243-FE3EY,2.86,https://canodiy.es/mara-30/4535-R+43243+FE3EY.html
HILOS,Mara 30,mara-30,BOBINA HILO AZUL MARINO MARA 30 300 MTS. C/0387,R-43243-S8IVU,2.86,https://canodiy.es/mara-30/4591-R+43243+S8IVU.html
HILOS,Mara 30,mara-30,BOBINA HILO AZUL MARINO MARA 30 300 MTS. C/0487,R-43243-RLQDW,2.86,https://canodiy.es/mara-30/7041-R+43243+RLQDW.html
HILOS,Mara 30,mara-30,BOBINA HILO AZUL MARINO MARA 30 300 MTS. C/0665,R-43243-ZYAMY,2.86,https://canodiy.es/mara-30/7174-R+43243+ZYAMY.html
HILOS,Mara 30,mara-30,BOBINA HILO AZUL MARINO MARA 30 300 MTS. C/9110,R-43243-KRISW,2.86,https://canodiy.es/mara-30/5507-R+43243+KRISW.html
HILOS,Mara 30,mara-30,BOBINA HILO AZUL OSCURO MARA 30 300 MTS. C/ 0312,R-43612,2.86,https://canodiy.es/mara-30/650-R+43612.html
HILOS,Mara 30,mara-30,BOBINA HILO AZUL OSCURO MARA 30 300 MTS. C/ 0339,R-43613,2.86,https://canodiy.es/mara-30/651-R+43613.html
HILOS,Mara 30,mara-30,BOBINA HILO AZUL OSCURO MARA 30 300 MTS. C/0013,R-43243-YY1IV,2.86,https://canodiy.es/mara-30/4219-R+43243+YY1IV.html
HILOS,Mara 30,mara-30,BOBINA HILO AZUL OSCURO MARA 30 300 MTS. C/0435,R-43243-TPAGM,2.86,https://canodiy.es/mara-30/4960-R+43243+TPAGM.html
HILOS,Mara 30,mara-30,BOBINA HILO AZUL OSCURO MARA 30 300 MTS. C/0904,R-43243-3HHTG,2.86,https://canodiy.es/mara-30/8898-R+43243+3HHTG.html
HILOS,Mara 30,mara-30,BOBINA HILO AZUL OSCURO MARA 30 300 MTS. C/1823,R-43243-TWXGW,2.86,https://canodiy.es/mara-30/6426-R+43243+TWXGW.html
HILOS,Mara 30,mara-30,BOBINA HILO AZUL TURQUESA MARA 30 300 MTS. C/0189,R-43243-URDST,2.86,https://canodiy.es/mara-30/4357-R+43243+URDST.html
HILOS,Mara 30,mara-30,BOBINA HILO AZUL TURQUESA MARA 30 300 MTS. C/0223,R-43243-GCZ9O,2.86,https://canodiy.es/mara-30/4403-R+43243+GCZ9O.html
HILOS,Mara 30,mara-30,BOBINA HILO AZUL TURQUESA MARA 30 300 MTS. C/0254,R-43243-UOXWI,2.86,https://canodiy.es/mara-30/4430-R+43243+UOXWI.html
HILOS,Mara 30,mara-30,BOBINA HILO AZUL TURQUESA MARA 30 300 MTS. C/0332,R-43243-XJJHI,2.86,https://canodiy.es/mara-30/4555-R+43243+XJJHI.html
HILOS,Mara 30,mara-30,BOBINA HILO AZUL TURQUESA OSCURO MARA 30 300 MTS. C/0764,R-43243-U8FPH,2.86,https://canodiy.es/mara-30/7045-R+43243+U8FPH.html
HILOS,Mara 30,mara-30,BOBINA HILO AZUL TURQUESA OSCURO MARA 30 300 MTS. C/0870,R-43243-YF8DA,2.86,https://canodiy.es/mara-30/5231-R+43243+YF8DA.html
HILOS,Mara 30,mara-30,BOBINA HILO BEIG ARENA MARA 30 300 MTS. C/0307,R-43243-UD3HY,2.86,https://canodiy.es/mara-30/4529-R+43243+UD3HY.html
HILOS,Mara 30,mara-30,BOBINA HILO BEIG CLARO MARA 30 300 MTS. C/0005,R-43243-I3LQP,2.86,https://canodiy.es/mara-30/4207-R+43243+I3LQP.html
HILOS,Mara 30,mara-30,BOBINA HILO BEIG CLARO MARA 30 300 MTS. C/0169,R-43243-VQISI,2.86,https://canodiy.es/mara-30/4333-R+43243+VQISI.html
HILOS,Mara 30,mara-30,BOBINA HILO BEIG CLARO MARA 30 300 MTS. C/0275,R-43243-1BP3W,2.86,https://canodiy.es/mara-30/4452-R+43243+1BP3W.html
HILOS,Mara 30,mara-30,BOBINA HILO BEIG CLARO MARA 30 300 MTS. C/0414,R-43243-IE350,2.86,https://canodiy.es/mara-30/6208-R+43243+IE350.html
HILOS,Mara 30,mara-30,BOBINA HILO BEIG CLARO MARA 30 300 MTS. C/3791,R-43243-KAXJJ,2.86,https://canodiy.es/mara-30/6886-R+43243+KAXJJ.html
HILOS,Mara 30,mara-30,BOBINA HILO BEIG CLARO MARA 30 300 MTS. C/9414,R-43243-U12RR,2.86,https://canodiy.es/mara-30/6219-R+43243+U12RR.html
HILOS,Mara 30,mara-30,BOBINA HILO BEIG MARA 30 300 MTS. C/0006,R-43243-JPGGR,2.86,https://canodiy.es/mara-30/4209-R+43243+JPGGR.html
HILOS,Mara 30,mara-30,BOBINA HILO BEIG MARA 30 300 MTS. C/0050,R-43243-F8GPV,2.86,https://canodiy.es/mara-30/4247-R+43243+F8GPV.html
HILOS,Mara 30,mara-30,BOBINA HILO BEIG MARA 30 300 MTS. C/0131,R-43243-GUMFK,2.86,https://canodiy.es/mara-30/4305-R+43243+GUMFK.html
HILOS,Mara 30,mara-30,BOBINA HILO BEIG MARA 30 300 MTS. C/0170,R-43243-BLSKY,2.86,https://canodiy.es/mara-30/4335-R+43243+BLSKY.html
HILOS,Mara 30,mara-30,BOBINA HILO BEIG MARA 30 300 MTS. C/0186,R-43243-8D7YA,2.86,https://canodiy.es/mara-30/4349-R+43243+8D7YA.html
HILOS,Mara 30,mara-30,BOBINA HILO BEIG MARA 30 300 MTS. C/0198,R-43243-1F9BX,2.86,https://canodiy.es/mara-30/4373-R+43243+1F9BX.html
HILOS,Mara 30,mara-30,BOBINA HILO BEIG MARA 30 300 MTS. C/0263,R-43243-VF9L6,2.86,https://canodiy.es/mara-30/4442-R+43243+VF9L6.html
HILOS,Mara 30,mara-30,BOBINA HILO BEIG MARA 30 300 MTS. C/0265,R-43243-W5HOA,2.86,https://canodiy.es/mara-30/4446-R+43243+W5HOA.html
HILOS,Mara 30,mara-30,BOBINA HILO BEIG MARA 30 300 MTS. C/0722,R-43243-BRKCK,2.86,https://canodiy.es/mara-30/7871-R+43243+BRKCK.html
HILOS,Mara 30,mara-30,BOBINA HILO BEIG MARA 30 300 MTS. C/0868,R-43243-SUNOZ,2.86,https://canodiy.es/mara-30/6305-R+43243+SUNOZ.html
HILOS,Mara 30,mara-30,BOBINA HILO BEIGE  MARA 30 300 MTS. C/9444,R-43601-B5GR3,2.86,https://canodiy.es/mara-30/6800-R+43601+B5GR3.html
HILOS,Mara 30,mara-30,BOBINA HILO BEIGE CLARO MARA 30 300 MTS. C/4567,R-43243-HZYF7,2.86,https://canodiy.es/mara-30/7891-R+43243+HZYF7.html
HILOS,Mara 30,mara-30,BOBINA HILO BEIGE MARA 30 300 MTS. C/0249,R-43243-JSK2Q,2.86,https://canodiy.es/mara-30/4424-R+43243+JSK2Q.html
HILOS,Mara 30,mara-30,BOBINA HILO BEIGE MARA 30 300 MTS. C/0464,R-43243-FIQW5,2.86,https://canodiy.es/mara-30/7230-R+43243+FIQW5.html
HILOS,Mara 30,mara-30,BOBINA HILO BEIGE MARA 30 300 MTS. C/0591,R-43243-LGFPK,2.6,https://canodiy.es/mara-30/9055-R+43243+LGFPK.html
HILOS,Mara 30,mara-30,BOBINA HILO BEIGE MARA 30 300 MTS. C/2827,R-43243-ITENK,2.86,https://canodiy.es/mara-30/7754-R+43243+ITENK.html
HILOS,Mara 30,mara-30,BOBINA HILO BEIGE MARA 30 300 MTS. C/3964,R-43243-ZZDVR,2.86,https://canodiy.es/mara-30/9059-R+43243+ZZDVR.html
HILOS,Mara 30,mara-30,BOBINA HILO BLANCO MARA 30 300 MTS. C/ 0800,R-43627,2.45,https://canodiy.es/mara-30/663-R+43627.html
HILOS,Mara 30,mara-30,BOBINA HILO BLANCO ROTO  MARA 30 300 MTS. C/0111,R-43243-LDTF9,2.45,https://canodiy.es/mara-30/4291-R+43243+LDTF9.html
HILOS,Mara 30,mara-30,BOBINA HILO BLANCO ROTO MARA 30 300 MTS. C/ 3796,R-43243-94LDS,2.86,https://canodiy.es/mara-30/4596-R+43243+94LDS.html
HILOS,Mara 30,mara-30,BOBINA HILO BLANCO ROTO MARA 30 300 MTS. C/0001,R-46601,2.86,https://canodiy.es/mara-30/639-R+46601.html
HILOS,Mara 30,mara-30,BOBINA HILO FUCSIA FLÚOR MARA 30 300 MTS. C/3837,R-43243-0AKJE,2.86,https://canodiy.es/mara-30/7100-R+43243+0AKJE.html
HILOS,Mara 30,mara-30,BOBINA HILO GRIS  MARA 30 300 MTS. C/0089,R-43243-YSJXX,2.86,https://canodiy.es/mara-30/4273-R+43243+YSJXX.html
HILOS,Mara 30,mara-30,BOBINA HILO GRIS CLARO MARA 30 300 MTS. C/ 9508,R-43243-QRHCA,2.86,https://canodiy.es/mara-30/6177-R+43243+QRHCA.html
HILOS,Mara 30,mara-30,BOBINA HILO GRIS CLARO MARA 30 300 MTS. C/0008,R-43243-AO9II,2.86,https://canodiy.es/mara-30/4213-R+43243+AO9II.html
HILOS,Mara 30,mara-30,BOBINA HILO GRIS CLARO MARA 30 300 MTS. C/0299,R-43243-JMVAQ,2.86,https://canodiy.es/mara-30/6288-R+43243+JMVAQ.html
HILOS,Mara 30,mara-30,BOBINA HILO GRIS CLARO MARA 30 300 MTS. C/0633,R-43243-S8IXZ,2.86,https://canodiy.es/mara-30/7882-R+43243+S8IXZ.html
HILOS,Mara 30,mara-30,BOBINA HILO GRIS CLARO MARA 30 300 MTS. C/1889,R-43243-NDZOS,2.86,https://canodiy.es/mara-30/6175-R+43243+NDZOS.html
HILOS,Mara 30,mara-30,BOBINA HILO GRIS MARA 30 300 MTS. C/ 0701,R-43624,2.86,https://canodiy.es/mara-30/660-R+43624.html
HILOS,Mara 30,mara-30,BOBINA HILO GRIS MARA 30 300 MTS. C/ 2613,R-43243-I6DCM,2.86,https://canodiy.es/mara-30/6181-R+43243+I6DCM.html
HILOS,Mara 30,mara-30,BOBINA HILO GRIS MARA 30 300 MTS. C/0035,R-43243-LWXWP,2.86,https://canodiy.es/mara-30/4239-R+43243+LWXWP.html
HILOS,Mara 30,mara-30,BOBINA HILO GRIS MARA 30 300 MTS. C/0040,R-43243-DMZVT,2.86,https://canodiy.es/mara-30/4243-R+43243+DMZVT.html
HILOS,Mara 30,mara-30,BOBINA HILO GRIS MARA 30 300 MTS. C/0118,R-43243-F9HS5,2.86,https://canodiy.es/mara-30/4297-R+43243+F9HS5.html
HILOS,Mara 30,mara-30,BOBINA HILO GRIS MARA 30 300 MTS. C/0122,R-43243-ZRKSC,2.86,https://canodiy.es/mara-30/4299-R+43243+ZRKSC.html
HILOS,Mara 30,mara-30,BOBINA HILO GRIS MARA 30 300 MTS. C/0132,R-43243-EDZBT,2.86,https://canodiy.es/mara-30/4307-R+43243+EDZBT.html
HILOS,Mara 30,mara-30,BOBINA HILO GRIS MARA 30 300 MTS. C/0164,R-43243-L1ZCO,2.86,https://canodiy.es/mara-30/4327-R+43243+L1ZCO.html
HILOS,Mara 30,mara-30,BOBINA HILO GRIS MARA 30 300 MTS. C/0497,R-43243-RBZCI,2.86,https://canodiy.es/mara-30/8759-R+43243+RBZCI.html
HILOS,Mara 30,mara-30,BOBINA HILO GRIS MARA 30 300 MTS. C/0634,R-43243-LIK1H,2.86,https://canodiy.es/mara-30/9599-R+43243+LIK1H.html
HILOS,Mara 30,mara-30,BOBINA HILO GRIS MARA 30 300 MTS. C/0702,R-43243-WVPNO,2.86,https://canodiy.es/mara-30/7164-R+43243+WVPNO.html
HILOS,Mara 30,mara-30,BOBINA HILO GRIS MARA 30 300 MTS. C/0854,R-43243-LWUTO,2.6,https://canodiy.es/mara-30/9047-R+43243+LWUTO.html
HILOS,Mara 30,mara-30,BOBINA HILO GRIS MARA 30 300 MTS. C/3454,R-43243-5KQLD,2.86,https://canodiy.es/mara-30/8763-R+43243+5KQLD.html
HILOS,Mara 30,mara-30,BOBINA HILO GRIS MARA 30 300 MTS. C/5618,R-43243-9PXDE,2.86,https://canodiy.es/mara-30/4958-R+43243+9PXDE.html
HILOS,Mara 30,mara-30,BOBINA HILO GRIS OSCURO MARA 30 300 MTS. C/0036,R-43243-14GBU,2.86,https://canodiy.es/mara-30/4902-R+43243+14GBU.html
HILOS,Mara 30,mara-30,BOBINA HILO GRIS OSCURO MARA 30 300 MTS. C/0093,R-43243-U9GSP,2.86,https://canodiy.es/mara-30/4275-R+43243+U9GSP.html
HILOS,Mara 30,mara-30,BOBINA HILO GRIS OSCURO MARA 30 300 MTS. C/0141,R-43243-JSENO,2.86,https://canodiy.es/mara-30/4311-R+43243+JSENO.html
HILOS,Mara 30,mara-30,BOBINA HILO GRIS OSCURO MARA 30 300 MTS. C/0190,R-43243-UASML,2.86,https://canodiy.es/mara-30/4359-R+43243+UASML.html
HILOS,Mara 30,mara-30,BOBINA HILO LILA CLARO MARA 30 300 MTS. C/2329,R-43243-R4DKW,2.86,https://canodiy.es/mara-30/7087-R+43243+R4DKW.html
HILOS,Mara 30,mara-30,BOBINA HILO LILA MARA 30 300 MTS. C/0631,R-43243-CFAUK,2.86,https://canodiy.es/mara-30/8204-R+43243+CFAUK.html
HILOS,Mara 30,mara-30,BOBINA HILO LILA MARA 30 300 MTS. C/1560,R-43243-ZLQS5,2.86,https://canodiy.es/mara-30/7278-R+43243+ZLQS5.html
HILOS,Mara 30,mara-30,BOBINA HILO LILA MARA 30 300 MTS. C/3889,R-43243-YPCBW,2.86,https://canodiy.es/mara-30/8765-R+43243+YPCBW.html
HILOS,Mara 30,mara-30,BOBINA HILO MARRÓN  MARA 30 300 MTS. C/0019,R-43243-L6NSR,2.86,https://canodiy.es/mara-30/4225-R+43243+L6NSR.html
HILOS,Mara 30,mara-30,BOBINA HILO MARRÓN CAOBA MARA 30 300 MTS. C/ 0650,R-43620,2.86,https://canodiy.es/mara-30/657-R+43620.html
HILOS,Mara 30,mara-30,BOBINA HILO MARRÓN CAOBA MARA 30 300 MTS. C/0227,R-43243-XFGZB,2.86,https://canodiy.es/mara-30/4409-R+43243+XFGZB.html
HILOS,Mara 30,mara-30,BOBINA HILO MARRÓN CAOBA MARA 30 300 MTS. C/0448,R-43243-AWXM5,2.86,https://canodiy.es/mara-30/9175-R+43243+AWXM5.html
HILOS,Mara 30,mara-30,BOBINA HILO MARRÓN CAOBA MARA 30 300 MTS. C/0448,R-43243-I7Q7R,2.86,https://canodiy.es/mara-30/7210-R+43243+I7Q7R.html
HILOS,Mara 30,mara-30,BOBINA HILO MARRÓN CAOBA MARA 30 300 MTS. C/0649,R-43243-JZAR4,2.86,https://canodiy.es/mara-30/7233-R+43243+JZAR4.html
HILOS,Mara 30,mara-30,BOBINA HILO MARRÓN CAOBA MARA 30 300 MTS. C/0934,R-43243-XUVYO,2.86,https://canodiy.es/mara-30/7422-R+43243+XUVYO.html
HILOS,Mara 30,mara-30,BOBINA HILO MARRÓN CLARO MARA 30 300 MTS. C/ 0439,R-43619,2.86,https://canodiy.es/mara-30/656-R+43619.html
HILOS,Mara 30,mara-30,BOBINA HILO MARRÓN CLARO MARA 30 300 MTS. C/ 0724,R-43626,2.86,https://canodiy.es/mara-30/662-R+43626.html
HILOS,Mara 30,mara-30,BOBINA HILO MARRÓN CLARO MARA 30 300 MTS. C/0215,R-43243-8YVND,2.86,https://canodiy.es/mara-30/4395-R+43243+8YVND.html
HILOS,Mara 30,mara-30,BOBINA HILO MARRÓN MARA 30 300 MTS. C/0021,R-43243-GD1BV,2.86,https://canodiy.es/mara-30/4227-R+43243+GD1BV.html
HILOS,Mara 30,mara-30,BOBINA HILO MARRÓN MARA 30 300 MTS. C/0023,R-43243-VAWQT,2.86,https://canodiy.es/mara-30/4231-R+43243+VAWQT.html
HILOS,Mara 30,mara-30,BOBINA HILO MARRÓN MARA 30 300 MTS. C/0124,R-43243-HAPEF,2.86,https://canodiy.es/mara-30/4301-R+43243+HAPEF.html
HILOS,Mara 30,mara-30,BOBINA HILO MARRÓN MARA 30 300 MTS. C/0139,R-43243-JIPMZ,2.86,https://canodiy.es/mara-30/4309-R+43243+JIPMZ.html
HILOS,Mara 30,mara-30,BOBINA HILO MARRÓN MARA 30 300 MTS. C/0172,R-43243-M8FAA,2.86,https://canodiy.es/mara-30/4337-R+43243+M8FAA.html
HILOS,Mara 30,mara-30,BOBINA HILO MARRÓN MARA 30 300 MTS. C/0179,R-43243-T8QKL,2.86,https://canodiy.es/mara-30/4345-R+43243+T8QKL.html
HILOS,Mara 30,mara-30,BOBINA HILO MARRÓN MARA 30 300 MTS. C/0180,R-43243-THHJS,2.86,https://canodiy.es/mara-30/4347-R+43243+THHJS.html
HILOS,Mara 30,mara-30,BOBINA HILO MARRÓN MARA 30 300 MTS. C/0199,R-43243-K11EV,2.86,https://canodiy.es/mara-30/4375-R+43243+K11EV.html
HILOS,Mara 30,mara-30,BOBINA HILO MARRÓN MARA 30 300 MTS. C/0208,R-43243-8WOBI,2.86,https://canodiy.es/mara-30/4381-R+43243+8WOBI.html
HILOS,Mara 30,mara-30,BOBINA HILO MARRÓN MARA 30 300 MTS. C/0209,R-43243-CVMT7,2.86,https://canodiy.es/mara-30/4385-R+43243+CVMT7.html
HILOS,Mara 30,mara-30,BOBINA HILO MARRÓN MARA 30 300 MTS. C/0216,R-43243-OBZI6,2.86,https://canodiy.es/mara-30/4397-R+43243+OBZI6.html
HILOS,Mara 30,mara-30,BOBINA HILO MARRÓN MARA 30 300 MTS. C/0222,R-43243-XVX71,2.86,https://canodiy.es/mara-30/4401-R+43243+XVX71.html
HILOS,Mara 30,mara-30,BOBINA HILO MARRÓN MARA 30 300 MTS. C/0230,R-43243-CNWQI,2.86,https://canodiy.es/mara-30/4411-R+43243+CNWQI.html
HILOS,Mara 30,mara-30,BOBINA HILO MARRÓN MARA 30 300 MTS. C/0241,R-43243-OMVVK,2.86,https://canodiy.es/mara-30/4418-R+43243+OMVVK.html
HILOS,Mara 30,mara-30,BOBINA HILO MARRÓN MARA 30 300 MTS. C/0245,R-43243-OAXDS,2.86,https://canodiy.es/mara-30/4422-R+43243+OAXDS.html
HILOS,Mara 30,mara-30,BOBINA HILO MARRÓN MARA 30 300 MTS. C/0252,R-43243-QKRHF,2.86,https://canodiy.es/mara-30/4428-R+43243+QKRHF.html
HILOS,Mara 30,mara-30,BOBINA HILO MARRÓN MARA 30 300 MTS. C/0264,R-43243-VF6IS,2.86,https://canodiy.es/mara-30/4444-R+43243+VF6IS.html
HILOS,Mara 30,mara-30,BOBINA HILO MARRÓN MARA 30 300 MTS. C/0280,R-43243-WVVZS,2.86,https://canodiy.es/mara-30/4456-R+43243+WVVZS.html
HILOS,Mara 30,mara-30,BOBINA HILO MARRÓN MARA 30 300 MTS. C/0288,R-43243-XCRGX,2.86,https://canodiy.es/mara-30/4464-R+43243+XCRGX.html
HILOS,Mara 30,mara-30,BOBINA HILO MARRÓN MARA 30 300 MTS. C/0289,R-43243-OQID9,2.86,https://canodiy.es/mara-30/4466-R+43243+OQID9.html
HILOS,Mara 30,mara-30,BOBINA HILO MARRÓN MARA 30 300 MTS. C/0308,R-43243-A49F7,2.86,https://canodiy.es/mara-30/4531-R+43243+A49F7.html
HILOS,Mara 30,mara-30,BOBINA HILO MARRÓN MARA 30 300 MTS. C/0446,R-43243-90JH0,2.86,https://canodiy.es/mara-30/7043-R+43243+90JH0.html
HILOS,Mara 30,mara-30,BOBINA HILO MARRÓN MARA 30 300 MTS. C/0450,R-43243-TUJGG,2.86,https://canodiy.es/mara-30/8366-R+43243+TUJGG.html
HILOS,Mara 30,mara-30,BOBINA HILO MARRÓN MARA 30 300 MTS. C/0454,R-43243-YZBW1,2.86,https://canodiy.es/mara-30/7212-R+43243+YZBW1.html
HILOS,Mara 30,mara-30,BOBINA HILO MARRÓN MARA 30 300 MTS. C/0673,R-43243-0BS2R,2.86,https://canodiy.es/mara-30/6193-R+43243+0BS2R.html
HILOS,Mara 30,mara-30,BOBINA HILO MARRÓN MARA 30 300 MTS. C/0682,R-43243-MZ4FY,2.86,https://canodiy.es/mara-30/7750-R+43243+MZ4FY.html
HILOS,Mara 30,mara-30,BOBINA HILO MARRÓN MARA 30 300 MTS. C/0694,R-43243-AAQUA,2.86,https://canodiy.es/mara-30/7249-R+43243+AAQUA.html
HILOS,Mara 30,mara-30,BOBINA HILO MARRÓN MARA 30 300 MTS. C/0815,R-43243-9PHAH,2.86,https://canodiy.es/mara-30/6987-R+43243+9PHAH.html
HILOS,Mara 30,mara-30,BOBINA HILO MARRÓN MARA 30 300 MTS. C/0817,R-43243-ZANZW,2.86,https://canodiy.es/mara-30/8540-R+43243+ZANZW.html
HILOS,Mara 30,mara-30,BOBINA HILO MARRÓN MARA 30 300 MTS. C/0842,R-43243-9ZZ4O,2.86,https://canodiy.es/mara-30/6183-R+43243+9ZZ4O.html
HILOS,Mara 30,mara-30,BOBINA HILO MARRÓN MARA 30 300 MTS. C/0850,R-43243-FSI2R,2.86,https://canodiy.es/mara-30/6985-R+43243+FSI2R.html
HILOS,Mara 30,mara-30,BOBINA HILO MARRÓN MARA 30 300 MTS. C/0887,R-43243-3APZT,2.86,https://canodiy.es/mara-30/5535-R+43243+3APZT.html
HILOS,Mara 30,mara-30,BOBINA HILO MARRÓN MARA 30 300 MTS. C/0937,R-43243-OE8ZS,2.6,https://canodiy.es/mara-30/9049-R+43243+OE8ZS.html
HILOS,Mara 30,mara-30,BOBINA HILO MARRÓN MARA 30 300 MTS. C/1512,R-43243-KJSSJ,2.86,https://canodiy.es/mara-30/9181-R+43243+KJSSJ.html
HILOS,Mara 30,mara-30,BOBINA HILO MARRÓN OSCURO MARA 30 300 MTS. C/ 0696,R-43623,2.86,https://canodiy.es/mara-30/659-R+43623.html
HILOS,Mara 30,mara-30,BOBINA HILO MARRÓN OSCURO MARA 30 300 MTS. C/0175,R-43243-4HIWM,2.86,https://canodiy.es/mara-30/4341-R+43243+4HIWM.html
HILOS,Mara 30,mara-30,BOBINA HILO MORADO MALVA MARA 30 300 MTS. C/0202,R-43243-RPGWZ,2.86,https://canodiy.es/mara-30/4377-R+43243+RPGWZ.html
HILOS,Mara 30,mara-30,BOBINA HILO MORADO MARA 30 300 MTS. C/ 0716,R-43625,2.86,https://canodiy.es/mara-30/661-R+43625.html
HILOS,Mara 30,mara-30,BOBINA HILO MORADO MARA 30 300 MTS. C/0086,R-43243-HDCPX,2.86,https://canodiy.es/mara-30/4271-R+43243+HDCPX.html
HILOS,Mara 30,mara-30,BOBINA HILO MORADO MARA 30 300 MTS. C/0108,R-43243-S1DK4,2.86,https://canodiy.es/mara-30/4289-R+43243+S1DK4.html
HILOS,Mara 30,mara-30,BOBINA HILO MORADO MARA 30 300 MTS. C/0158,R-43243-03KBM,2.86,https://canodiy.es/mara-30/4323-R+43243+03KBM.html
HILOS,Mara 30,mara-30,BOBINA HILO MORADO MARA 30 300 MTS. C/0203,R-43243-NAV9G,2.86,https://canodiy.es/mara-30/4379-R+43243+NAV9G.html
HILOS,Mara 30,mara-30,BOBINA HILO MORADO MARA 30 300 MTS. C/0257,R-43243-RMWUI,2.86,https://canodiy.es/mara-30/4432-R+43243+RMWUI.html
HILOS,Mara 30,mara-30,BOBINA HILO MORADO MARA 30 300 MTS. C/0259,R-43243-GMTBW,2.86,https://canodiy.es/mara-30/4436-R+43243+GMTBW.html
HILOS,Mara 30,mara-30,BOBINA HILO MORADO MARA 30 300 MTS. C/0291,R-43243-7BXJX,2.86,https://canodiy.es/mara-30/4468-R+43243+7BXJX.html
HILOS,Mara 30,mara-30,BOBINA HILO MORADO MARA 30 300 MTS. C/0373,R-43243-74DRA,2.86,https://canodiy.es/mara-30/4579-R+43243+74DRA.html
HILOS,Mara 30,mara-30,BOBINA HILO MORADO MARA 30 300 MTS. C/0391,R-43243-XF2DI,2.86,https://canodiy.es/mara-30/5227-R+43243+XF2DI.html
HILOS,Mara 30,mara-30,BOBINA HILO MORADO MARA 30 300 MTS. C/0392,R-43243-BOVXB,2.86,https://canodiy.es/mara-30/4593-R+43243+BOVXB.html
HILOS,Mara 30,mara-30,BOBINA HILO MORADO MARA 30 300 MTS. C/0575,R-43243-4ZY4N,2.86,https://canodiy.es/mara-30/8206-R+43243+4ZY4N.html
HILOS,Mara 30,mara-30,BOBINA HILO MORADO MARA 30 300 MTS. C/0718,R-43243-ZAWJZ,2.86,https://canodiy.es/mara-30/5509-R+43243+ZAWJZ.html
HILOS,Mara 30,mara-30,BOBINA HILO MORADO MARA 30 300 MTS. C/0810,R-43243-EJKS2,2.86,https://canodiy.es/mara-30/8761-R+43243+EJKS2.html
HILOS,Mara 30,mara-30,BOBINA HILO MORADO MARA 30 300 MTS. C/2549,R-43243-A22ZB,2.86,https://canodiy.es/mara-30/9485-R+43243+A22ZB.html
HILOS,Mara 30,mara-30,BOBINA HILO MORADO OSCURO MARA 30 300 MTS. C/0032,R-43243-JMWE9,2.86,https://canodiy.es/mara-30/4237-R+43243+JMWE9.html
HILOS,Mara 30,mara-30,BOBINA HILO MORADO OSCURO MARA 30 300 MTS. C/0130,R-43243-DSDUF,2.86,https://canodiy.es/mara-30/4303-R+43243+DSDUF.html
HILOS,Mara 30,mara-30,BOBINA HILO MORADO OSCURO MARA 30 300 MTS. C/0324,R-43243-ARBUK,2.86,https://canodiy.es/mara-30/4547-R+43243+ARBUK.html
HILOS,Mara 30,mara-30,BOBINA HILO MORADO OSCURO MARA 30 300 MTS. C/0517,R-43243-ZKRVH,2.86,https://canodiy.es/mara-30/4900-R+43243+ZKRVH.html
HILOS,Mara 30,mara-30,BOBINA HILO MORADO VIOLETA MARA 30 300 MTS. C/0912,R-43243-2GGP5,2.86,https://canodiy.es/mara-30/4898-R+43243+2GGP5.html
HILOS,Mara 30,mara-30,BOBINA HILO NARANJA FLUOR MARA 30 300 MTS. C/ 3871,R-43636,2.86,https://canodiy.es/mara-30/667-R+43636.html
HILOS,Mara 30,mara-30,BOBINA HILO NARANJA MARA 30 300 MTS. C/ 0188,R-43608,2.86,https://canodiy.es/mara-30/646-R+43608.html
HILOS,Mara 30,mara-30,BOBINA HILO NARANJA MARA 30 300 MTS. C/ 0351,R-43615,2.86,https://canodiy.es/mara-30/652-R+43615.html
HILOS,Mara 30,mara-30,BOBINA HILO NARANJA MARA 30 300 MTS. C/0114,R-43243-HVUUQ,2.86,https://canodiy.es/mara-30/4295-R+43243+HVUUQ.html
HILOS,Mara 30,mara-30,BOBINA HILO NARANJA MARA 30 300 MTS. C/0155,R-43243-MSC94,2.86,https://canodiy.es/mara-30/4321-R+43243+MSC94.html
HILOS,Mara 30,mara-30,BOBINA HILO NARANJA MARA 30 300 MTS. C/0251,R-43243-WNXK8,2.86,https://canodiy.es/mara-30/4426-R+43243+WNXK8.html
HILOS,Mara 30,mara-30,BOBINA HILO NARANJA MARA 30 300 MTS. C/0285,R-43243-61CRI,2.86,https://canodiy.es/mara-30/4460-R+43243+61CRI.html
HILOS,Mara 30,mara-30,BOBINA HILO NARANJA MARA 30 300 MTS. C/0300,R-43243-QLNBT,2.86,https://canodiy.es/mara-30/4523-R+43243+QLNBT.html
HILOS,Mara 30,mara-30,BOBINA HILO NARANJA MARA 30 300 MTS. C/0350,R-43243-TXXLK,2.86,https://canodiy.es/mara-30/4563-R+43243+TXXLK.html
HILOS,Mara 30,mara-30,BOBINA HILO NARANJA MARA 30 300 MTS. C/0362,R-43243-JIQN4,2.86,https://canodiy.es/mara-30/4565-R+43243+JIQN4.html
HILOS,Mara 30,mara-30,BOBINA HILO NARANJA MARA 30 300 MTS. C/0896,R-43243-UQIUO,2.86,https://canodiy.es/mara-30/5564-R+43243+UQIUO.html
HILOS,Mara 30,mara-30,BOBINA HILO NARANJA MARA 30 300 MTS. C/0982,R-43243-FVNPN,2.61,https://canodiy.es/mara-30/6173-R+43243+FVNPN.html
HILOS,Mara 30,mara-30,BOBINA HILO NARANJA PÁLIDO MARA 30 300 MTS. C/0612,R-43243-DZZRE,2.86,https://canodiy.es/mara-30/8233-R+43243+DZZRE.html
HILOS,Mara 30,mara-30,BOBINA HILO NEGRO MARA 30 300 MTS. C/ 0799,R-43243-9JSJW,2.86,https://canodiy.es/mara-30/7752-R+43243+9JSJW.html
HILOS,Mara 30,mara-30,BOBINA HILO NEGRO MARA 30 300 MTS. C/0000,R-43243,2.86,https://canodiy.es/mara-30/638-R+43243.html
HILOS,Mara 30,mara-30,BOBINA HILO NEGRO MARA 30 300 MTS. C/0163,R-43243-DC5F8,2.86,https://canodiy.es/mara-30/4325-R+43243+DC5F8.html
HILOS,Mara 30,mara-30,BOBINA HILO NEGRO MARA 30 300 MTS. C/2111,R-43243-ETEUD,2.86,https://canodiy.es/mara-30/4964-R+43243+ETEUD.html
HILOS,Mara 30,mara-30,BOBINA HILO ROJO BURDEOS MARA 30 300 MTS. C/0022,R-43243-SCRRA,2.86,https://canodiy.es/mara-30/4229-R+43243+SCRRA.html
HILOS,Mara 30,mara-30,BOBINA HILO ROJO BURDEOS MARA 30 300 MTS. C/0174,R-43243-HHBWO,2.86,https://canodiy.es/mara-30/4339-R+43243+HHBWO.html
HILOS,Mara 30,mara-30,BOBINA HILO ROJO BURDEOS MARA 30 300 MTS. C/0221,R-43243-HAQFK,2.86,https://canodiy.es/mara-30/4399-R+43243+HAQFK.html
HILOS,Mara 30,mara-30,BOBINA HILO ROJO BURDEOS MARA 30 300 MTS. C/0226,R-43243-EY020,2.86,https://canodiy.es/mara-30/4407-R+43243+EY020.html
HILOS,Mara 30,mara-30,BOBINA HILO ROJO BURDEOS MARA 30 300 MTS. C/0368,R-43243-6CZQM,2.86,https://canodiy.es/mara-30/4573-R+43243+6CZQM.html
HILOS,Mara 30,mara-30,BOBINA HILO ROJO BURDEOS MARA 30 300 MTS. C/0369,R-43243-YQGN1,2.86,https://canodiy.es/mara-30/4575-R+43243+YQGN1.html
HILOS,Mara 30,mara-30,BOBINA HILO ROJO BURDEOS MARA 30 300 MTS. C/0375,R-43243-F7FPX,2.86,https://canodiy.es/mara-30/4581-R+43243+F7FPX.html
HILOS,Mara 30,mara-30,BOBINA HILO ROJO CAOBA MARA 30 300 MTS. C/0837,R-43243-QOESS,2.86,https://canodiy.es/mara-30/7179-R+43243+QOESS.html
HILOS,Mara 30,mara-30,BOBINA HILO ROJO CARMIN MARA 30 300 MTS. C/0384,R-43243-6DZNA,2.86,https://canodiy.es/mara-30/4585-R+43243+6DZNA.html
HILOS,Mara 30,mara-30,BOBINA HILO ROJO CORAL MARA 30 300 MTS. C/0016,R-43243-0P7PD,2.86,https://canodiy.es/mara-30/4221-R+43243+0P7PD.html
HILOS,Mara 30,mara-30,BOBINA HILO ROJO CORAL MARA 30 300 MTS. C/0519,R-43243-FTKBB,2.86,https://canodiy.es/mara-30/9756-R+43243+FTKBB.html
HILOS,Mara 30,mara-30,BOBINA HILO ROJO CORAL MARA 30 300 MTS. C/0984,R-43243-M0QVR,2.86,https://canodiy.es/mara-30/7208-R+43243+M0QVR.html
HILOS,Mara 30,mara-30,BOBINA HILO ROJO FLUOR MARA 30 300 MTS. C/ 3722,R-43628,2.86,https://canodiy.es/mara-30/664-R+43628.html
HILOS,Mara 30,mara-30,BOBINA HILO ROJO MARA 30 300 MTS. C/ 0156,R-43607,2.86,https://canodiy.es/mara-30/645-R+43607.html
HILOS,Mara 30,mara-30,BOBINA HILO ROJO MARA 30 300 MTS. C/0012,R-43243-VMRDV,2.86,https://canodiy.es/mara-30/4217-R+43243+VMRDV.html
HILOS,Mara 30,mara-30,BOBINA HILO ROJO MARA 30 300 MTS. C/0026,R-43243-YSIUL,2.86,https://canodiy.es/mara-30/4235-R+43243+YSIUL.html
HILOS,Mara 30,mara-30,BOBINA HILO ROJO MARA 30 300 MTS. C/0046,R-43243-NSHHP,2.86,https://canodiy.es/mara-30/4245-R+43243+NSHHP.html
HILOS,Mara 30,mara-30,BOBINA HILO ROJO MARA 30 300 MTS. C/0082,R-43243-3GGQ9,2.86,https://canodiy.es/mara-30/4269-R+43243+3GGQ9.html
HILOS,Mara 30,mara-30,BOBINA HILO ROJO MARA 30 300 MTS. C/0364,R-43243-UG7SW,2.86,https://canodiy.es/mara-30/4567-R+43243+UG7SW.html
HILOS,Mara 30,mara-30,BOBINA HILO ROJO MARA 30 300 MTS. C/0365,R-43243-VG6NH,2.86,https://canodiy.es/mara-30/4569-R+43243+VG6NH.html
HILOS,Mara 30,mara-30,BOBINA HILO ROJO MARA 30 300 MTS. C/0367,R-43243-T4LZC,2.86,https://canodiy.es/mara-30/4571-R+43243+T4LZC.html
HILOS,Mara 30,mara-30,BOBINA HILO ROJO MARA 30 300 MTS. C/0383,R-43243-QWOZB,2.86,https://canodiy.es/mara-30/4583-R+43243+QWOZB.html
HILOS,Mara 30,mara-30,BOBINA HILO ROJO MARA 30 300 MTS. C/3894,R-43243-J2E80,2.86,https://canodiy.es/mara-30/7112-R+43243+J2E80.html
HILOS,Mara 30,mara-30,BOBINA HILO ROJO VINO MARA 30 300 MTS. C/0262,R-43243-SDBV9,2.86,https://canodiy.es/mara-30/4440-R+43243+SDBV9.html
HILOS,Mara 30,mara-30,BOBINA HILO ROSA CLARO MARA 30 300 MTS. C/0096,R-43243-BF6QA,2.86,https://canodiy.es/mara-30/4279-R+43243+BF6QA.html
HILOS,Mara 30,mara-30,BOBINA HILO ROSA CLARO MARA 30 300 MTS. C/0165,R-43243-GFFZT,2.86,https://canodiy.es/mara-30/4329-R+43243+GFFZT.html
HILOS,Mara 30,mara-30,BOBINA HILO ROSA CLARO MARA 30 300 MTS. C/0210,R-43243-GRKXE,2.86,https://canodiy.es/mara-30/4387-R+43243+GRKXE.html
HILOS,Mara 30,mara-30,BOBINA HILO ROSA CLARO MARA 30 300 MTS. C/2017,R-43243-LE8AK,2.86,https://canodiy.es/mara-30/6244-R+43243+LE8AK.html
HILOS,Mara 30,mara-30,BOBINA HILO ROSA CLARO MARA 30 300 MTS. C/2037,R-43243-FJS1G,2.86,https://canodiy.es/mara-30/6179-R+43243+FJS1G.html
HILOS,Mara 30,mara-30,BOBINA HILO ROSA FUCSIA MARA 30 300 MTS. C/ 0382,R-43616,2.86,https://canodiy.es/mara-30/653-R+43616.html
HILOS,Mara 30,mara-30,BOBINA HILO ROSA FUXIA MARA 30 300 MTS. C/0321,R-43243-EVV8O,2.86,https://canodiy.es/mara-30/4543-R+43243+EVV8O.html
HILOS,Mara 30,mara-30,BOBINA HILO ROSA MARA 30 300 MTS. C/ 0372,R-43243-07MEP,2.86,https://canodiy.es/mara-30/4577-R+43243+07MEP.html
HILOS,Mara 30,mara-30,BOBINA HILO ROSA MARA 30 300 MTS. C/0080,R-43243-RYBA4,2.86,https://canodiy.es/mara-30/4267-R+43243+RYBA4.html
HILOS,Mara 30,mara-30,BOBINA HILO ROSA MARA 30 300 MTS. C/0211,R-43243-GQITY,2.86,https://canodiy.es/mara-30/4389-R+43243+GQITY.html
HILOS,Mara 30,mara-30,BOBINA HILO ROSA MARA 30 300 MTS. C/0320,R-43243-RLRG8,2.86,https://canodiy.es/mara-30/4541-R+43243+RLRG8.html
HILOS,Mara 30,mara-30,BOBINA HILO ROSA MARA 30 300 MTS. C/0473,R-43243-OBZJB,2.86,https://canodiy.es/mara-30/4602-R+43243+OBZJB.html
HILOS,Mara 30,mara-30,BOBINA HILO ROSA MARA 30 300 MTS. C/0474,R-43243-WYBUU,2.86,https://canodiy.es/mara-30/4500-R+43243+WYBUU.html
HILOS,Mara 30,mara-30,BOBINA HILO ROSA MARA 30 300 MTS. C/0659,R-43243-A5CQD,2.86,https://canodiy.es/mara-30/6286-R+43243+A5CQD.html
HILOS,Mara 30,mara-30,BOBINA HILO ROSA MARA 30 300 MTS. C/0660,R-43243-JC22A,2.86,https://canodiy.es/mara-30/5225-R+43243+JC22A.html
HILOS,Mara 30,mara-30,BOBINA HILO ROSA MARA 30 300 MTS. C/0663,R-43243-PO9J1,2.86,https://canodiy.es/mara-30/5223-R+43243+PO9J1.html
HILOS,Mara 30,mara-30,BOBINA HILO ROSA MARA 30 300 MTS. C/0890,R-43243-MOC2V,2.86,https://canodiy.es/mara-30/4506-R+43243+MOC2V.html
HILOS,Mara 30,mara-30,BOBINA HILO ROSA MARA 30 300 MTS. C/0991,R-43243-PWWJE,2.86,https://canodiy.es/mara-30/6723-R+43243+PWWJE.html
HILOS,Mara 30,mara-30,BOBINA HILO ROSA MARA 30 300 MTS. C/2528,R-43243-SVQWN,2.86,https://canodiy.es/mara-30/6791-R+43243+SVQWN.html
HILOS,Mara 30,mara-30,BOBINA HILO ROSA OSCURO MARA 30 300 MTS. C/0052,R-43243-MZBPS,2.86,https://canodiy.es/mara-30/4249-R+43243+MZBPS.html
HILOS,Mara 30,mara-30,BOBINA HILO ROSA VIOLETA MARA 30 300 MTS. C/ 0247,R-43610,2.86,https://canodiy.es/mara-30/648-R+43610.html
HILOS,Mara 30,mara-30,BOBINA HILO VERDE CLARO MARA 30 300 MTS. C/ 5024,R-43243-BIP4Q,2.86,https://canodiy.es/mara-30/6185-R+43243+BIP4Q.html
HILOS,Mara 30,mara-30,BOBINA HILO VERDE CLARO MARA 30 300 MTS. C/0152,R-43243-FMTEA,2.86,https://canodiy.es/mara-30/4317-R+43243+FMTEA.html
HILOS,Mara 30,mara-30,BOBINA HILO VERDE CLARO MARA 30 300 MTS. C/0261,R-43243-8ALMO,2.86,https://canodiy.es/mara-30/4438-R+43243+8ALMO.html
HILOS,Mara 30,mara-30,BOBINA HILO VERDE CLARO MARA 30 300 MTS. C/0292,R-43243-6YCLR,2.86,https://canodiy.es/mara-30/4519-R+43243+6YCLR.html
HILOS,Mara 30,mara-30,BOBINA HILO VERDE CLARO MARA 30 300 MTS. C/0297,R-43243-DDAQA,2.86,https://canodiy.es/mara-30/4521-R+43243+DDAQA.html
HILOS,Mara 30,mara-30,BOBINA HILO VERDE CLARO MARA 30 300 MTS. C/0503,R-43243-HIJHX,2.86,https://canodiy.es/mara-30/6189-R+43243+HIJHX.html
HILOS,Mara 30,mara-30,BOBINA HILO VERDE CLARO MARA 30 300 MTS. C/4057,R-43243-YX0LY,2.86,https://canodiy.es/mara-30/5229-R+43243+YX0LY.html
HILOS,Mara 30,mara-30,BOBINA HILO VERDE FLUOR MARA 30 300 MTS. C/ 3836,R-43630,2.86,https://canodiy.es/mara-30/666-R+43630.html
HILOS,Mara 30,mara-30,BOBINA HILO VERDE KAKI MARA 30 300 MTS. C/ 0432,R-43618,2.86,https://canodiy.es/mara-30/655-R+43618.html
HILOS,Mara 30,mara-30,BOBINA HILO VERDE KAKI MARA 30 300 MTS. C/ 0676,R-43243-XSFRK,2.86,https://canodiy.es/mara-30/6221-R+43243+XSFRK.html
HILOS,Mara 30,mara-30,BOBINA HILO VERDE KAKI MARA 30 300 MTS. C/0148,R-43243-8OWBB,2.86,https://canodiy.es/mara-30/4315-R+43243+8OWBB.html
HILOS,Mara 30,mara-30,BOBINA HILO VERDE KAKI MARA 30 300 MTS. C/0258,R-43243-HLNQM,2.86,https://canodiy.es/mara-30/4434-R+43243+HLNQM.html
HILOS,Mara 30,mara-30,BOBINA HILO VERDE KAKI MARA 30 300 MTS. C/0269,R-43243-PSD2N,2.86,https://canodiy.es/mara-30/4448-R+43243+PSD2N.html
HILOS,Mara 30,mara-30,BOBINA HILO VERDE KAKI MARA 30 300 MTS. C/0283,R-43243-N2I8W,2.86,https://canodiy.es/mara-30/4458-R+43243+N2I8W.html
HILOS,Mara 30,mara-30,BOBINA HILO VERDE KAKI MARA 30 300 MTS. C/0286,R-43243-BPFUH,2.86,https://canodiy.es/mara-30/4462-R+43243+BPFUH.html
HILOS,Mara 30,mara-30,BOBINA HILO VERDE KAKI MARA 30 300 MTS. C/0397,R-43243-DDTUV,2.86,https://canodiy.es/mara-30/6206-R+43243+DDTUV.html
HILOS,Mara 30,mara-30,BOBINA HILO VERDE MARA 30 300 MTS. C/ 0153,R-43605,2.86,https://canodiy.es/mara-30/643-R+43605.html
HILOS,Mara 30,mara-30,BOBINA HILO VERDE MARA 30 300 MTS. C/ 0237,R-43609,2.86,https://canodiy.es/mara-30/647-R+43609.html
HILOS,Mara 30,mara-30,BOBINA HILO VERDE MARA 30 300 MTS. C/ 0396,R-43617,2.86,https://canodiy.es/mara-30/654-R+43617.html
HILOS,Mara 30,mara-30,BOBINA HILO VERDE MARA 30 300 MTS. C/0098,R-43243-ZBYOG,2.86,https://canodiy.es/mara-30/4283-R+43243+ZBYOG.html
HILOS,Mara 30,mara-30,BOBINA HILO VERDE MARA 30 300 MTS. C/0100,R-43243-WUPNV,2.86,https://canodiy.es/mara-30/4285-R+43243+WUPNV.html
HILOS,Mara 30,mara-30,BOBINA HILO VERDE MARA 30 300 MTS. C/0154,R-43243-G8GNP,2.86,https://canodiy.es/mara-30/4319-R+43243+G8GNP.html
HILOS,Mara 30,mara-30,BOBINA HILO VERDE MARA 30 300 MTS. C/0205,R-43243-AWXL1,2.86,https://canodiy.es/mara-30/4383-R+43243+AWXL1.html
HILOS,Mara 30,mara-30,BOBINA HILO VERDE MARA 30 300 MTS. C/0224,R-43243-ZTKWO,2.86,https://canodiy.es/mara-30/4405-R+43243+ZTKWO.html
HILOS,Mara 30,mara-30,BOBINA HILO VERDE MARA 30 300 MTS. C/0235,R-43243-N5EV5,2.86,https://canodiy.es/mara-30/4415-R+43243+N5EV5.html
HILOS,Mara 30,mara-30,BOBINA HILO VERDE MARA 30 300 MTS. C/0274,R-43243-WR0C5,2.86,https://canodiy.es/mara-30/4450-R+43243+WR0C5.html
HILOS,Mara 30,mara-30,BOBINA HILO VERDE MARA 30 300 MTS. C/0336,R-43243-DWVAU,2.86,https://canodiy.es/mara-30/4559-R+43243+DWVAU.html
HILOS,Mara 30,mara-30,BOBINA HILO VERDE MARA 30 300 MTS. C/0340,R-43243-OUMTO,2.86,https://canodiy.es/mara-30/4561-R+43243+OUMTO.html
HILOS,Mara 30,mara-30,BOBINA HILO VERDE MARA 30 300 MTS. C/0402,R-43243-UCY9A,2.86,https://canodiy.es/mara-30/7069-R+43243+UCY9A.html
HILOS,Mara 30,mara-30,BOBINA HILO VERDE MARA 30 300 MTS. C/0553,R-43243-VWOQB,2.6,https://canodiy.es/mara-30/9053-R+43243+VWOQB.html
HILOS,Mara 30,mara-30,BOBINA HILO VERDE MARA 30 300 MTS. C/0597,R-43243-DDSSR,2.86,https://canodiy.es/mara-30/4904-R+43243+DDSSR.html
HILOS,Mara 30,mara-30,BOBINA HILO VERDE MARA 30 300 MTS. C/0821,R-43243-SRKAR,2.86,https://canodiy.es/mara-30/4600-R+43243+SRKAR.html
HILOS,Mara 30,mara-30,BOBINA HILO VERDE MARA 30 300 MTS. C/0824,R-43243-KHET9,2.86,https://canodiy.es/mara-30/8228-R+43243+KHET9.html
HILOS,Mara 30,mara-30,BOBINA HILO VERDE MARA 30 300 MTS. C/0920,R-43243-JF6AJ,2.86,https://canodiy.es/mara-30/7251-R+43243+JF6AJ.html
HILOS,Mara 30,mara-30,BOBINA HILO VERDE MARA 30 300 MTS. C/0931,R-43243-BRICP,2.86,https://canodiy.es/mara-30/7137-R+43243+BRICP.html
HILOS,Mara 30,mara-30,BOBINA HILO VERDE MARA 30 300 MTS. C/5520,R-43243-ZLT3X,2.86,https://canodiy.es/mara-30/7889-R+43243+ZLT3X.html
HILOS,Mara 30,mara-30,BOBINA HILO VERDE MARA 30 300 MTS. C/6482,R-43243-LQD05,2.86,https://canodiy.es/mara-30/4501-R+43243+LQD05.html
HILOS,Mara 30,mara-30,BOBINA HILO VERDE MARA 30 300 MTS. C/8617,R-43243-U8QHB,2.86,https://canodiy.es/mara-30/5511-R+43243+U8QHB.html
HILOS,Mara 30,mara-30,BOBINA HILO VERDE OSCURO MARA 30 300 MTS. C/0018,R-43243-CPZAW,2.86,https://canodiy.es/mara-30/4223-R+43243+CPZAW.html
HILOS,Mara 30,mara-30,BOBINA HILO VERDE OSCURO MARA 30 300 MTS. C/0302,R-43243-6YDMS,2.86,https://canodiy.es/mara-30/4525-R+43243+6YDMS.html
HILOS,Mara 30,mara-30,BOBINA HILO VERDE OSCURO MARA 30 300 MTS. C/0304,R-43243-T0NFA,2.86,https://canodiy.es/mara-30/4527-R+43243+T0NFA.html
HILOS,Mara 30,mara-30,BOBINA HILO VERDE OSCURO MARA 30 300 MTS. C/0472,R-43243-4UUOM,2.86,https://canodiy.es/mara-30/4508-R+43243+4UUOM.html
HILOS,Mara 30,mara-30,BOBINA HILO VERDE OSCURO MARA 30 300 MTS. C/0678,R-43243-EHAWT,2.86,https://canodiy.es/mara-30/8767-R+43243+EHAWT.html
HILOS,Mara 30,mara-30,BOBINA HILO VERDE OSCURO MARA 30 300 MTS. C/0687,R-43243-E6GLG,2.86,https://canodiy.es/mara-30/7038-R+43243+E6GLG.html
HILOS,Mara 30,mara-30,BOBINA HILO VERDE OSCURO MARA 30 300 MTS. C/0861,R-43243-2WXV5,2.6,https://canodiy.es/mara-30/9051-R+43243+2WXV5.html
HILOS,Mara 30,mara-30,BOBINA HILO VERDE PISTACHO MARA 30 300 MTS. C/0334,R-43243-RZCIX,2.86,https://canodiy.es/mara-30/4557-R+43243+RZCIX.html
HILOS,Mara 30,mara-30,BOBINA HILO VERDE PISTACHO MARA 30 300 MTS. C/3499,R-43243-QAQSJ,2.86,https://canodiy.es/mara-30/7181-R+43243+QAQSJ.html
HILOS,Mara 30,mara-30,BOBINA HILO VERDE TURQUESA MARA 30 300 MTS. C/0107,R-43243-LTFIY,2.86,https://canodiy.es/mara-30/4287-R+43243+LTFIY.html
HILOS,Mara 30,mara-30,BOBINA HILO VERDE TURQUESA MARA 30 300 MTS. C/0167,R-43243-Z9MVL,2.86,https://canodiy.es/mara-30/4331-R+43243+Z9MVL.html
HILOS,Mara 30,mara-30,BOBINA HILO VERDE TURQUESA MARA 30 300 MTS. C/0192,R-43243-CVORS,2.86,https://canodiy.es/mara-30/4361-R+43243+CVORS.html
HILOS,Mara 30,mara-30,BOBINA HILO VERDE TURQUESA MARA 30 300 MTS. C/0331,R-43243-HZE3W,2.86,https://canodiy.es/mara-30/4553-R+43243+HZE3W.html
HILOS,Mara 30,mara-30,CONO HILO AMARILLO CLARO MARA 30 1200 MTS. C/ 0325,R-33918,10.95,https://canodiy.es/mara-30/5616-R+33918-4008015409401.html
HILOS,Mara 30,mara-30,CONO HILO AMARILLO DORADO MARA 30 1200 MTS. C/ 0893,R-9143,10.95,https://canodiy.es/mara-30/5672-R+9143.html
HILOS,Mara 30,mara-30,CONO HILO AMARILLO MARA 30 1200 MTS. C/ 0412,R-22198,10.95,https://canodiy.es/mara-30/5632-R+22198-4008015409722.html
HILOS,Mara 30,mara-30,CONO HILO AMARILLO MARA 30 1200 MTS. C/ 0416,R-17980,10.95,https://canodiy.es/mara-30/681-R+17980-4008015409753.html
HILOS,Mara 30,mara-30,CONO HILO AMARILLO MARA 30 1200 MTS. C/ 3929,R-23960,10.95,https://canodiy.es/mara-30/5695-R+23960-4008015434342.html
HILOS,Mara 30,mara-30,CONO HILO AZUL CELESTE MARA 30 1200 MTS. C/ 0276,R-27623,10.95,https://canodiy.es/mara-30/677-R+27623-4008015409142.html
HILOS,Mara 30,mara-30,CONO HILO AZUL CELESTE MARA 30 1200 MTS. C/ 2878,R-11960,10.95,https://canodiy.es/mara-30/5688-R+11960.html
HILOS,Mara 30,mara-30,CONO HILO AZUL CLARO MARA 30 1200 MTS. C/ 0064,R-18763,10.95,https://canodiy.es/mara-30/670-R+18763-4008015408176.html
HILOS,Mara 30,mara-30,CONO HILO AZUL MARA 30 1200 MTS. C/ 0197,R-22437,10.95,https://canodiy.es/mara-30/5597-R+22437-4008015408701.html
HILOS,Mara 30,mara-30,CONO HILO AZUL MARA 30 1200 MTS. C/ 0214,R-19512,10.95,https://canodiy.es/mara-30/5601-R+19512-4008015408817.html
HILOS,Mara 30,mara-30,CONO HILO AZUL MARA 30 1200 MTS. C/ 0762,R-18399,10.95,https://canodiy.es/mara-30/5663-R+18399-4008015792220.html
HILOS,Mara 30,mara-30,CONO HILO AZUL MARA 30 1200 MTS. C/ 3784,R-20508,10.95,https://canodiy.es/mara-30/689-R+20508.html
HILOS,Mara 30,mara-30,CONO HILO AZUL MARA 30 1200 MTS. C/ 9679,R-30082,10.95,https://canodiy.es/mara-30/5707-R+30082-4029394306716.html
HILOS,Mara 30,mara-30,CONO HILO AZUL MARINO MARA 30 1200 MTS. C/ 0065,R-27649,10.95,https://canodiy.es/mara-30/671-R+27649-4008015408183.html
HILOS,Mara 30,mara-30,CONO HILO AZUL MARINO MARA 30 1200 MTS. C/ 0095,R-37436,10.95,https://canodiy.es/mara-30/5583-R+37436-4008015408299.html
HILOS,Mara 30,mara-30,CONO HILO AZUL MARINO MARA 30 1200 MTS. C/ 0339,R-3236,10.95,https://canodiy.es/mara-30/5532-R+3236-4008015409463.html
HILOS,Mara 30,mara-30,CONO HILO AZUL MARINO MARA 30 1200 MTS. C/ 0387,R-22546,10.95,https://canodiy.es/mara-30/5631-R+22546.html
HILOS,Mara 30,mara-30,CONO HILO AZUL MARINO MARA 30 1200 MTS. C/ 0537,R-20487,10.95,https://canodiy.es/mara-30/5643-R+20487-4008015410148.html
HILOS,Mara 30,mara-30,CONO HILO AZUL MARINO MARA 30 1200 MTS. C/ 3681,R-23696,10.95,https://canodiy.es/mara-30/5691-R+23696-4008015671440.html
HILOS,Mara 30,mara-30,CONO HILO AZUL MARINO MARA 30 1200 MTS. C/ 9110,R-18329,10.95,https://canodiy.es/mara-30/5704-R+18329-4008015432225.html
HILOS,Mara 30,mara-30,CONO HILO AZUL MARINO MARA 30/3 1200 MTS. C/ 0665,R-20443,10.95,https://canodiy.es/mara-30/5548-R+20443-4008015410537.html
HILOS,Mara 30,mara-30,CONO HILO AZUL OSCURO MARA 30 1200 MTS. C/ 0013,R-20115,10.95,https://canodiy.es/mara-30/5576-R+20115-4008015407995.html
HILOS,Mara 30,mara-30,CONO HILO AZUL OSCURO MARA 30 1200 MTS. C/ 0112,R-16067,10.95,https://canodiy.es/mara-30/5585-R+16067-4008015408367.html
HILOS,Mara 30,mara-30,CONO HILO AZUL TURQUESA MARA 30 1200 MTS. C/ 0714,R-24124,10.95,https://canodiy.es/mara-30/686-R+24124.html
HILOS,Mara 30,mara-30,CONO HILO BEIG ARENA MARA 30 1200 MTS. C/ 0307,R-4188,10.95,https://canodiy.es/mara-30/678-R+4188-4008015409296.html
HILOS,Mara 30,mara-30,CONO HILO BEIG CLARO MARA 30 1200 MTS. C/ 0169,R-7567,10.95,https://canodiy.es/mara-30/5593-R+7567-4008015408541.html
HILOS,Mara 30,mara-30,CONO HILO BEIG CLARO MARA 30 1200 MTS. C/ 0414,R-7991,10.95,https://canodiy.es/mara-30/7455-R+7991.html
HILOS,Mara 30,mara-30,CONO HILO BEIG CLARO MARA 30 1200 MTS. C/ 9478,R-11871,10.95,https://canodiy.es/mara-30/5705-R+11871-4008015889852.html
HILOS,Mara 30,mara-30,CONO HILO BEIG MARA 30 1200 MTS. C/ 0131,R-10249,10.95,https://canodiy.es/mara-30/5589-R+10249-4008015606121.html
HILOS,Mara 30,mara-30,CONO HILO BEIG MARA 30 1200 MTS. C/ 0186,R-4187,10.95,https://canodiy.es/mara-30/674-R+4187-4008015408619.html
HILOS,Mara 30,mara-30,CONO HILO BEIG MARA 30 1200 MTS. C/ 0464,R-8515,10.95,https://canodiy.es/mara-30/5318-R+8515.html
HILOS,Mara 30,mara-30,CONO HILO BEIG MARA 30 1200 MTS. C/ 0868,R-1297,10.95,https://canodiy.es/mara-30/5671-R+1297-4008015411114.html
HILOS,Mara 30,mara-30,CONO HILO BEIG MARA 30 1200 MTS. C/ 2827,R-15365,10.95,https://canodiy.es/mara-30/5687-R+15365-4008015683610.html
HILOS,Mara 30,mara-30,CONO HILO BEIG MARA 30 1200 MTS. C/ 3964,R-11909,10.95,https://canodiy.es/mara-30/5696-R+11909-4008015660086.html
HILOS,Mara 30,mara-30,CONO HILO BLANCO MARA 30 1200 MTS. C/ 0800,R-3199,9.45,https://canodiy.es/mara-30/688-R+3199-4008015410933.html
HILOS,Mara 30,mara-30,CONO HILO BLANCO MARA 30 1200 MTS. C/ 1674,R-50616,10.95,https://canodiy.es/mara-30/5681-R+50616.html
HILOS,Mara 30,mara-30,CONO HILO BLANCO ROTO MARA 30 1200 MTS. C/ 0001,R-10213,10.95,https://canodiy.es/mara-30/4896-R+10213.html
HILOS,Mara 30,mara-30,CONO HILO BLANCO ROTO MARA 30 1200 MTS. C/ 0111,R-18744,9.45,https://canodiy.es/mara-30/5584-R+18744-4008015408350.html
HILOS,Mara 30,mara-30,CONO HILO GRIS CLARO MARA 30 1200 MTS. C/ 0008,R-10084,10.95,https://canodiy.es/mara-30/5574-R+10084-4008015407964.html
HILOS,Mara 30,mara-30,CONO HILO GRIS CLARO MARA 30 1200 MTS. C/ 0299,R-4171,10.95,https://canodiy.es/mara-30/5613-R+4171-4008015409258.html
HILOS,Mara 30,mara-30,CONO HILO GRIS CLARO MARA 30 1200 MTS. C/ 1889,R-33884,10.95,https://canodiy.es/mara-30/5682-R+33884-4008015731939.html
HILOS,Mara 30,mara-30,CONO HILO GRIS CLARO MARA 30 1200 MTS. C/ 2826,R-20470,10.95,https://canodiy.es/mara-30/5686-R+20470-4008015892845.html
HILOS,Mara 30,mara-30,CONO HILO GRIS CLARO MARA 30 1200 MTS. C/ 4534,R-11961,10.95,https://canodiy.es/mara-30/5530-R+11961-4008015693404.html
HILOS,Mara 30,mara-30,CONO HILO GRIS CLARO MARA 30 1200 MTS. C/ 8102,R-14174,10.95,https://canodiy.es/mara-30/5702-R+14174.html
HILOS,Mara 30,mara-30,CONO HILO GRIS CLARO MARA 30 1200 MTS. C/ 8607,R-16135,10.95,https://canodiy.es/mara-30/5703-R+16135-4008015683658.html
HILOS,Mara 30,mara-30,CONO HILO GRIS CLARO MARA 30 1200 MTS. C/ 9508,R-12373,10.95,https://canodiy.es/mara-30/5706-R+12373-4029394036781.html
HILOS,Mara 30,mara-30,CONO HILO GRIS MARA 30 1200 MTS. C/ 0035,R-20299,10.95,https://canodiy.es/mara-30/5573-R+20299.html
HILOS,Mara 30,mara-30,CONO HILO GRIS MARA 30 1200 MTS. C/ 0038,R-17579,10.95,https://canodiy.es/mara-30/669-R+17579-4008015408121.html
HILOS,Mara 30,mara-30,CONO HILO GRIS MARA 30 1200 MTS. C/ 0118,R-36870,10.95,https://canodiy.es/mara-30/5586-R+36870.html
HILOS,Mara 30,mara-30,CONO HILO GRIS MARA 30 1200 MTS. C/ 0132,R-22498,10.95,https://canodiy.es/mara-30/5590-R+22498-4008015408404.html
HILOS,Mara 30,mara-30,CONO HILO GRIS MARA 30 1200 MTS. C/ 0495,R-14682,10.95,https://canodiy.es/mara-30/5639-R+14682-4008015410056.html
HILOS,Mara 30,mara-30,CONO HILO GRIS MARA 30 1200 MTS. C/ 0496,R-17484,10.95,https://canodiy.es/mara-30/5640-R+17484-4008015410063.html
HILOS,Mara 30,mara-30,CONO HILO GRIS MARA 30 1200 MTS. C/ 0701,R-9364,10.95,https://canodiy.es/mara-30/685-R+9364-4008015410698.html
HILOS,Mara 30,mara-30,CONO HILO GRIS MARA 30 1200 MTS. C/ 0702,R-10135,10.95,https://canodiy.es/mara-30/5660-R+10135-4008015410704.html
HILOS,Mara 30,mara-30,CONO HILO GRIS MARA 30 1200 MTS. C/ 0727,R-11615,10.95,https://canodiy.es/mara-30/5662-R+11615-4008015410780.html
HILOS,Mara 30,mara-30,CONO HILO GRIS MARA 30 1200 MTS. C/ 0854,R-20509,10.95,https://canodiy.es/mara-30/5670-R+20509-4008015411091.html
HILOS,Mara 30,mara-30,CONO HILO GRIS MARA 30 1200 MTS. C/ 3454,R-23695,10.95,https://canodiy.es/mara-30/5689-R+23695-4008015680046.html
HILOS,Mara 30,mara-30,CONO HILO GRIS MARA 30 1200 MTS. C/ 5618,R-40916,10.95,https://canodiy.es/mara-30/5699-R+40916-4008015886776.html
HILOS,Mara 30,mara-30,CONO HILO GRIS OSCURO MARA 30 1200 MTS. C/ 0497,R-16261,10.95,https://canodiy.es/mara-30/5641-R+16261-4008015410070.html
HILOS,Mara 30,mara-30,CONO HILO GRIS OSCURO MARA 30 1200 MTS. C/ 0636,R-22622,10.95,https://canodiy.es/mara-30/5650-R+22622.html
HILOS,Mara 30,mara-30,CONO HILO GRIS OSCURO MARA 30 1200 MTS. C/ 0669,R-9482,10.95,https://canodiy.es/mara-30/5652-R+9482-4008015410544.html
HILOS,Mara 30,mara-30,CONO HILO GRIS OSCURO MARA 30 1200 MTS. C/ 5822,R-21945,10.95,https://canodiy.es/mara-30/5700-R+21945-4008015331436.html
HILOS,Mara 30,mara-30,CONO HILO MARRÓN CAOBA MARA 30 1200 MTS. C/ 0649,R-7893,10.95,https://canodiy.es/mara-30/5651-R+7893-4008015410476.html
HILOS,Mara 30,mara-30,CONO HILO MARRÓN CLARO MARA 30 1200 MTS. C/ 0160,R-12184,10.95,https://canodiy.es/mara-30/5592-R+12184-4008015408497.html
HILOS,Mara 30,mara-30,CONO HILO MARRÓN CLARO MARA 30 1200 MTS. C/ 0215,R-4702,10.95,https://canodiy.es/mara-30/5602-R+4702-4008015408824.html
HILOS,Mara 30,mara-30,CONO HILO MARRÓN CLARO MARA 30 1200 MTS. C/ 0422,R-18765,10.95,https://canodiy.es/mara-30/5633-R+18765.html
HILOS,Mara 30,mara-30,CONO HILO MARRÓN MARA 30 1200 MTS. C/ 0124,R-8154,10.95,https://canodiy.es/mara-30/5261-R+8154-4008015408381.html
HILOS,Mara 30,mara-30,CONO HILO MARRÓN MARA 30 1200 MTS. C/ 0139,R-5330,10.95,https://canodiy.es/mara-30/5529-R+5330-4008015408411.html
HILOS,Mara 30,mara-30,CONO HILO MARRÓN MARA 30 1200 MTS. C/ 0179,R-3319,10.95,https://canodiy.es/mara-30/5594-R+3319-4008015408596.html
HILOS,Mara 30,mara-30,CONO HILO MARRÓN MARA 30 1200 MTS. C/ 0180,R-9979,10.95,https://canodiy.es/mara-30/683-R+9979-4008015408602.html
HILOS,Mara 30,mara-30,CONO HILO MARRÓN MARA 30 1200 MTS. C/ 0188,R-33573,10.95,https://canodiy.es/mara-30/5595-R+33573-4008015408626.html
HILOS,Mara 30,mara-30,CONO HILO MARRÓN MARA 30 1200 MTS. C/ 0199,R-14072,10.95,https://canodiy.es/mara-30/5598-R+14072-4008015408725.html
HILOS,Mara 30,mara-30,CONO HILO MARRÓN MARA 30 1200 MTS. C/ 0208,R-10046,10.95,https://canodiy.es/mara-30/5599-R+10046-4008015408763.html
HILOS,Mara 30,mara-30,CONO HILO MARRÓN MARA 30 1200 MTS. C/ 0209,R-9405,10.95,https://canodiy.es/mara-30/5600-R+9405-4008015408770.html
HILOS,Mara 30,mara-30,CONO HILO MARRÓN MARA 30 1200 MTS. C/ 0227,R-23411,10.95,https://canodiy.es/mara-30/5604-R+23411.html
HILOS,Mara 30,mara-30,CONO HILO MARRÓN MARA 30 1200 MTS. C/ 0230,R-43094,10.95,https://canodiy.es/mara-30/5605-R+43094.html
HILOS,Mara 30,mara-30,CONO HILO MARRÓN MARA 30 1200 MTS. C/ 0241,R-18700,10.95,https://canodiy.es/mara-30/5609-R+18700-4008015408978.html
HILOS,Mara 30,mara-30,CONO HILO MARRÓN MARA 30 1200 MTS. C/ 0245,R-20476,10.95,https://canodiy.es/mara-30/676-R+20476-4008015308865.html
HILOS,Mara 30,mara-30,CONO HILO MARRÓN MARA 30 1200 MTS. C/ 0428,R-9216,10.95,https://canodiy.es/mara-30/5634-R+9216-4008015409807.html
HILOS,Mara 30,mara-30,CONO HILO MARRÓN MARA 30 1200 MTS. C/ 0439,R-154941,10.95,https://canodiy.es/mara-30/682-R+154941-4008015409845.html
HILOS,Mara 30,mara-30,CONO HILO MARRÓN MARA 30 1200 MTS. C/ 0444,R-50660,10.95,https://canodiy.es/mara-30/5636-R+50660.html
HILOS,Mara 30,mara-30,CONO HILO MARRÓN MARA 30 1200 MTS. C/ 0446,R-9677,10.95,https://canodiy.es/mara-30/5637-R+9677-4008015409869.html
HILOS,Mara 30,mara-30,CONO HILO MARRÓN MARA 30 1200 MTS. C/ 0450,R-9562,10.95,https://canodiy.es/mara-30/5456-R+9562-4008015409883.html
HILOS,Mara 30,mara-30,CONO HILO MARRÓN MARA 30 1200 MTS. C/ 0454,R-21468,10.95,https://canodiy.es/mara-30/5638-R+21468-4008015409906.html
HILOS,Mara 30,mara-30,CONO HILO MARRÓN MARA 30 1200 MTS. C/ 0467,R-16750,10.95,https://canodiy.es/mara-30/5505-R+16750.html
HILOS,Mara 30,mara-30,CONO HILO MARRÓN MARA 30 1200 MTS. C/ 0469,R-9495,10.95,https://canodiy.es/mara-30/5504-R+9495-4008015409944.html
HILOS,Mara 30,mara-30,CONO HILO MARRÓN MARA 30 1200 MTS. C/ 0672,R-16103,10.95,https://canodiy.es/mara-30/5654-R+16103-4008015410568.html
HILOS,Mara 30,mara-30,CONO HILO MARRÓN MARA 30 1200 MTS. C/ 0682,R-44923,10.95,https://canodiy.es/mara-30/5656-R+44923.html
HILOS,Mara 30,mara-30,CONO HILO MARRÓN MARA 30 1200 MTS. C/ 0694,R-7213,10.95,https://canodiy.es/mara-30/5657-R+7213.html
HILOS,Mara 30,mara-30,CONO HILO MARRÓN MARA 30 1200 MTS. C/ 0724,R-9030,10.95,https://canodiy.es/mara-30/687-R+9030-4008015410773.html
HILOS,Mara 30,mara-30,CONO HILO MARRÓN MARA 30 1200 MTS. C/ 0815,R-9031,10.95,https://canodiy.es/mara-30/5665-R+9031-4008015410964.html
HILOS,Mara 30,mara-30,CONO HILO MARRÓN MARA 30 1200 MTS. C/ 0816,R-21478,10.95,https://canodiy.es/mara-30/5666-R+21478.html
HILOS,Mara 30,mara-30,CONO HILO MARRÓN MARA 30 1200 MTS. C/ 0817,R-8597,10.95,https://canodiy.es/mara-30/5667-R+8597-4008015410988.html
HILOS,Mara 30,mara-30,CONO HILO MARRÓN MARA 30 1200 MTS. C/ 0842,R-4661,10.95,https://canodiy.es/mara-30/5669-R+4661-4008015411053.html
HILOS,Mara 30,mara-30,CONO HILO MARRÓN MARA 30 1200 MTS. C/ 0887,R-16586,10.95,https://canodiy.es/mara-30/5547-R+16586.html
HILOS,Mara 30,mara-30,CONO HILO MARRÓN MARA 30 1200 MTS. C/ 0972,R-54312,10.95,https://canodiy.es/mara-30/5676-R+54312.html
HILOS,Mara 30,mara-30,CONO HILO MARRÓN MARA 30 1200 MTS. C/ 3811,R-50802,10.95,https://canodiy.es/mara-30/5694-R+50802.html
HILOS,Mara 30,mara-30,CONO HILO MARRÓN MARA 30 1200 MTS. C/ 3977,R-24304,10.95,https://canodiy.es/mara-30/5697-R+24304-4008015877750.html
HILOS,Mara 30,mara-30,CONO HILO MARRÓN OSCURO MARA 30 1200 MTS. C/ 0671,R-9534,10.95,https://canodiy.es/mara-30/5653-R+9534-4008015410551.html
HILOS,Mara 30,mara-30,CONO HILO MARRÓN OSCURO MARA 30 1200 MTS. C/ 0696,R-2915,10.95,https://canodiy.es/mara-30/5658-R+2915-4008015410674.html
HILOS,Mara 30,mara-30,CONO HILO MARRÓN OSCURO MARA 30 1200 MTS. C/ 0697,R-6789,10.95,https://canodiy.es/mara-30/5659-R+6789-4008015410681.html
HILOS,Mara 30,mara-30,CONO HILO MARRÓN OSCURO MARA 30 1200 MTS. C/ 0780,R-20028,10.95,https://canodiy.es/mara-30/5664-R+20028-4008015410896.html
HILOS,Mara 30,mara-30,CONO HILO MARRÓN OSCURO MARA 30 1200 MTS. C/ 1213,R-10887,10.95,https://canodiy.es/mara-30/5679-R+10887-4008015667351.html
HILOS,Mara 30,mara-30,CONO HILO MORADO LILA CLARO MARA 30 1200 MTS. C/ 3904,R-18886,10.95,https://canodiy.es/mara-30/690-R+18886-4008015683627.html
HILOS,Mara 30,mara-30,CONO HILO MORADO MARA 30 1200 MTS. C/ 0575,R-15498,10.95,https://canodiy.es/mara-30/5646-R+15498-4008015410230.html
HILOS,Mara 30,mara-30,CONO HILO MORADO MARA 30 1200 MTS. C/ 0718,R-55770,10.95,https://canodiy.es/mara-30/5661-R+55770.html
HILOS,Mara 30,mara-30,CONO HILO MORADO MARA 30 1200 MTS. C/ 2549,R-19781,10.95,https://canodiy.es/mara-30/5685-R+19781-4008015685577.html
HILOS,Mara 30,mara-30,CONO HILO MORADO MARA 30 1200 MTS. C/ 3529,R-18604,10.95,https://canodiy.es/mara-30/5690-R+18604.html
HILOS,Mara 30,mara-30,CONO HILO MORADO OSCURO MARA 30 1200 MTS. C/ 0032,R-11002,10.95,https://canodiy.es/mara-30/5579-R+11002-4008015408084.html
HILOS,Mara 30,mara-30,CONO HILO MORADO OSCURO MARA 30 1200 MTS. C/ 0130,R-9404,10.95,https://canodiy.es/mara-30/5588-R+9404-4008015408398.html
HILOS,Mara 30,mara-30,CONO HILO MORADO OSCURO MARA 30 1200 MTS. C/ 0512,R-19523,10.95,https://canodiy.es/mara-30/5642-R+19523-4008015410094.html
HILOS,Mara 30,mara-30,CONO HILO MORADO OSCURO MARA 30 1200 MTS. C/ 3808,R-23665,10.95,https://canodiy.es/mara-30/5693-R+23665.html
HILOS,Mara 30,mara-30,CONO HILO NARANJA MARA 30 1200 MTS. C/ 0351,R-22157,10.95,https://canodiy.es/mara-30/679-R+22157-4008015409494.html
HILOS,Mara 30,mara-30,CONO HILO NEGRO MARA 30 1200 MTS. C/ 0000,R-1294,10.95,https://canodiy.es/mara-30/668-R+1294-4008015407919.html
HILOS,Mara 30,mara-30,CONO HILO NEGRO MARA 30 1200 MTS. C/ 0999,R-22424,10.95,https://canodiy.es/mara-30/5678-R+22424-4008015411497.html
HILOS,Mara 30,mara-30,CONO HILO NEGRO MARA 30 1200 MTS. C/ 1254,R-38303,10.95,https://canodiy.es/mara-30/5680-R+38303.html
HILOS,Mara 30,mara-30,CONO HILO NEGRO MARA 30 1200 MTS. C/ 2111,R-13763,10.95,https://canodiy.es/mara-30/5684-R+13763-4008015665166.html
HILOS,Mara 30,mara-30,CONO HILO ROJO BURDEOS MARA 30 1200 MTS. C/ 0022,R-21987,10.95,https://canodiy.es/mara-30/5577-R+21987-4008015408046.html
HILOS,Mara 30,mara-30,CONO HILO ROJO BURDEOS MARA 30 1200 MTS. C/ 0226,R-20016,10.95,https://canodiy.es/mara-30/5603-R+20016.html
HILOS,Mara 30,mara-30,CONO HILO ROJO BURDEOS MARA 30 1200 MTS. C/ 0368,R-6710,10.95,https://canodiy.es/mara-30/5630-R+6710.html
HILOS,Mara 30,mara-30,CONO HILO ROJO BURDEOS MARA 30 1200 MTS. C/ 0369,R-4648,10.95,https://canodiy.es/mara-30/680-R+4648-4008015409548.html
HILOS,Mara 30,mara-30,CONO HILO ROJO BURDEOS MARA 30 1200 MTS. C/ 0429,R-20958,10.95,https://canodiy.es/mara-30/5635-R+20958-4008015409814.html
HILOS,Mara 30,mara-30,CONO HILO ROJO MARA 30 1200 MTS. C/ 0012,R-12416,10.95,https://canodiy.es/mara-30/5575-R+12416.html
HILOS,Mara 30,mara-30,CONO HILO ROJO MARA 30 1200 MTS. C/ 0026,R-11872,10.95,https://canodiy.es/mara-30/5578-R+11872-4008015408077.html
HILOS,Mara 30,mara-30,CONO HILO ROJO MARA 30 1200 MTS. C/ 0156,R-16367,10.95,https://canodiy.es/mara-30/673-R+16367-4008015408473.html
HILOS,Mara 30,mara-30,CONO HILO ROJO MARA 30 1200 MTS. C/ 0364,R-21939,10.95,https://canodiy.es/mara-30/5618-R+21939-4008015409517.html
HILOS,Mara 30,mara-30,CONO HILO ROJO MARA 30 1200 MTS. C/ 0367,R-55771,10.95,https://canodiy.es/mara-30/5619-R+55771.html
HILOS,Mara 30,mara-30,CONO HILO ROSA CLARO MARA 30 1200 MTS. C/ 0658,R-1296,10.95,https://canodiy.es/mara-30/684-R+1296-4008015410513.html
HILOS,Mara 30,mara-30,CONO HILO ROSA CLARO MARA 30 1200 MTS. C/ 2037,R-27429,10.95,https://canodiy.es/mara-30/5683-R+27429-4008015612887.html
HILOS,Mara 30,mara-30,CONO HILO ROSA FUXIA MARA 30 1200 MTS. C/ 0624,R-18312,10.95,https://canodiy.es/mara-30/5649-R+18312-4008015410407.html
HILOS,Mara 30,mara-30,CONO HILO ROSA FUXIA MARA 30 1200 MTS. C/ 4064,R-22171,10.95,https://canodiy.es/mara-30/5698-R+22171-4008015693428.html
HILOS,Mara 30,mara-30,CONO HILO ROSA MARA 30 1200 MTS. C/ 0080,R-10250,10.95,https://canodiy.es/mara-30/5582-R+10250-4008015408251.html
HILOS,Mara 30,mara-30,CONO HILO ROSA MARA 30 1200 MTS. C/ 0568,R-7910,10.95,https://canodiy.es/mara-30/5645-R+7910-4008015410223.html
HILOS,Mara 30,mara-30,CONO HILO ROSA MARA 30 1200 MTS. C/ 0991,R-22154,10.95,https://canodiy.es/mara-30/5677-R+22154.html
HILOS,Mara 30,mara-30,CONO HILO ROSA MARA 30 1200 MTS. C/ 6747,R-18764,10.95,https://canodiy.es/mara-30/5701-R+18764-4008015211189.html
HILOS,Mara 30,mara-30,CONO HILO ROSA OSCURO MARA 30 1200 MTS. C/ 0052,R-6607,10.95,https://canodiy.es/mara-30/5581-R+6607-4008015408169.html
HILOS,Mara 30,mara-30,CONO HILO VEDE MARA 30 1200 MTS. C/ 0336,R-45462,10.95,https://canodiy.es/mara-30/5617-R+45462.html
HILOS,Mara 30,mara-30,CONO HILO VERDE  MARA 30 1200 MTS. C/ 0919,R-7899,10.95,https://canodiy.es/mara-30/5673-R+7899-4008015411305.html
HILOS,Mara 30,mara-30,CONO HILO VERDE CLARO MARA 30 1200 MTS. C/ 0152,R-4164,10.95,https://canodiy.es/mara-30/672-R+4164-4008015408442.html
HILOS,Mara 30,mara-30,CONO HILO VERDE KAKI MARA 30 1200 MTS. C/ 0676,R-9408,10.95,https://canodiy.es/mara-30/5655-R+9408-4008015410599.html
HILOS,Mara 30,mara-30,CONO HILO VERDE KAKI MARA 30 1200 MTS. C/ 3725,R-24205,10.95,https://canodiy.es/mara-30/5692-R+24205-4008015693442.html
HILOS,Mara 30,mara-30,CONO HILO VERDE MARA 30 1200 MTS. C/ 0235,R-18981,10.95,https://canodiy.es/mara-30/5606-R+18981-4008015408947.html
HILOS,Mara 30,mara-30,CONO HILO VERDE MARA 30 1200 MTS. C/ 0237,R-20211,10.95,https://canodiy.es/mara-30/675-R+20211-4008015408954.html
HILOS,Mara 30,mara-30,CONO HILO VERDE MARA 30 1200 MTS. C/ 0561,R-36829,10.95,https://canodiy.es/mara-30/5644-R+36829-4008015410216.html
HILOS,Mara 30,mara-30,CONO HILO VERDE MARA 30 1200 MTS. C/ 0597,R-21242,10.95,https://canodiy.es/mara-30/5647-R+21242-4008015410339.html
HILOS,Mara 30,mara-30,CONO HILO VERDE MARA 30 1200 MTS. C/ 0616,R-18887,10.95,https://canodiy.es/mara-30/5648-R+18887.html
HILOS,Mara 30,mara-30,CONO HILO VERDE MARA 30 1200 MTS. C/ 0821,R-49390,10.95,https://canodiy.es/mara-30/5668-R+49390.html
HILOS,Mara 30,mara-30,CONO HILO VERDE MARA 30 1200 MTS. C/ 0920,R-8362,10.95,https://canodiy.es/mara-30/5674-R+8362-4008015411312.html
HILOS,Mara 30,mara-30,CONO HILO VERDE MARA 30 1200 MTS. C/ 0931,R-19513,10.95,https://canodiy.es/mara-30/5675-R+19513-4008015411350.html
HILOS,Mara 30,mara-30,CONO HILO VERDE MARA 30/3 1200 MTS. C/ 0531,R-9481,10.95,https://canodiy.es/mara-30/5503-R+9481-4008015410131.html
HILOS,Mara 30,mara-30,CONO HILO VERDE OSCURO MARA 30 1200 MTS. C/ 0304,R-44921,10.95,https://canodiy.es/mara-30/5614-R+44921.html
HILOS,Mara 30,mara-30,CONO HILO VERDE TURQUESA MARA 30 1200 MTS. C/ 0192,R-19421,10.95,https://canodiy.es/mara-30/5596-R+19421-4008015408657.html
HILOS,Mara 30 Azules,mara-30-azules,CONO HILO AZUL MARA 30 1200 MTS. C/ 0322,R-17976,10.95,https://canodiy.es/mara-30-azules/5615-R+17976-4008015409388.html
HILOS,Mara 30 Rojos,mara-30-rojos,CONO HILO ROJO MARA 30 1200 MTS. C/ 0046,R-6701,10.95,https://canodiy.es/mara-30-rojos/5580-R+6701-4008015408145.html
HILOS,Mara 70,mara-70,BOBINA HILO AMARILLO CLARO MARA 70 700 MTS. C/ 0325,R-48826-K3DXH,2.77,https://canodiy.es/mara-70/2654-R+48826+K3DXH.html
HILOS,Mara 70,mara-70,BOBINA HILO AMARILLO DORADO MARA 70 700 MTS. C/ 0968,R-47500,2.77,https://canodiy.es/mara-70/2223-R+47500-9999999023163.html
HILOS,Mara 70,mara-70,BOBINA HILO AMARILLO FLUOR MARA 70 700 MTS. C/ 3835,R-43702,2.77,https://canodiy.es/mara-70/716-R+43702.html
HILOS,Mara 70,mara-70,BOBINA HILO AMARILLO MARA 70 700 MTS. C/ 0007,R-43648-6QJIA,2.77,https://canodiy.es/mara-70/2295-R+43648+6QJIA.html
HILOS,Mara 70,mara-70,BOBINA HILO AMARILLO MARA 70 700 MTS. C/ 0106,R-43651,2.77,https://canodiy.es/mara-70/696-R+43651.html
HILOS,Mara 70,mara-70,BOBINA HILO AMARILLO MARA 70 700 MTS. C/ 0327,R-48826-XEVRV,2.77,https://canodiy.es/mara-70/2656-R+48826+XEVRV.html
HILOS,Mara 70,mara-70,BOBINA HILO AMARILLO MARA 70 700 MTS. C/ 0412,R-43647-D9MDM,2.77,https://canodiy.es/mara-70/6518-R+43647+D9MDM.html
HILOS,Mara 70,mara-70,BOBINA HILO AMARILLO MARA 70 700 MTS. C/ 0415,R-43647-JX0LI,2.77,https://canodiy.es/mara-70/7655-R+43647+JX0LI.html
HILOS,Mara 70,mara-70,BOBINA HILO AMARILLO MARA 70 700 MTS. C/ 0417,R-43647-J9MV3,2.77,https://canodiy.es/mara-70/9449-R+43647+J9MV3.html
HILOS,Mara 70,mara-70,BOBINA HILO AMARILLO MARA 70 700 MTS. C/ 3897,R-43647-2FCGE,2.77,https://canodiy.es/mara-70/9451-R+43647+2FCGE.html
HILOS,Mara 70,mara-70,BOBINA HILO AMARILLO MARA 70 700 MTS. C/ 3929,R-43647-NJSMU,2.77,https://canodiy.es/mara-70/7527-R+43647+NJSMU.html
HILOS,Mara 70,mara-70,BOBINA HILO AMARILLO MARA 70/3 700 MTS. C/ 0177,R-48826-2OYFK,2.77,https://canodiy.es/mara-70/2444-R+48826+2OYFK.html
HILOS,Mara 70,mara-70,BOBINA HILO AZUL  MARA 70 700 MTS. C/ 0827,R-43647-OP6PU,2.77,https://canodiy.es/mara-70/5710-R+43647+OP6PU.html
HILOS,Mara 70,mara-70,BOBINA HILO AZUL AQUA MARA 70 700 MTS. C/ 0053,R-43666-STT11,2.77,https://canodiy.es/mara-70/2337-R+43666+STT11.html
HILOS,Mara 70,mara-70,BOBINA HILO AZUL AQUA MARA 70 700 MTS. C/ 5396,R-43647-C9H2Z,2.77,https://canodiy.es/mara-70/9462-R+43647+C9H2Z.html
HILOS,Mara 70,mara-70,BOBINA HILO AZUL CELESTE MARA 70 700 MTS. C/ 0064,R-43666-LQGJ1,2.77,https://canodiy.es/mara-70/2339-R+43666+LQGJ1.html
HILOS,Mara 70,mara-70,BOBINA HILO AZUL CELESTE MARA 70 700 MTS. C/ 0071,R-43666-GUPPM,2.77,https://canodiy.es/mara-70/2345-R+43666+GUPPM.html
HILOS,Mara 70,mara-70,BOBINA HILO AZUL CELESTE MARA 70 700 MTS. C/ 0074,R-43666-5IKZT,2.77,https://canodiy.es/mara-70/2347-R+43666+5IKZT.html
HILOS,Mara 70,mara-70,BOBINA HILO AZUL CELESTE MARA 70 700 MTS. C/ 0075,R-43666-SJQDX,2.77,https://canodiy.es/mara-70/2349-R+43666+SJQDX.html
HILOS,Mara 70,mara-70,BOBINA HILO AZUL CELESTE MARA 70 700 MTS. C/ 0143,R-48826-OQ1KJ,2.77,https://canodiy.es/mara-70/2410-R+48826+OQ1KJ.html
HILOS,Mara 70,mara-70,BOBINA HILO AZUL CELESTE MARA 70 700 MTS. C/ 0196,R-48826-NHBHZ,2.77,https://canodiy.es/mara-70/2502-R+48826+NHBHZ.html
HILOS,Mara 70,mara-70,BOBINA HILO AZUL CELESTE MARA 70 700 MTS. C/ 0276,R-48826-2UODQ,2.77,https://canodiy.es/mara-70/2598-R+48826+2UODQ.html
HILOS,Mara 70,mara-70,BOBINA HILO AZUL CLARO MARA 70 700 MTS. C/ 0193,R-48826-VNVJ5,2.77,https://canodiy.es/mara-70/2459-R+48826+VNVJ5.html
HILOS,Mara 70,mara-70,BOBINA HILO AZUL CLARO MARA 70 700 MTS. C/ 0194,R-48826-KKJ0Y,2.77,https://canodiy.es/mara-70/2461-R+48826+KKJ0Y.html
HILOS,Mara 70,mara-70,BOBINA HILO AZUL CLARO MARA 70 700 MTS. C/ 0195,R-48826-4XWWD,2.77,https://canodiy.es/mara-70/2463-R+48826+4XWWD.html
HILOS,Mara 70,mara-70,BOBINA HILO AZUL CLARO MARA 70 700 MTS. C/ 0655,R-43647-NHEMG,2.77,https://canodiy.es/mara-70/8202-R+43647+NHEMG.html
HILOS,Mara 70,mara-70,BOBINA HILO AZUL MARA 70 700 MTS. C/ 00076,R-43666-SVWFZ,2.77,https://canodiy.es/mara-70/2351-R+43666+SVWFZ.html
HILOS,Mara 70,mara-70,BOBINA HILO AZUL MARA 70 700 MTS. C/ 0025,R-43666-OUNTO,2.77,https://canodiy.es/mara-70/2317-R+43666+OUNTO.html
HILOS,Mara 70,mara-70,BOBINA HILO AZUL MARA 70 700 MTS. C/ 0037,R-43666-GQ7AJ,2.77,https://canodiy.es/mara-70/2327-R+43666+GQ7AJ.html
HILOS,Mara 70,mara-70,BOBINA HILO AZUL MARA 70 700 MTS. C/ 0068,R-43666-N0HFM,2.77,https://canodiy.es/mara-70/2343-R+43666+N0HFM.html
HILOS,Mara 70,mara-70,BOBINA HILO AZUL MARA 70 700 MTS. C/ 0078,R-43666-HXX9L,2.77,https://canodiy.es/mara-70/2353-R+43666+HXX9L.html
HILOS,Mara 70,mara-70,BOBINA HILO AZUL MARA 70 700 MTS. C/ 0112,R-43666-0XXTV,2.77,https://canodiy.es/mara-70/2381-R+43666+0XXTV.html
HILOS,Mara 70,mara-70,BOBINA HILO AZUL MARA 70 700 MTS. C/ 0213,R-48826-EIKJ1,2.77,https://canodiy.es/mara-70/2524-R+48826+EIKJ1.html
HILOS,Mara 70,mara-70,BOBINA HILO AZUL MARA 70 700 MTS. C/ 0214,R-48826-4Z3FJ,2.77,https://canodiy.es/mara-70/2531-R+48826+4Z3FJ.html
HILOS,Mara 70,mara-70,BOBINA HILO AZUL MARA 70 700 MTS. C/ 0232,R-48826-F2B56,2.77,https://canodiy.es/mara-70/2553-R+48826+F2B56.html
HILOS,Mara 70,mara-70,BOBINA HILO AZUL MARA 70 700 MTS. C/ 0278,R-43662,2.77,https://canodiy.es/mara-70/702-R+43662.html
HILOS,Mara 70,mara-70,BOBINA HILO AZUL MARA 70 700 MTS. C/ 0311,R-48826-AN4CY,2.77,https://canodiy.es/mara-70/2643-R+48826+AN4CY.html
HILOS,Mara 70,mara-70,BOBINA HILO AZUL MARA 70 700 MTS. C/ 0315,R-48826-DAPNJ,2.77,https://canodiy.es/mara-70/2644-R+48826+DAPNJ.html
HILOS,Mara 70,mara-70,BOBINA HILO AZUL MARA 70 700 MTS. C/ 0322,R-48826-ONW1Y,2.77,https://canodiy.es/mara-70/2650-R+48826+ONW1Y.html
HILOS,Mara 70,mara-70,BOBINA HILO AZUL MARA 70 700 MTS. C/ 0385,R-48826-HLMOF,2.77,https://canodiy.es/mara-70/2693-R+48826+HLMOF.html
HILOS,Mara 70,mara-70,BOBINA HILO AZUL MARA 70 700 MTS. C/ 0386,R-48826-NURAN,2.77,https://canodiy.es/mara-70/2695-R+48826+NURAN.html
HILOS,Mara 70,mara-70,BOBINA HILO AZUL MARA 70 700 MTS. C/ 0483,R-43647-32JDX,2.77,https://canodiy.es/mara-70/4998-R+43647+32JDX.html
HILOS,Mara 70,mara-70,BOBINA HILO AZUL MARA 70 700 MTS. C/ 0593,R-43647-5YAHF,2.77,https://canodiy.es/mara-70/7481-R+43647+5YAHF.html
HILOS,Mara 70,mara-70,BOBINA HILO AZUL MARA 70 700 MTS. C/ 0761,R-43647-TSEYE,2.77,https://canodiy.es/mara-70/9463-R+43647+TSEYE.html
HILOS,Mara 70,mara-70,BOBINA HILO AZUL MARA 70 700 MTS. C/ 1932,R-43647-K4EZM,2.77,https://canodiy.es/mara-70/7348-R+43647+K4EZM.html
HILOS,Mara 70,mara-70,BOBINA HILO AZUL MARA 70 700 MTS. C/ 2246,R-43647-LOE5T,2.77,https://canodiy.es/mara-70/5000-R+43647+LOE5T.html
HILOS,Mara 70,mara-70,BOBINA HILO AZUL MARA 70 700 MTS. C/ 3549,R-43647-UX7PL,2.77,https://canodiy.es/mara-70/6251-R+43647+UX7PL.html
HILOS,Mara 70,mara-70,BOBINA HILO AZUL MARA 70 700 MTS. C/ 6415,R-43647-X7MUH,2.77,https://canodiy.es/mara-70/7026-R+43647+X7MUH.html
HILOS,Mara 70,mara-70,BOBINA HILO AZUL MARA 70/3 700 MTS. C/ 0197,R-48826-OKSRE,2.77,https://canodiy.es/mara-70/2504-R+48826+OKSRE.html
HILOS,Mara 70,mara-70,BOBINA HILO AZUL MARINO MARA 70 700 MTS. C/ 0011,R-43666-CVPV2,2.77,https://canodiy.es/mara-70/2299-R+43666+CVPV2.html
HILOS,Mara 70,mara-70,BOBINA HILO AZUL MARINO MARA 70 700 MTS. C/ 0065,R-43666-VVLKQ,2.77,https://canodiy.es/mara-70/2341-R+43666+VVLKQ.html
HILOS,Mara 70,mara-70,BOBINA HILO AZUL MARINO MARA 70 700 MTS. C/ 0095,R-43666-IWOMA,2.77,https://canodiy.es/mara-70/2367-R+43666+IWOMA.html
HILOS,Mara 70,mara-70,BOBINA HILO AZUL MARINO MARA 70 700 MTS. C/ 0309,R-48826-WOXNH,2.77,https://canodiy.es/mara-70/2638-R+48826+WOXNH.html
HILOS,Mara 70,mara-70,BOBINA HILO AZUL MARINO MARA 70 700 MTS. C/ 0310,R-48826-DBRQN,2.77,https://canodiy.es/mara-70/2640-R+48826+DBRQN.html
HILOS,Mara 70,mara-70,BOBINA HILO AZUL MARINO MARA 70 700 MTS. C/ 0339,R-43664,2.77,https://canodiy.es/mara-70/704-R+43664.html
HILOS,Mara 70,mara-70,BOBINA HILO AZUL MARINO MARA 70 700 MTS. C/ 0387,R-48826-ELNYF,2.77,https://canodiy.es/mara-70/2697-R+48826+ELNYF.html
HILOS,Mara 70,mara-70,BOBINA HILO AZUL MARINO MARA 70 700 MTS. C/ 0665,R-43647-6BZJU,2.77,https://canodiy.es/mara-70/7531-R+43647+6BZJU.html
HILOS,Mara 70,mara-70,BOBINA HILO AZUL OSCURO MARA 70 700 MTS. C/ 0013,R-43666-LKMJU,2.77,https://canodiy.es/mara-70/2303-R+43666+LKMJU.html
HILOS,Mara 70,mara-70,BOBINA HILO AZUL OSCURO MARA 70 700 MTS. C/ 0066,R-43650,2.77,https://canodiy.es/mara-70/695-R+43650.html
HILOS,Mara 70,mara-70,BOBINA HILO AZUL OSCURO MARA 70 700 MTS. C/ 0218,R-48826-ZWQNO,2.77,https://canodiy.es/mara-70/2537-R+48826+ZWQNO.html
HILOS,Mara 70,mara-70,BOBINA HILO AZUL OSCURO MARA 70 700 MTS. C/ 0312,R-43663,2.77,https://canodiy.es/mara-70/703-R+43663.html
HILOS,Mara 70,mara-70,BOBINA HILO AZUL OSCURO MARA 70 700 MTS. C/ 4833,R-43647-LBR9R,2.77,https://canodiy.es/mara-70/5004-R+43647+LBR9R.html
HILOS,Mara 70,mara-70,BOBINA HILO AZUL TURQUESA MARA 70 700 MTS. C/ 0223,R-48826-RD3MK,2.77,https://canodiy.es/mara-70/2543-R+48826+RD3MK.html
HILOS,Mara 70,mara-70,BOBINA HILO AZUL TURQUESA MARA 70 700 MTS. C/ 0254,R-48826-2VQEQ,2.77,https://canodiy.es/mara-70/2574-R+48826+2VQEQ.html
HILOS,Mara 70,mara-70,BOBINA HILO AZUL TURQUESA MARA 70 700 MTS. C/ 0332,R-48826-QVMUR,2.77,https://canodiy.es/mara-70/2660-R+48826+QVMUR.html
HILOS,Mara 70,mara-70,BOBINA HILO AZUL TURQUESA MARA 70 700 MTS. C/ 2167,R-43647-NXRJO,2.77,https://canodiy.es/mara-70/7479-R+43647+NXRJO.html
HILOS,Mara 70,mara-70,BOBINA HILO AZUL TURQUESA MARA 70 700 MTS. C/ 7616,R-43647-YBSJD,2.77,https://canodiy.es/mara-70/7013-R+43647+YBSJD.html
HILOS,Mara 70,mara-70,BOBINA HILO AZUL TURQUESA OSCURO MARA 70 700 MTS. C/ 0764,R-43647-T484Q,2.77,https://canodiy.es/mara-70/9372-R+43647+T484Q.html
HILOS,Mara 70,mara-70,BOBINA HILO AZUL TURQUESA OSCURO MARA 70 700 MTS. C/ 0967,R-43647-LSJOG,2.77,https://canodiy.es/mara-70/5566-R+43647+LSJOG.html
HILOS,Mara 70,mara-70,BOBINA HILO BEIG ARENA MARA 70 700 MTS. C/ 0307,R-48826-WJIDX,2.77,https://canodiy.es/mara-70/2634-R+48826+WJIDX.html
HILOS,Mara 70,mara-70,BOBINA HILO BEIG CLARO MARA 70 700 MTS. C/ 0005,R-43648-UGIFF,2.77,https://canodiy.es/mara-70/2291-R+43648+UGIFF.html
HILOS,Mara 70,mara-70,BOBINA HILO BEIG CLARO MARA 70 700 MTS. C/ 0275,R-48826-WCQGY,2.77,https://canodiy.es/mara-70/2596-R+48826+WCQGY.html
HILOS,Mara 70,mara-70,BOBINA HILO BEIG CLARO MARA 70/3 700 MTS. C/ 0169,R-48826-PVWMP,2.77,https://canodiy.es/mara-70/2433-R+48826+PVWMP.html
HILOS,Mara 70,mara-70,BOBINA HILO BEIG CRUDO MARA 70 700 MTS. C/ 0802,R-43647-OKUP1,2.77,https://canodiy.es/mara-70/8851-R+43647+OKUP1.html
HILOS,Mara 70,mara-70,BOBINA HILO BEIG MARA 70 700 MTS. C/ 0006,R-43648-LOBYR,2.77,https://canodiy.es/mara-70/2293-R+43648+LOBYR.html
HILOS,Mara 70,mara-70,BOBINA HILO BEIG MARA 70 700 MTS. C/ 0131,R-43666-NX0DK,2.77,https://canodiy.es/mara-70/2393-R+43666+NX0DK.html
HILOS,Mara 70,mara-70,BOBINA HILO BEIG MARA 70 700 MTS. C/ 0198,R-48826-YG8JW,2.77,https://canodiy.es/mara-70/2506-R+48826+YG8JW.html
HILOS,Mara 70,mara-70,BOBINA HILO BEIG MARA 70 700 MTS. C/ 0263,R-48826-78I9E,2.77,https://canodiy.es/mara-70/2586-R+48826+78I9E.html
HILOS,Mara 70,mara-70,BOBINA HILO BEIG MARA 70 700 MTS. C/ 0265,R-48826-KMZG7,2.77,https://canodiy.es/mara-70/2590-R+48826+KMZG7.html
HILOS,Mara 70,mara-70,BOBINA HILO BEIG MARA 70 700 MTS. C/ 9444,R-43647-J5E08,2.77,https://canodiy.es/mara-70/5570-R+43647+J5E08.html
HILOS,Mara 70,mara-70,BOBINA HILO BEIG MARA 70/3 700 MTS. C/ 0186,R-46724,2.77,https://canodiy.es/mara-70/1965-R+46724.html
HILOS,Mara 70,mara-70,BOBINA HILO BEIGE  MARA 70 700 MTS. C/ 0722,R-43647-QQI6M,2.77,https://canodiy.es/mara-70/6557-R+43647+QQI6M.html
HILOS,Mara 70,mara-70,BOBINA HILO BEIGE CLARO MARA 70 700 MTS. C/ 3791,R-43647-HOYO1,2.77,https://canodiy.es/mara-70/8345-R+43647+HOYO1.html
HILOS,Mara 70,mara-70,BOBINA HILO BEIGE MARA 70 700 MTS. C/ 0050,R-43666-TJHJO,2.77,https://canodiy.es/mara-70/2333-R+43666+TJHJO.html
HILOS,Mara 70,mara-70,BOBINA HILO BEIGE MARA 70 700 MTS. C/ 0464,R-43647-G9O4N,2.77,https://canodiy.es/mara-70/7231-R+43647+G9O4N.html
HILOS,Mara 70,mara-70,BOBINA HILO BEIGE MARA 70 700 MTS. C/ 2827,R-43647-VF9L2,2.77,https://canodiy.es/mara-70/7748-R+43647+VF9L2.html
HILOS,Mara 70,mara-70,BOBINA HILO BEIGE MARA 70 700 MTS. C/ 3964,R-43647-PRCYK,2.77,https://canodiy.es/mara-70/8347-R+43647+PRCYK.html
HILOS,Mara 70,mara-70,BOBINA HILO BEIGE MARA 70/3 700 MTS. C/ 0170,R-48826-KCRAQ,2.77,https://canodiy.es/mara-70/2435-R+48826+KCRAQ.html
HILOS,Mara 70,mara-70,BOBINA HILO BEIGE MARA 70/3 700 MTS. C/ 0249,R-48826-QVNWZ,2.77,https://canodiy.es/mara-70/2568-R+48826+QVNWZ.html
HILOS,Mara 70,mara-70,BOBINA HILO BLANCO MARA 70 700 MTS. C/ 0800,R-43700,2.32,https://canodiy.es/mara-70/714-R+43700-9999999023200.html
HILOS,Mara 70,mara-70,BOBINA HILO BLANCO ROTO MARA 70 700 MTS. C/ 0001,R-43648,2.77,https://canodiy.es/mara-70/693-R+43648.html
HILOS,Mara 70,mara-70,BOBINA HILO BLANCO ROTO MARA 70 700 MTS. C/ 0111,R-43666-KLV0P,2.32,https://canodiy.es/mara-70/2379-R+43666+KLV0P.html
HILOS,Mara 70,mara-70,BOBINA HILO BLANCO ROTO MARA 70 700 MTS. C/ 3796,R-46722,2.77,https://canodiy.es/mara-70/1964-R+46722.html
HILOS,Mara 70,mara-70,BOBINA HILO GRIS  MARA 70 700 MTS. C/ 5618,R-43647-LKJAY,2.77,https://canodiy.es/mara-70/6211-R+43647+LKJAY.html
HILOS,Mara 70,mara-70,BOBINA HILO GRIS CLARO MARA 70 700 MTS. C/ 0008,R-43666-VILMS,2.77,https://canodiy.es/mara-70/2297-R+43666+VILMS.html
HILOS,Mara 70,mara-70,BOBINA HILO GRIS CLARO MARA 70 700 MTS. C/ 0299,R-48826-TZEFF,2.77,https://canodiy.es/mara-70/2626-R+48826+TZEFF.html
HILOS,Mara 70,mara-70,BOBINA HILO GRIS CLARO MARA 70 700 MTS. C/ 1889,R-43647-G9HRY,2.77,https://canodiy.es/mara-70/8662-R+43647+G9HRY.html
HILOS,Mara 70,mara-70,BOBINA HILO GRIS CLARO MARA 70 700 MTS. C/ 2826,R-43648-LAPZD,2.77,https://canodiy.es/mara-70/6787-R+43648+LAPZD.html
HILOS,Mara 70,mara-70,BOBINA HILO GRIS CLARO MARA 70 700 MTS. C/ 8102,R-43647-1MWDJ,2.77,https://canodiy.es/mara-70/8769-R+43647+1MWDJ.html
HILOS,Mara 70,mara-70,BOBINA HILO GRIS MARA 70 700 MTS. C/ 0035,R-43666-SD7PO,2.77,https://canodiy.es/mara-70/2323-R+43666+SD7PO.html
HILOS,Mara 70,mara-70,BOBINA HILO GRIS MARA 70 700 MTS. C/ 0036,R-43666-MQJIQ,2.77,https://canodiy.es/mara-70/2325-R+43666+MQJIQ.html
HILOS,Mara 70,mara-70,BOBINA HILO GRIS MARA 70 700 MTS. C/ 0038,R-43649,2.77,https://canodiy.es/mara-70/694-R+43649.html
HILOS,Mara 70,mara-70,BOBINA HILO GRIS MARA 70 700 MTS. C/ 0040,R-43666-UASLH,2.77,https://canodiy.es/mara-70/2329-R+43666+UASLH.html
HILOS,Mara 70,mara-70,BOBINA HILO GRIS MARA 70 700 MTS. C/ 0089,R-43666-DQBP6,2.77,https://canodiy.es/mara-70/2363-R+43666+DQBP6.html
HILOS,Mara 70,mara-70,BOBINA HILO GRIS MARA 70 700 MTS. C/ 0118,R-43666-Y4D4G,2.77,https://canodiy.es/mara-70/2385-R+43666+Y4D4G.html
HILOS,Mara 70,mara-70,BOBINA HILO GRIS MARA 70 700 MTS. C/ 0122,R-43666-RKSJJ,2.77,https://canodiy.es/mara-70/2387-R+43666+RKSJJ.html
HILOS,Mara 70,mara-70,BOBINA HILO GRIS MARA 70 700 MTS. C/ 0132,R-43666-NJIVY,2.77,https://canodiy.es/mara-70/2395-R+43666+NJIVY.html
HILOS,Mara 70,mara-70,BOBINA HILO GRIS MARA 70 700 MTS. C/ 0493,R-43647-U0IX2,2.77,https://canodiy.es/mara-70/7057-R+43647+U0IX2.html
HILOS,Mara 70,mara-70,BOBINA HILO GRIS MARA 70 700 MTS. C/ 0496,R-43647-8LTU6,2.77,https://canodiy.es/mara-70/6303-R+43647+8LTU6.html
HILOS,Mara 70,mara-70,BOBINA HILO GRIS MARA 70 700 MTS. C/ 0497,R-43647-3VYYI,2.77,https://canodiy.es/mara-70/8775-R+43647+3VYYI.html
HILOS,Mara 70,mara-70,BOBINA HILO GRIS MARA 70 700 MTS. C/ 0634,R-43647-Y6P11,2.77,https://canodiy.es/mara-70/7206-R+43647+Y6P11.html
HILOS,Mara 70,mara-70,BOBINA HILO GRIS MARA 70 700 MTS. C/ 0701,R-43696,2.77,https://canodiy.es/mara-70/711-R+43696.html
HILOS,Mara 70,mara-70,BOBINA HILO GRIS MARA 70 700 MTS. C/ 0702,R-43647-IXY6E,2.77,https://canodiy.es/mara-70/6118-R+43647+IXY6E.html
HILOS,Mara 70,mara-70,BOBINA HILO GRIS MARA 70 700 MTS. C/ 0727,R-43647-6MSVF,2.77,https://canodiy.es/mara-70/4858-R+43647+6MSVF.html
HILOS,Mara 70,mara-70,BOBINA HILO GRIS MARA 70 700 MTS. C/ 0854,R-43647-FLQ2J,2.52,https://canodiy.es/mara-70/9045-R+43647+FLQ2J.html
HILOS,Mara 70,mara-70,BOBINA HILO GRIS MARA 70 700 MTS. C/ 3454,R-43647-ITSQK,2.77,https://canodiy.es/mara-70/8785-R+43647+ITSQK.html
HILOS,Mara 70,mara-70,BOBINA HILO GRIS OSCURO MARA 70 700 MTS. C/ 0093,R-43666-VSLFA,2.77,https://canodiy.es/mara-70/2365-R+43666+VSLFA.html
HILOS,Mara 70,mara-70,BOBINA HILO GRIS OSCURO MARA 70 700 MTS. C/ 0141,R-43666-RG9ZN,2.77,https://canodiy.es/mara-70/2408-R+43666+RG9ZN.html
HILOS,Mara 70,mara-70,BOBINA HILO GRIS OSCURO MARA 70 700 MTS. C/ 0164,R-48826-SSLKT-1LLFY,2.77,https://canodiy.es/mara-70/2427-R+48826+SSLKT+1LLFY.html
HILOS,Mara 70,mara-70,BOBINA HILO GRIS OSCURO MARA 70 700 MTS. C/ 0190,R-48826-QTKIM,2.77,https://canodiy.es/mara-70/2455-R+48826+QTKIM.html
HILOS,Mara 70,mara-70,BOBINA HILO LILA MARA 70 700 MTS. C/ 3889,R-43647-48QYO,2.77,https://canodiy.es/mara-70/8773-R+43647+48QYO.html
HILOS,Mara 70,mara-70,BOBINA HILO LILA MARA 70/3 700 MTS. C/ 0656,R-43694,2.77,https://canodiy.es/mara-70/709-R+43694.html
HILOS,Mara 70,mara-70,BOBINA HILO MARRON MARA 70 700 MTS. C/ 0694,R-43647-76DY2,2.77,https://canodiy.es/mara-70/9694-R+43647+76DY2.html
HILOS,Mara 70,mara-70,BOBINA HILO MARRÓM MARA 70 700 MTS. C/ 0850,R-43647-IQIPK,2.77,https://canodiy.es/mara-70/9197-R+43647+IQIPK.html
HILOS,Mara 70,mara-70,BOBINA HILO MARRÓN  MARA 70 700 MTS. C/ 0179,R-48826-SBOKL,2.77,https://canodiy.es/mara-70/2449-R+48826+SBOKL.html
HILOS,Mara 70,mara-70,BOBINA HILO MARRÓN 70 700 MTS. C/ 0230,R-48826-WNWKA,2.77,https://canodiy.es/mara-70/2551-R+48826+WNWKA.html
HILOS,Mara 70,mara-70,BOBINA HILO MARRÓN CAOBA 70/3 700 MTS. C/ 0227,R-48826-YEERJ,2.77,https://canodiy.es/mara-70/2549-R+48826+YEERJ.html
HILOS,Mara 70,mara-70,BOBINA HILO MARRÓN CAOBA MARA 70 700 MTS. C/ 0448,R-43647-OFDBB,2.77,https://canodiy.es/mara-70/5313-R+43647+OFDBB.html
HILOS,Mara 70,mara-70,BOBINA HILO MARRÓN CAOBA MARA 70 700 MTS. C/ 0649,R-43647-XBSKH,2.77,https://canodiy.es/mara-70/7235-R+43647+XBSKH.html
HILOS,Mara 70,mara-70,BOBINA HILO MARRÓN CAOBA MARA 70 700 MTS. C/ 0650,R-43693,2.77,https://canodiy.es/mara-70/708-R+43693.html
HILOS,Mara 70,mara-70,BOBINA HILO MARRÓN CAOBA MARA 70 700 MTS. C/ 0934,R-43647-ADU0X,2.77,https://canodiy.es/mara-70/7059-R+43647+ADU0X.html
HILOS,Mara 70,mara-70,BOBINA HILO MARRÓN CLARO 70 700 MTS. C/ 0215,R-48826-HN4SE,2.77,https://canodiy.es/mara-70/2533-R+48826+HN4SE.html
HILOS,Mara 70,mara-70,BOBINA HILO MARRÓN MARA 70 700 MTS. C/ 0019,R-43666-ABWCA,2.77,https://canodiy.es/mara-70/2309-R+43666+ABWCA.html
HILOS,Mara 70,mara-70,BOBINA HILO MARRÓN MARA 70 700 MTS. C/ 0021,R-43666-EWYJS,2.77,https://canodiy.es/mara-70/2311-R+43666+EWYJS.html
HILOS,Mara 70,mara-70,BOBINA HILO MARRÓN MARA 70 700 MTS. C/ 0023,R-43666-BUNPN,2.77,https://canodiy.es/mara-70/2315-R+43666+BUNPN.html
HILOS,Mara 70,mara-70,BOBINA HILO MARRÓN MARA 70 700 MTS. C/ 0124,R-43666-4RINX,2.77,https://canodiy.es/mara-70/2389-R+43666+4RINX.html
HILOS,Mara 70,mara-70,BOBINA HILO MARRÓN MARA 70 700 MTS. C/ 0139,R-43666-NLSTM,2.77,https://canodiy.es/mara-70/2397-R+43666+NLSTM.html
HILOS,Mara 70,mara-70,BOBINA HILO MARRÓN MARA 70 700 MTS. C/ 0160,R-48826-0EDBU,2.77,https://canodiy.es/mara-70/2423-R+48826+0EDBU.html
HILOS,Mara 70,mara-70,BOBINA HILO MARRÓN MARA 70 700 MTS. C/ 0172,R-48826-FRKBF,2.77,https://canodiy.es/mara-70/2438-R+48826+FRKBF.html
HILOS,Mara 70,mara-70,BOBINA HILO MARRÓN MARA 70 700 MTS. C/ 0180,R-48826-CGBXT,2.77,https://canodiy.es/mara-70/2451-R+48826+CGBXT.html
HILOS,Mara 70,mara-70,BOBINA HILO MARRÓN MARA 70 700 MTS. C/ 0208,R-48826-9O4KW,2.77,https://canodiy.es/mara-70/2516-R+48826+9O4KW.html
HILOS,Mara 70,mara-70,BOBINA HILO MARRÓN MARA 70 700 MTS. C/ 0209,R-48826-TUJGG,2.77,https://canodiy.es/mara-70/2518-R+48826+TUJGG.html
HILOS,Mara 70,mara-70,BOBINA HILO MARRÓN MARA 70 700 MTS. C/ 0216,R-48826-WBRID,2.77,https://canodiy.es/mara-70/2535-R+48826+WBRID.html
HILOS,Mara 70,mara-70,BOBINA HILO MARRÓN MARA 70 700 MTS. C/ 0222,R-48826-YJOQ6,2.77,https://canodiy.es/mara-70/2541-R+48826+YJOQ6.html
HILOS,Mara 70,mara-70,BOBINA HILO MARRÓN MARA 70 700 MTS. C/ 0252,R-48826-O3FXE,2.77,https://canodiy.es/mara-70/2572-R+48826+O3FXE.html
HILOS,Mara 70,mara-70,BOBINA HILO MARRÓN MARA 70 700 MTS. C/ 0264,R-48826-U5EIO,2.77,https://canodiy.es/mara-70/2588-R+48826+U5EIO.html
HILOS,Mara 70,mara-70,BOBINA HILO MARRÓN MARA 70 700 MTS. C/ 0280,R-48826-JMU9L,2.77,https://canodiy.es/mara-70/2600-R+48826+JMU9L.html
HILOS,Mara 70,mara-70,BOBINA HILO MARRÓN MARA 70 700 MTS. C/ 0288,R-48826-V9UKC,2.77,https://canodiy.es/mara-70/2616-R+48826+V9UKC.html
HILOS,Mara 70,mara-70,BOBINA HILO MARRÓN MARA 70 700 MTS. C/ 0289,R-48826-BBZE8,2.77,https://canodiy.es/mara-70/2618-R+48826+BBZE8.html
HILOS,Mara 70,mara-70,BOBINA HILO MARRÓN MARA 70 700 MTS. C/ 0308,R-48826-HUJAA,2.77,https://canodiy.es/mara-70/2637-R+48826+HUJAA.html
HILOS,Mara 70,mara-70,BOBINA HILO MARRÓN MARA 70 700 MTS. C/ 0439,R-43690,2.77,https://canodiy.es/mara-70/803-R+43690.html
HILOS,Mara 70,mara-70,BOBINA HILO MARRÓN MARA 70 700 MTS. C/ 0444,R-43647-KVNDD,2.77,https://canodiy.es/mara-70/6138-R+43647+KVNDD.html
HILOS,Mara 70,mara-70,BOBINA HILO MARRÓN MARA 70 700 MTS. C/ 0453,R-43647-N2EU0,2.77,https://canodiy.es/mara-70/6898-R+43647+N2EU0.html
HILOS,Mara 70,mara-70,BOBINA HILO MARRÓN MARA 70 700 MTS. C/ 0454,R-43647-QZCK6,2.77,https://canodiy.es/mara-70/6136-R+43647+QZCK6.html
HILOS,Mara 70,mara-70,BOBINA HILO MARRÓN MARA 70 700 MTS. C/ 0467,R-43647-LN4KF,2.77,https://canodiy.es/mara-70/4988-R+43647+LN4KF.html
HILOS,Mara 70,mara-70,BOBINA HILO MARRÓN MARA 70 700 MTS. C/ 0682,R-43647-3FDJK,2.77,https://canodiy.es/mara-70/7744-R+43647+3FDJK.html
HILOS,Mara 70,mara-70,BOBINA HILO MARRÓN MARA 70 700 MTS. C/ 0724,R-43699,2.77,https://canodiy.es/mara-70/713-R+43699.html
HILOS,Mara 70,mara-70,BOBINA HILO MARRÓN MARA 70 700 MTS. C/ 0767,R-43647-UKMWS,2.77,https://canodiy.es/mara-70/8200-R+43647+UKMWS.html
HILOS,Mara 70,mara-70,BOBINA HILO MARRÓN MARA 70 700 MTS. C/ 0868,R-43647-TVWDS,2.77,https://canodiy.es/mara-70/8349-R+43647+TVWDS.html
HILOS,Mara 70,mara-70,BOBINA HILO MARRÓN MARA 70 700 MTS. C/ 0887,R-43647-AIIRA,2.77,https://canodiy.es/mara-70/8877-R+43647+AIIRA.html
HILOS,Mara 70,mara-70,BOBINA HILO MARRÓN MARA 70/3 700 MTS. C/ 0199,R-48826-OF02R,2.77,https://canodiy.es/mara-70/2508-R+48826+OF02R.html
HILOS,Mara 70,mara-70,BOBINA HILO MARRÓN MARA 70/3 700 MTS. C/ 0241,R-48826-RVQWQ,2.77,https://canodiy.es/mara-70/2561-R+48826+RVQWQ.html
HILOS,Mara 70,mara-70,BOBINA HILO MARRÓN OSCURO MARA 70 700 MTS. C/ 0175,R-48826-6ZCQE,2.77,https://canodiy.es/mara-70/2442-R+48826+6ZCQE.html
HILOS,Mara 70,mara-70,BOBINA HILO MARRÓN OSCURO MARA 70 700 MTS. C/ 0696,R-43695,2.77,https://canodiy.es/mara-70/710-R+43695.html
HILOS,Mara 70,mara-70,BOBINA HILO MARRÓN OSCURO MARA 70 700 MTS. C/ 0697,R-43647-UZBA7,2.77,https://canodiy.es/mara-70/7552-R+43647+UZBA7.html
HILOS,Mara 70,mara-70,BOBINA HILO MARRÓN OSCURO MARA 70 700 MTS. C/ 3927,R-43647-Z6D9R,2.77,https://canodiy.es/mara-70/6120-R+43647+Z6D9R.html
HILOS,Mara 70,mara-70,BOBINA HILO MORADO 70 700 MTS. C/ 0373,R-48826-TEDZH,2.77,https://canodiy.es/mara-70/2683-R+48826+TEDZH.html
HILOS,Mara 70,mara-70,BOBINA HILO MORADO LILA MARA 70 700 MTS. C/ 3904,R-43647-JVMEI,2.77,https://canodiy.es/mara-70/7172-R+43647+JVMEI.html
HILOS,Mara 70,mara-70,BOBINA HILO MORADO MALVA MARA 70 700 MTS. C/ 0202,R-48826-KXWZ5,2.77,https://canodiy.es/mara-70/2510-R+48826+KXWZ5.html
HILOS,Mara 70,mara-70,BOBINA HILO MORADO MALVA MARA 70 700 MTS. C/ 0442,R-48826,2.77,https://canodiy.es/mara-70/2406-R+48826.html
HILOS,Mara 70,mara-70,BOBINA HILO MORADO MARA 70 700 MTS. C/ 0086,R-43666-5NU82,2.77,https://canodiy.es/mara-70/2361-R+43666+5NU82.html
HILOS,Mara 70,mara-70,BOBINA HILO MORADO MARA 70 700 MTS. C/ 0108,R-43666-EUU2K,2.77,https://canodiy.es/mara-70/2377-R+43666+EUU2K.html
HILOS,Mara 70,mara-70,BOBINA HILO MORADO MARA 70 700 MTS. C/ 0158,R-48826-PIDKA,2.77,https://canodiy.es/mara-70/2421-R+48826+PIDKA.html
HILOS,Mara 70,mara-70,BOBINA HILO MORADO MARA 70 700 MTS. C/ 0203,R-48826-9AOS2,2.77,https://canodiy.es/mara-70/2512-R+48826+9AOS2.html
HILOS,Mara 70,mara-70,BOBINA HILO MORADO MARA 70 700 MTS. C/ 0257,R-48826-RYBA1,2.77,https://canodiy.es/mara-70/2576-R+48826+RYBA1.html
HILOS,Mara 70,mara-70,BOBINA HILO MORADO MARA 70 700 MTS. C/ 0259,R-48826-IXW9P,2.77,https://canodiy.es/mara-70/2580-R+48826+IXW9P.html
HILOS,Mara 70,mara-70,BOBINA HILO MORADO MARA 70 700 MTS. C/ 0291,R-48826-VQJVO,2.77,https://canodiy.es/mara-70/2620-R+48826+VQJVO.html
HILOS,Mara 70,mara-70,BOBINA HILO MORADO MARA 70 700 MTS. C/ 0391,R-48826-OXQGG,2.77,https://canodiy.es/mara-70/2699-R+48826+OXQGG.html
HILOS,Mara 70,mara-70,BOBINA HILO MORADO MARA 70 700 MTS. C/ 0392,R-48826-ACRU4,2.77,https://canodiy.es/mara-70/2701-R+48826+ACRU4.html
HILOS,Mara 70,mara-70,BOBINA HILO MORADO MARA 70 700 MTS. C/ 0716,R-43698,2.77,https://canodiy.es/mara-70/712-R+43698.html
HILOS,Mara 70,mara-70,BOBINA HILO MORADO MARA 70 700 MTS. C/ 0810,R-43647-APFWO,2.77,https://canodiy.es/mara-70/8783-R+43647+APFWO.html
HILOS,Mara 70,mara-70,BOBINA HILO MORADO MARA 70 700 MTS. C/ 0912,R-43647-TVSXO,2.77,https://canodiy.es/mara-70/9459-R+43647+TVSXO.html
HILOS,Mara 70,mara-70,BOBINA HILO MORADO OSCURO MARA 70 700 MTS. C/ 0032,R-43666-67F6I,2.77,https://canodiy.es/mara-70/2321-R+43666+67F6I.html
HILOS,Mara 70,mara-70,BOBINA HILO MORADO OSCURO MARA 70 700 MTS. C/ 0130,R-43666-GNVN9,2.77,https://canodiy.es/mara-70/2391-R+43666+GNVN9.html
HILOS,Mara 70,mara-70,BOBINA HILO MORADO OSCURO MARA 70 700 MTS. C/ 0324,R-48826-AN9KR,2.77,https://canodiy.es/mara-70/2652-R+48826+AN9KR.html
HILOS,Mara 70,mara-70,BOBINA HILO MORADO OSCURO MARA 70 700 MTS. C/ 3808,R-43647-19MTF,2.77,https://canodiy.es/mara-70/4996-R+43647+19MTF.html
HILOS,Mara 70,mara-70,BOBINA HILO NARANJA 70 700 MTS. C/ 0300,R-48826-ZYBOA,2.77,https://canodiy.es/mara-70/2628-R+48826+ZYBOA.html
HILOS,Mara 70,mara-70,BOBINA HILO NARANJA FLUOR MARA 70 700 MTS. C/ 3871,R-43703,2.77,https://canodiy.es/mara-70/717-R+43703.html
HILOS,Mara 70,mara-70,BOBINA HILO NARANJA MARA 70 700 MTS. C/ 0114,R-43666-E4L1R,2.77,https://canodiy.es/mara-70/2383-R+43666+E4L1R.html
HILOS,Mara 70,mara-70,BOBINA HILO NARANJA MARA 70 700 MTS. C/ 0155,R-48826-UPFPB,2.77,https://canodiy.es/mara-70/2419-R+48826+UPFPB.html
HILOS,Mara 70,mara-70,BOBINA HILO NARANJA MARA 70 700 MTS. C/ 0188,R-43657,2.77,https://canodiy.es/mara-70/699-R+43657.html
HILOS,Mara 70,mara-70,BOBINA HILO NARANJA MARA 70 700 MTS. C/ 0251,R-48826-KJI6S,2.77,https://canodiy.es/mara-70/2570-R+48826+KJI6S.html
HILOS,Mara 70,mara-70,BOBINA HILO NARANJA MARA 70 700 MTS. C/ 0285,R-48826-BJSEI,2.77,https://canodiy.es/mara-70/2612-R+48826+BJSEI.html
HILOS,Mara 70,mara-70,BOBINA HILO NARANJA MARA 70 700 MTS. C/ 0350,R-48826-2VPBI,2.77,https://canodiy.es/mara-70/2668-R+48826+2VPBI.html
HILOS,Mara 70,mara-70,BOBINA HILO NARANJA MARA 70 700 MTS. C/ 0351,R-43665,2.77,https://canodiy.es/mara-70/705-R+43665.html
HILOS,Mara 70,mara-70,BOBINA HILO NARANJA MARA 70 700 MTS. C/ 0362,R-48826-0TFAJ,2.77,https://canodiy.es/mara-70/2670-R+48826+0TFAJ.html
HILOS,Mara 70,mara-70,BOBINA HILO NARANJA MARA 70 700 MTS. C/ 0982,R-43647-PN6FQ,2.77,https://canodiy.es/mara-70/9453-R+43647+PN6FQ.html
HILOS,Mara 70,mara-70,BOBINA HILO NEGRO MARA 70 700 MTS. C/ 0000,R-43647,2.77,https://canodiy.es/mara-70/692-R+43647.html
HILOS,Mara 70,mara-70,BOBINA HILO NEGRO MARA 70 700 MTS. C/ 0799,R-43647-CN7D4,2.77,https://canodiy.es/mara-70/7746-R+43647+CN7D4.html
HILOS,Mara 70,mara-70,BOBINA HILO NEGRO MARA 70/3 700 MTS. C/ 0163,R-48826-SSLKT,2.77,https://canodiy.es/mara-70/2425-R+48826+SSLKT.html
HILOS,Mara 70,mara-70,BOBINA HILO ROJO BURDEOS 70 700 MTS. C/ 0221,R-48826-UYYNL,2.77,https://canodiy.es/mara-70/2539-R+48826+UYYNL.html
HILOS,Mara 70,mara-70,BOBINA HILO ROJO BURDEOS MARA 70 700 MTS. C/ 0022,R-43666-GYT6P,2.77,https://canodiy.es/mara-70/2313-R+43666+GYT6P.html
HILOS,Mara 70,mara-70,BOBINA HILO ROJO BURDEOS MARA 70 700 MTS. C/ 0174,R-48826-0RCZ9,2.77,https://canodiy.es/mara-70/2440-R+48826+0RCZ9.html
HILOS,Mara 70,mara-70,BOBINA HILO ROJO BURDEOS MARA 70 700 MTS. C/ 0368,R-43647-S9MEA,2.77,https://canodiy.es/mara-70/8781-R+43647+S9MEA.html
HILOS,Mara 70,mara-70,BOBINA HILO ROJO BURDEOS MARA 70 700 MTS. C/ 0369,R-48826-D12TM,2.77,https://canodiy.es/mara-70/2678-R+48826+D12TM.html
HILOS,Mara 70,mara-70,BOBINA HILO ROJO BURDEOS MARA 70 700 MTS. C/ 0375,R-48826-VSLFA,2.77,https://canodiy.es/mara-70/2685-R+48826+VSLFA.html
HILOS,Mara 70,mara-70,BOBINA HILO ROJO BURDEOS MARA 70 700 MTS. C/ 0517,R-43647-TSDTS,2.77,https://canodiy.es/mara-70/8771-R+43647+TSDTS.html
HILOS,Mara 70,mara-70,BOBINA HILO ROJO BURDEOS MARA 70 700 MTS. C/ 5039,R-43647-7VO0E,2.77,https://canodiy.es/mara-70/4986-R+43647+7VO0E.html
HILOS,Mara 70,mara-70,BOBINA HILO ROJO BURDEOS MARA 70 700 MTS. C/ 5515,R-43647-FJOWC,2.77,https://canodiy.es/mara-70/4994-R+43647+FJOWC.html
HILOS,Mara 70,mara-70,BOBINA HILO ROJO BURDEOS MARA 70/3 700 MTS. C/ 0226,R-48826-SAJ0S,2.77,https://canodiy.es/mara-70/2547-R+48826+SAJ0S.html
HILOS,Mara 70,mara-70,BOBINA HILO ROJO CAOBA MARA 70 700 MTS. C/ 0837,R-43647-WLYNK,2.77,https://canodiy.es/mara-70/4860-R+43647+WLYNK.html
HILOS,Mara 70,mara-70,BOBINA HILO ROJO CARMIN MARA 70 700 MTS. C/ 0384,R-48826-JF8DP,2.77,https://canodiy.es/mara-70/2689-R+48826+JF8DP.html
HILOS,Mara 70,mara-70,BOBINA HILO ROJO CORAL MARA 70 700 MTS. C/ 0016,R-43666-DO0EX,2.77,https://canodiy.es/mara-70/2305-R+43666+DO0EX.html
HILOS,Mara 70,mara-70,BOBINA HILO ROJO CORAL MARA 70 700 MTS. C/ 0519,R-43647-GQ80H,2.77,https://canodiy.es/mara-70/9455-R+43647+GQ80H.html
HILOS,Mara 70,mara-70,BOBINA HILO ROJO FLUOR MARA 70 700 MTS. C/ 3722,R-43701,2.77,https://canodiy.es/mara-70/715-R+43701.html
HILOS,Mara 70,mara-70,BOBINA HILO ROJO MARA 70 700 MTS. C/ 0012,R-43666-RVMRK,2.77,https://canodiy.es/mara-70/2301-R+43666+RVMRK.html
HILOS,Mara 70,mara-70,BOBINA HILO ROJO MARA 70 700 MTS. C/ 0026,R-43666-ICTN9,2.77,https://canodiy.es/mara-70/2319-R+43666+ICTN9.html
HILOS,Mara 70,mara-70,BOBINA HILO ROJO MARA 70 700 MTS. C/ 0046,R-48826-IVX6J,2.77,https://canodiy.es/mara-70/2411-R+48826+IVX6J.html
HILOS,Mara 70,mara-70,BOBINA HILO ROJO MARA 70 700 MTS. C/ 0082,R-43666-QSF02,2.77,https://canodiy.es/mara-70/2359-R+43666+QSF02.html
HILOS,Mara 70,mara-70,BOBINA HILO ROJO MARA 70 700 MTS. C/ 0156,R-43654,2.77,https://canodiy.es/mara-70/698-R+43654.html
HILOS,Mara 70,mara-70,BOBINA HILO ROJO MARA 70 700 MTS. C/ 0364,R-48826-AZAF0,2.77,https://canodiy.es/mara-70/2672-R+48826+AZAF0.html
HILOS,Mara 70,mara-70,BOBINA HILO ROJO MARA 70 700 MTS. C/ 0365,R-48826-MSDA7,2.77,https://canodiy.es/mara-70/2674-R+48826+MSDA7.html
HILOS,Mara 70,mara-70,BOBINA HILO ROJO MARA 70 700 MTS. C/ 0367,R-48826-BCUA2,2.77,https://canodiy.es/mara-70/2676-R+48826+BCUA2.html
HILOS,Mara 70,mara-70,BOBINA HILO ROJO MARA 70 700 MTS. C/ 0383,R-48826-QYZXP,2.77,https://canodiy.es/mara-70/2687-R+48826+QYZXP.html
HILOS,Mara 70,mara-70,BOBINA HILO ROJO VINO 70 700 MTS. C/ 0262,R-48826-R2EOH,2.77,https://canodiy.es/mara-70/2584-R+48826+R2EOH.html
HILOS,Mara 70,mara-70,BOBINA HILO ROSA CLARO MARA 70 700 MTS. C/ 0096,R-43666-QAX68,2.77,https://canodiy.es/mara-70/2369-R+43666+QAX68.html
HILOS,Mara 70,mara-70,BOBINA HILO ROSA CLARO MARA 70 700 MTS. C/ 0165,R-48826-1Q1RR,2.77,https://canodiy.es/mara-70/2429-R+48826+1Q1RR.html
HILOS,Mara 70,mara-70,BOBINA HILO ROSA CLARO MARA 70 700 MTS. C/ 0210,R-48826-LZY6B,2.77,https://canodiy.es/mara-70/2520-R+48826+LZY6B.html
HILOS,Mara 70,mara-70,BOBINA HILO ROSA CLARO MARA 70 700 MTS. C/ 2037,R-43647-PBRXY,2.77,https://canodiy.es/mara-70/8787-R+43647+PBRXY.html
HILOS,Mara 70,mara-70,BOBINA HILO ROSA FUCSIA MARA 70 700 MTS. C/ 0382,R-43667,2.77,https://canodiy.es/mara-70/707-R+43667.html
HILOS,Mara 70,mara-70,BOBINA HILO ROSA FUXIA MARA 70 700 MTS. C/ 0321,R-48826-27HCS,2.77,https://canodiy.es/mara-70/2648-R+48826+27HCS.html
HILOS,Mara 70,mara-70,BOBINA HILO ROSA FUXIA MARA 70 700 MTS. C/ 0624,R-43647-IHOIO,2.77,https://canodiy.es/mara-70/7483-R+43647+IHOIO.html
HILOS,Mara 70,mara-70,BOBINA HILO ROSA FUXIA MARA 70 700 MTS. C/ 0718,R-43647-50V8V,2.77,https://canodiy.es/mara-70/5809-R+43647+50V8V.html
HILOS,Mara 70,mara-70,BOBINA HILO ROSA MARA 70 700 MTS. C/ 0079,R-43666-AGFH5,2.77,https://canodiy.es/mara-70/2355-R+43666+AGFH5.html
HILOS,Mara 70,mara-70,BOBINA HILO ROSA MARA 70 700 MTS. C/ 0080,R-43666-ZURGV,2.77,https://canodiy.es/mara-70/2357-R+43666+ZURGV.html
HILOS,Mara 70,mara-70,BOBINA HILO ROSA MARA 70 700 MTS. C/ 0211,R-48826-CSKKE,2.77,https://canodiy.es/mara-70/2522-R+48826+CSKKE.html
HILOS,Mara 70,mara-70,BOBINA HILO ROSA MARA 70 700 MTS. C/ 0320,R-48826-AXXNA,2.77,https://canodiy.es/mara-70/2646-R+48826+AXXNA.html
HILOS,Mara 70,mara-70,BOBINA HILO ROSA MARA 70 700 MTS. C/ 0372,R-48826-3LLEU,2.77,https://canodiy.es/mara-70/2680-R+48826+3LLEU.html
HILOS,Mara 70,mara-70,BOBINA HILO ROSA MARA 70 700 MTS. C/ 0473,R-46720,2.77,https://canodiy.es/mara-70/1962-R+46720.html
HILOS,Mara 70,mara-70,BOBINA HILO ROSA MARA 70 700 MTS. C/ 0474,R-43647-LXVXY,2.77,https://canodiy.es/mara-70/4982-R+43647+LXVXY.html
HILOS,Mara 70,mara-70,BOBINA HILO ROSA MARA 70 700 MTS. C/ 0568,R-43647-WJJKQ,2.77,https://canodiy.es/mara-70/4984-R+43647+WJJKQ.html
HILOS,Mara 70,mara-70,BOBINA HILO ROSA MARA 70 700 MTS. C/ 0660,R-43648-7LUYJ,2.77,https://canodiy.es/mara-70/6803-R+43648+7LUYJ.html
HILOS,Mara 70,mara-70,BOBINA HILO ROSA MARA 70 700 MTS. C/ 0663,R-43648-UPHSJ,2.77,https://canodiy.es/mara-70/6802-R+43648+UPHSJ.html
HILOS,Mara 70,mara-70,BOBINA HILO ROSA MARA 70 700 MTS. C/ 0889,R-43647-OQ9QS,2.77,https://canodiy.es/mara-70/4980-R+43647+OQ9QS.html
HILOS,Mara 70,mara-70,BOBINA HILO ROSA MARA 70 700 MTS. C/ 0890,R-43647-KC1WS,2.77,https://canodiy.es/mara-70/9457-R+43647+KC1WS.html
HILOS,Mara 70,mara-70,BOBINA HILO ROSA MARA 70 700 MTS. C/ 2528,R-43647-VOWPT,2.77,https://canodiy.es/mara-70/6210-R+43647+VOWPT.html
HILOS,Mara 70,mara-70,BOBINA HILO ROSA MARA 70 700 MTS. C/ 2557,R-43647-WJHBR,2.77,https://canodiy.es/mara-70/6249-R+43647+WJHBR.html
HILOS,Mara 70,mara-70,BOBINA HILO ROSA MARA 70/3 700 MTS. C/ 0245,R-48826-NDA5Z,2.77,https://canodiy.es/mara-70/2563-R+48826+NDA5Z.html
HILOS,Mara 70,mara-70,BOBINA HILO ROSA OSCURO MARA 70 700 MTS. C/ 0052,R-43666-UGHBW,2.77,https://canodiy.es/mara-70/2335-R+43666+UGHBW.html
HILOS,Mara 70,mara-70,BOBINA HILO ROSA VIOLETA MARA 70/3 700 MTS. C/ 0247,R-43661,2.77,https://canodiy.es/mara-70/701-R+43661.html
HILOS,Mara 70,mara-70,BOBINA HILO VERDE  CLARO MARA 70 700 MTS. C/ 4547,R-43647-AQDUK,2.77,https://canodiy.es/mara-70/5568-R+43647+AQDUK.html
HILOS,Mara 70,mara-70,BOBINA HILO VERDE  MARA 70 700 MTS. C/ 0098,R-43666-EASLY,2.77,https://canodiy.es/mara-70/2371-R+43666+EASLY.html
HILOS,Mara 70,mara-70,BOBINA HILO VERDE  MARA 70 700 MTS. C/ 0152,R-43652,2.77,https://canodiy.es/mara-70/697-R+43652.html
HILOS,Mara 70,mara-70,BOBINA HILO VERDE 70 700 MTS. C/ 0234,R-48826-FUMFL,2.77,https://canodiy.es/mara-70/2555-R+48826+FUMFL.html
HILOS,Mara 70,mara-70,BOBINA HILO VERDE CLARO MARA 70 700 MTS. C/ 0261,R-48826-DWVAV,2.77,https://canodiy.es/mara-70/2582-R+48826+DWVAV.html
HILOS,Mara 70,mara-70,BOBINA HILO VERDE CLARO MARA 70 700 MTS. C/ 0292,R-48826-NVO2C,2.77,https://canodiy.es/mara-70/2622-R+48826+NVO2C.html
HILOS,Mara 70,mara-70,BOBINA HILO VERDE CLARO MARA 70 700 MTS. C/ 0297,R-48826-D6GPU,2.77,https://canodiy.es/mara-70/2624-R+48826+D6GPU.html
HILOS,Mara 70,mara-70,BOBINA HILO VERDE FLUOR MARA 70 700 MTS. C/ 3836,R-43648-XFFX1,2.77,https://canodiy.es/mara-70/6798-R+43648+XFFX1.html
HILOS,Mara 70,mara-70,BOBINA HILO VERDE KAKI MARA 70 700 MTS. C/ 0148,R-48826-6GITI,2.77,https://canodiy.es/mara-70/2413-R+48826+6GITI.html
HILOS,Mara 70,mara-70,BOBINA HILO VERDE KAKI MARA 70 700 MTS. C/ 0258,R-48826-RAX52,2.77,https://canodiy.es/mara-70/2578-R+48826+RAX52.html
HILOS,Mara 70,mara-70,BOBINA HILO VERDE KAKI MARA 70 700 MTS. C/ 0269,R-48826-4IKZV,2.77,https://canodiy.es/mara-70/2592-R+48826+4IKZV.html
HILOS,Mara 70,mara-70,BOBINA HILO VERDE KAKI MARA 70 700 MTS. C/ 0286,R-48826-CHA5H,2.77,https://canodiy.es/mara-70/2614-R+48826+CHA5H.html
HILOS,Mara 70,mara-70,BOBINA HILO VERDE KAKI MARA 70 700 MTS. C/ 0397,R-43647-VO6YF,2.77,https://canodiy.es/mara-70/6896-R+43647+VO6YF.html
HILOS,Mara 70,mara-70,BOBINA HILO VERDE KAKI MARA 70 700 MTS. C/ 0432,R-43668,2.77,https://canodiy.es/mara-70/801-R+43668.html
HILOS,Mara 70,mara-70,BOBINA HILO VERDE KAKI MARA 70 700 MTS. C/ 0676,R-43647-9KK2W-CM40R,2.77,https://canodiy.es/mara-70/4992-R+43647+9KK2W+CM40R.html
HILOS,Mara 70,mara-70,BOBINA HILO VERDE KAKI MARA 70 700 MTS. C/ 0689,R-43647-VVOKJ,2.77,https://canodiy.es/mara-70/8837-R+43647+VVOKJ.html
HILOS,Mara 70,mara-70,BOBINA HILO VERDE MARA 70 700 MTS. C/ 0100,R-43666-FMUIM,2.77,https://canodiy.es/mara-70/2373-R+43666+FMUIM.html
HILOS,Mara 70,mara-70,BOBINA HILO VERDE MARA 70 700 MTS. C/ 0153,R-48826-UZA3P,2.77,https://canodiy.es/mara-70/2415-R+48826+UZA3P.html
HILOS,Mara 70,mara-70,BOBINA HILO VERDE MARA 70 700 MTS. C/ 0154,R-48826-XHH2A,2.77,https://canodiy.es/mara-70/2417-R+48826+XHH2A.html
HILOS,Mara 70,mara-70,BOBINA HILO VERDE MARA 70 700 MTS. C/ 0205,R-48826-EJLU9,2.77,https://canodiy.es/mara-70/2514-R+48826+EJLU9.html
HILOS,Mara 70,mara-70,BOBINA HILO VERDE MARA 70 700 MTS. C/ 0224,R-48826-JZCWJ,2.77,https://canodiy.es/mara-70/2545-R+48826+JZCWJ.html
HILOS,Mara 70,mara-70,BOBINA HILO VERDE MARA 70 700 MTS. C/ 0235,R-48826-TCROT,2.77,https://canodiy.es/mara-70/2557-R+48826+TCROT.html
HILOS,Mara 70,mara-70,BOBINA HILO VERDE MARA 70 700 MTS. C/ 0237,R-43660,2.77,https://canodiy.es/mara-70/700-R+43660.html
HILOS,Mara 70,mara-70,BOBINA HILO VERDE MARA 70 700 MTS. C/ 0239,R-48826-PDB83,2.77,https://canodiy.es/mara-70/2559-R+48826+PDB83.html
HILOS,Mara 70,mara-70,BOBINA HILO VERDE MARA 70 700 MTS. C/ 0274,R-48826-7UKWM,2.77,https://canodiy.es/mara-70/2594-R+48826+7UKWM.html
HILOS,Mara 70,mara-70,BOBINA HILO VERDE MARA 70 700 MTS. C/ 0283,R-48826-1YYBC,2.77,https://canodiy.es/mara-70/2602-R+48826+1YYBC.html
HILOS,Mara 70,mara-70,BOBINA HILO VERDE MARA 70 700 MTS. C/ 0336,R-48826-Z4HFC,2.77,https://canodiy.es/mara-70/2664-R+48826+Z4HFC.html
HILOS,Mara 70,mara-70,BOBINA HILO VERDE MARA 70 700 MTS. C/ 0340,R-48826-XDUNK,2.77,https://canodiy.es/mara-70/2666-R+48826+XDUNK.html
HILOS,Mara 70,mara-70,BOBINA HILO VERDE MARA 70 700 MTS. C/ 0401,R-43647-GYWCY,2.77,https://canodiy.es/mara-70/7110-R+43647+GYWCY.html
HILOS,Mara 70,mara-70,BOBINA HILO VERDE MARA 70 700 MTS. C/ 0402,R-43647-YE34M,2.77,https://canodiy.es/mara-70/5169-R+43647+YE34M.html
HILOS,Mara 70,mara-70,BOBINA HILO VERDE MARA 70 700 MTS. C/ 0561,R-43647-L9OSM,2.77,https://canodiy.es/mara-70/8755-R+43647+L9OSM.html
HILOS,Mara 70,mara-70,BOBINA HILO VERDE MARA 70 700 MTS. C/ 0821,R-46719,2.77,https://canodiy.es/mara-70/1961-R+46719.html
HILOS,Mara 70,mara-70,BOBINA HILO VERDE MARA 70 700 MTS. C/ 0824,R-43647-F17XX,2.77,https://canodiy.es/mara-70/5003-R+43647+F17XX.html
HILOS,Mara 70,mara-70,BOBINA HILO VERDE MARA 70 700 MTS. C/ 0833,R-43647-I5MTY,2.77,https://canodiy.es/mara-70/9460-R+43647+I5MTY.html
HILOS,Mara 70,mara-70,BOBINA HILO VERDE MARA 70 700 MTS. C/ 0920,R-43647-PLQF6,2.77,https://canodiy.es/mara-70/9143-R+43647+PLQF6.html
HILOS,Mara 70,mara-70,BOBINA HILO VERDE MARA 70 700 MTS. C/ 0931,R-43647-HID1X,2.77,https://canodiy.es/mara-70/7543-R+43647+HID1X.html
HILOS,Mara 70,mara-70,BOBINA HILO VERDE MARA 70 700 MTS. C/ 3924,R-43647-9KK2W,2.77,https://canodiy.es/mara-70/4990-R+43647+9KK2W.html
HILOS,Mara 70,mara-70,BOBINA HILO VERDE MARA 70 700 MTS. C/ 4816,R-43647-GE3BP,2.77,https://canodiy.es/mara-70/6983-R+43647+GE3BP.html
HILOS,Mara 70,mara-70,BOBINA HILO VERDE MARA 70 700 MTS. C/ 5520,R-43647-DJJNL,2.77,https://canodiy.es/mara-70/8777-R+43647+DJJNL.html
HILOS,Mara 70,mara-70,BOBINA HILO VERDE MARA 70 700 MTS. C/ 6482,R-43647-3CRAA,2.77,https://canodiy.es/mara-70/6253-R+43647+3CRAA.html
HILOS,Mara 70,mara-70,BOBINA HILO VERDE MARA 70/3 700 MTS. C/ 0396,R-43666,2.77,https://canodiy.es/mara-70/706-R+43666.html
HILOS,Mara 70,mara-70,BOBINA HILO VERDE OSCURO MARA 70 700 MTS. C/ 0018,R-43666-W7FM1,2.77,https://canodiy.es/mara-70/2307-R+43666+W7FM1.html
HILOS,Mara 70,mara-70,BOBINA HILO VERDE OSCURO MARA 70 700 MTS. C/ 0302,R-48826-AWNZS,2.77,https://canodiy.es/mara-70/2630-R+48826+AWNZS.html
HILOS,Mara 70,mara-70,BOBINA HILO VERDE OSCURO MARA 70 700 MTS. C/ 0304,R-48826-NAV0I,2.77,https://canodiy.es/mara-70/2632-R+48826+NAV0I.html
HILOS,Mara 70,mara-70,BOBINA HILO VERDE OSCURO MARA 70 700 MTS. C/ 0678,R-43647-KX9H3,2.77,https://canodiy.es/mara-70/8779-R+43647+KX9H3.html
HILOS,Mara 70,mara-70,BOBINA HILO VERDE OSCURO MARA 70 700 MTS. C/ 0687,R-43647-WUNFZ,2.77,https://canodiy.es/mara-70/6204-R+43647+WUNFZ.html
HILOS,Mara 70,mara-70,BOBINA HILO VERDE OSCURO MARA 70 700 MTS. C/ 0861,R-43647-FRJZL,2.77,https://canodiy.es/mara-70/6202-R+43647+FRJZL.html
HILOS,Mara 70,mara-70,BOBINA HILO VERDE PISTACHO MARA 70 700 MTS. C/ 0334,R-48826-IOVIN,2.77,https://canodiy.es/mara-70/2662-R+48826+IOVIN.html
HILOS,Mara 70,mara-70,BOBINA HILO VERDE TURQUESA CLARO MARA 70 700 MTS. C/ 0192,R-48826-1BZPJ,2.77,https://canodiy.es/mara-70/2457-R+48826+1BZPJ.html
HILOS,Mara 70,mara-70,BOBINA HILO VERDE TURQUESA MARA 70 700 MTS. C/ 0107,R-43666-YTGQ0,2.77,https://canodiy.es/mara-70/2375-R+43666+YTGQ0.html
HILOS,Mara 70,mara-70,BOBINA HILO VERDE TURQUESA MARA 70 700 MTS. C/ 0189,R-48826-VOVPV,2.77,https://canodiy.es/mara-70/2453-R+48826+VOVPV.html
HILOS,Mara 70,mara-70,BOBINA HILO VERDE TURQUESA MARA 70 700 MTS. C/ 0331,R-48826-DEW5K,2.77,https://canodiy.es/mara-70/2658-R+48826+DEW5K.html
HILOS,Mara 70,mara-70,BOBINA HILO VERDE TURQUESA MARA 70/3 700 MTS. C/ 0167,R-48826-1Q1RR-O2ESW,2.77,https://canodiy.es/mara-70/2431-R+48826+1Q1RR+O2ESW.html
HILOS,Mara 70,mara-70,CONO HILO AMARILLO ANARANJADO MARA 70 2800 MTS. C/ 3929,R-10886,9.9,https://canodiy.es/mara-70/5439-R+10886.html
HILOS,Mara 70,mara-70,CONO HILO AMARILLO ANARANJADO MARA 70 2800 MTS. C/ 9765,R-12297,9.9,https://canodiy.es/mara-70/5453-R+12297.html
HILOS,Mara 70,mara-70,CONO HILO AMARILLO DORADO MARA 70 2800 MTS. C/ 0893,R-2529,9.9,https://canodiy.es/mara-70/5422-R+2529.html
HILOS,Mara 70,mara-70,CONO HILO AZUL CELESTE MARA 70 2800 MTS. C/ 0074,R-2235,9.9,https://canodiy.es/mara-70/5336-R+2235.html
HILOS,Mara 70,mara-70,CONO HILO AZUL CELESTE MARA 70 2800 MTS. C/ 0276,R-2323,9.9,https://canodiy.es/mara-70/724-R+2323-4008015405564.html
HILOS,Mara 70,mara-70,CONO HILO AZUL CLARO MARA 70 2800 MTS. C/ 0194,R-2276,9.9,https://canodiy.es/mara-70/5352-R+2276.html
HILOS,Mara 70,mara-70,CONO HILO AZUL CLARO MARA 70 2800 MTS. C/ 8263,R-16062,9.9,https://canodiy.es/mara-70/5449-R+16062.html
HILOS,Mara 70,mara-70,CONO HILO AZUL MARA 70 2800 MTS. C/ 0037,R-2225,9.9,https://canodiy.es/mara-70/5334-R+2225.html
HILOS,Mara 70,mara-70,CONO HILO AZUL MARA 70 2800 MTS. C/ 0278,R-2324,9.9,https://canodiy.es/mara-70/5362-R+2324.html
HILOS,Mara 70,mara-70,CONO HILO AZUL MARA 70 2800 MTS. C/ 0322,R-2346,9.9,https://canodiy.es/mara-70/5369-R+2346-4008015317911.html
HILOS,Mara 70,mara-70,CONO HILO AZUL MARA 70 2800 MTS. C/ 0482,R-2406,9.9,https://canodiy.es/mara-70/5380-R+2406.html
HILOS,Mara 70,mara-70,CONO HILO AZUL MARA 70 2800 MTS. C/ 2878,R-12069,9.9,https://canodiy.es/mara-70/5436-R+12069.html
HILOS,Mara 70,mara-70,CONO HILO AZUL MARINO MARA 70 2800 MTS. C/ 0011,R-2211,9.9,https://canodiy.es/mara-70/5325-R+2211.html
HILOS,Mara 70,mara-70,CONO HILO AZUL MARINO MARA 70 2800 MTS. C/ 0339,R-2354,9.9,https://canodiy.es/mara-70/725-R+2354-4008015405878.html
HILOS,Mara 70,mara-70,CONO HILO AZUL MARINO MARA 70 2800 MTS. C/ 0487,R-2408,9.9,https://canodiy.es/mara-70/5381-R+2408.html
HILOS,Mara 70,mara-70,CONO HILO AZUL MARINO OSCURO MARA 70 2800 MTS. C/ 0665,R-2464,9.9,https://canodiy.es/mara-70/5398-R+2464.html
HILOS,Mara 70,mara-70,CONO HILO AZUL OSCURO MARA 70 2800 MTS. C/ 0013,R-2213,9.9,https://canodiy.es/mara-70/5327-R+2213.html
HILOS,Mara 70,mara-70,CONO HILO AZUL OSCURO MARA 70 2800 MTS. C/ 0312,R-2342,9.9,https://canodiy.es/mara-70/5366-R+2342-4008015405762.html
HILOS,Mara 70,mara-70,CONO HILO AZUL OSCURO MARA 70 2800 MTS. C/ 1341,R-21944,9.9,https://canodiy.es/mara-70/5428-R+21944.html
HILOS,Mara 70,mara-70,CONO HILO AZUL OSCURO MARA 70 2800 MTS. C/ 1622,R-23543,9.9,https://canodiy.es/mara-70/5429-R+23543.html
HILOS,Mara 70,mara-70,CONO HILO AZUL TURQUESA OSCURO MARA 70 2800 MTS. C/ 0870,R-2521,9.9,https://canodiy.es/mara-70/5420-R+2521.html
HILOS,Mara 70,mara-70,CONO HILO BEIG CLARO MARA 70 2800 MTS. C/ 0005,R-2207,9.9,https://canodiy.es/mara-70/5323-R+2207.html
HILOS,Mara 70,mara-70,CONO HILO BEIG CLARO MARA 70 2800 MTS. C/ 0169,R-1370,9.9,https://canodiy.es/mara-70/5346-R+1370-4008015404949.html
HILOS,Mara 70,mara-70,CONO HILO BEIG CLARO MARA 70 2800 MTS. C/ 9478,R-12054,9.9,https://canodiy.es/mara-70/5451-R+12054.html
HILOS,Mara 70,mara-70,CONO HILO BEIG CRUDO MARA 70 2800 MTS. C/ 0802,R-40253,9.9,https://canodiy.es/mara-70/5414-R+40253.html
HILOS,Mara 70,mara-70,CONO HILO BEIG MARA 70 2800 MTS. C/ 0186,R-1372,9.9,https://canodiy.es/mara-70/721-R+1372.html
HILOS,Mara 70,mara-70,CONO HILO BEIG MARA 70 2800 MTS. C/ 0464,R-1981,9.9,https://canodiy.es/mara-70/5708-R+1981.html
HILOS,Mara 70,mara-70,CONO HILO BEIG MARA 70 2800 MTS. C/ 0868,R-2519,9.9,https://canodiy.es/mara-70/5419-R+2519.html
HILOS,Mara 70,mara-70,CONO HILO BEIG MARA 70 2800 MTS. C/ 4773,R-54012,9.9,https://canodiy.es/mara-70/5446-R+54012.html
HILOS,Mara 70,mara-70,CONO HILO BEIG OSCURO MARA 70 2800 MTS. C/ 0669,R-2465,9.9,https://canodiy.es/mara-70/5399-R+2465.html
HILOS,Mara 70,mara-70,CONO HILO BEIGE CLARO MARA 70 2800 MTS. C/ 0414,R-2025,9.9,https://canodiy.es/mara-70/5374-R+2025.html
HILOS,Mara 70,mara-70,CONO HILO BEIGE MARA 70 2800 MTS. C/ 0170,R-2266,9.9,https://canodiy.es/mara-70/5347-R+2266.html
HILOS,Mara 70,mara-70,CONO HILO BEIGE MARA 70 2800 MTS. C/ 0591,R-2436,9.9,https://canodiy.es/mara-70/5388-R+2436.html
HILOS,Mara 70,mara-70,CONO HILO BEIGE MARA 70 2800 MTS. C/ 0722,R-2487,9.9,https://canodiy.es/mara-70/5410-R+2487.html
HILOS,Mara 70,mara-70,CONO HILO BEIGE MARA 70 2800 MTS. C/ 1218,R-49820,9.9,https://canodiy.es/mara-70/5427-R+49820.html
HILOS,Mara 70,mara-70,CONO HILO BEIGE MARA 70/3 2800 MTS. C/ 0006,R-2208,9.9,https://canodiy.es/mara-70/5324-R+2208.html
HILOS,Mara 70,mara-70,CONO HILO BLANCO MARA 70 2800 MTS. C/ 0800,R-2030,8.43,https://canodiy.es/mara-70/728-R+2030-4008015407315.html
HILOS,Mara 70,mara-70,CONO HILO BLANCO MARA 70 2800 MTS. C/ 4335,R-18762,9.9,https://canodiy.es/mara-70/5444-R+18762.html
HILOS,Mara 70,mara-70,CONO HILO BLANCO MARA 70/3 2800 MTS. C/ 1674,R-53434,9.9,https://canodiy.es/mara-70/5430-R+53434.html
HILOS,Mara 70,mara-70,CONO HILO BLANCO ROTO MARA 70 2800 MTS. C/ 0001,R-2206,9.9,https://canodiy.es/mara-70/5322-R+2206.html
HILOS,Mara 70,mara-70,CONO HILO BLANCO ROTO MARA 70 2800 MTS. C/ 0111,R-2248,8.43,https://canodiy.es/mara-70/5338-R+2248.html
HILOS,Mara 70,mara-70,CONO HILO BURDEOS MARA 70 2800 MTS. C/ 0022,R-2218,9.9,https://canodiy.es/mara-70/5328-R+2218.html
HILOS,Mara 70,mara-70,CONO HILO GRIS CLARO MARA 70 2800 MTS. C/ 0299,R-1912,9.9,https://canodiy.es/mara-70/5365-R+1912-4008015405670.html
HILOS,Mara 70,mara-70,CONO HILO GRIS CLARO MARA 70 2800 MTS. C/ 2826,R-20464,9.9,https://canodiy.es/mara-70/5435-R+20464.html
HILOS,Mara 70,mara-70,CONO HILO GRIS CLARO MARA 70 2800 MTS. C/ 3969,R-22865,9.9,https://canodiy.es/mara-70/5442-R+22865.html
HILOS,Mara 70,mara-70,CONO HILO GRIS CLARO MARA 70 2800 MTS. C/ 4534,R-12055,9.9,https://canodiy.es/mara-70/5445-R+12055.html
HILOS,Mara 70,mara-70,CONO HILO GRIS CLARO MARA 70 2800 MTS. C/ 8607,R-19113,9.9,https://canodiy.es/mara-70/5450-R+19113.html
HILOS,Mara 70,mara-70,CONO HILO GRIS CLARO MARA 70 2800 MTS. C/ 9508,R-20465,9.9,https://canodiy.es/mara-70/5452-R+20465.html
HILOS,Mara 70,mara-70,CONO HILO GRIS MARA 70 2800 MTS. C/ 0035,R-2223,9.9,https://canodiy.es/mara-70/5332-R+2223.html
HILOS,Mara 70,mara-70,CONO HILO GRIS MARA 70 2800 MTS. C/ 0036,R-2224,9.9,https://canodiy.es/mara-70/5333-R+2224.html
HILOS,Mara 70,mara-70,CONO HILO GRIS MARA 70 2800 MTS. C/ 0038,R-1369,9.9,https://canodiy.es/mara-70/719-R+1369.html
HILOS,Mara 70,mara-70,CONO HILO GRIS MARA 70 2800 MTS. C/ 0122,R-20519,9.9,https://canodiy.es/mara-70/5339-R+20519.html
HILOS,Mara 70,mara-70,CONO HILO GRIS MARA 70 2800 MTS. C/ 0132,R-2253,9.9,https://canodiy.es/mara-70/5341-R+2253.html
HILOS,Mara 70,mara-70,CONO HILO GRIS MARA 70 2800 MTS. C/ 0496,R-2412,9.9,https://canodiy.es/mara-70/5382-R+2412.html
HILOS,Mara 70,mara-70,CONO HILO GRIS MARA 70 2800 MTS. C/ 0634,R-41529,9.9,https://canodiy.es/mara-70/5390-R+41529.html
HILOS,Mara 70,mara-70,CONO HILO GRIS MARA 70 2800 MTS. C/ 0636,R-2451,9.9,https://canodiy.es/mara-70/5391-R+2451.html
HILOS,Mara 70,mara-70,CONO HILO GRIS MARA 70 2800 MTS. C/ 0701,R-2480,9.9,https://canodiy.es/mara-70/727-R+2480.html
HILOS,Mara 70,mara-70,CONO HILO GRIS MARA 70 2800 MTS. C/ 0702,R-2481,9.9,https://canodiy.es/mara-70/5408-R+2481.html
HILOS,Mara 70,mara-70,CONO HILO GRIS MARA 70 2800 MTS. C/ 0727,R-2488,9.9,https://canodiy.es/mara-70/5412-R+2488.html
HILOS,Mara 70,mara-70,CONO HILO GRIS MARA 70 2800 MTS. C/ 3454,R-23666,9.9,https://canodiy.es/mara-70/5437-R+23666.html
HILOS,Mara 70,mara-70,CONO HILO GRIS OSCURO MARA 70 2800 MTS. C/ 0141,R-2255,9.9,https://canodiy.es/mara-70/5343-R+2255.html
HILOS,Mara 70,mara-70,CONO HILO LILA MARA 70 2800 MTS. C/ 0656,R-2456,9.9,https://canodiy.es/mara-70/5395-R+2456.html
HILOS,Mara 70,mara-70,CONO HILO MARRÓN  MARA 70 2800 MTS. C/ 0887,R-49036,9.9,https://canodiy.es/mara-70/5421-R+49036.html
HILOS,Mara 70,mara-70,CONO HILO MARRÓN CAOBA HILO MARA 70 2800 MTS. C/ 0448,R-2394,9.9,https://canodiy.es/mara-70/5378-R+2394.html
HILOS,Mara 70,mara-70,CONO HILO MARRÓN CAOBA MARA 70 2800 MTS. C/ 0649,R-2453,9.9,https://canodiy.es/mara-70/5393-R+2453.html
HILOS,Mara 70,mara-70,CONO HILO MARRÓN CAOBA MARA 70 2800 MTS. C/ 0650,R-2454,9.9,https://canodiy.es/mara-70/5394-R+2454.html
HILOS,Mara 70,mara-70,CONO HILO MARRÓN CLARO MARA 30 1200 MTS. C/ 1217,R-20459,10.95,https://canodiy.es/mara-70/5528-R+20459-4008015680060.html
HILOS,Mara 70,mara-70,CONO HILO MARRÓN CLARO MARA 70 2800 MTS. C/ 0139,R-2254,9.9,https://canodiy.es/mara-70/5342-R+2254.html
HILOS,Mara 70,mara-70,CONO HILO MARRÓN CLARO MARA 70 2800 MTS. C/ 0160,R-2261,9.9,https://canodiy.es/mara-70/5345-R+2261.html
HILOS,Mara 70,mara-70,CONO HILO MARRÓN CLARO MARA 70 2800 MTS. C/ 0215,R-2291,9.9,https://canodiy.es/mara-70/5357-R+2291.html
HILOS,Mara 70,mara-70,CONO HILO MARRÓN CLARO MARA 70 2800 MTS. C/ 0422,R-2385,9.9,https://canodiy.es/mara-70/5375-R+2385.html
HILOS,Mara 70,mara-70,CONO HILO MARRÓN CLARO MARA 70 2800 MTS. C/ 1217,R-20482,9.9,https://canodiy.es/mara-70/5426-R+20482.html
HILOS,Mara 70,mara-70,CONO HILO MARRÓN MARA 70 2800 MTS. C/ 0023,R-2219,9.9,https://canodiy.es/mara-70/5329-R+2219.html
HILOS,Mara 70,mara-70,CONO HILO MARRÓN MARA 70 2800 MTS. C/ 0172,R-28306,9.9,https://canodiy.es/mara-70/5348-R+28306.html
HILOS,Mara 70,mara-70,CONO HILO MARRÓN MARA 70 2800 MTS. C/ 0179,R-1371,9.9,https://canodiy.es/mara-70/5349-R+1371.html
HILOS,Mara 70,mara-70,CONO HILO MARRÓN MARA 70 2800 MTS. C/ 0180,R-2270,9.9,https://canodiy.es/mara-70/5350-R+2270.html
HILOS,Mara 70,mara-70,CONO HILO MARRÓN MARA 70 2800 MTS. C/ 0199,R-2281,9.9,https://canodiy.es/mara-70/5353-R+2281.html
HILOS,Mara 70,mara-70,CONO HILO MARRÓN MARA 70 2800 MTS. C/ 0208,R-2285,9.9,https://canodiy.es/mara-70/5354-R+2285.html
HILOS,Mara 70,mara-70,CONO HILO MARRÓN MARA 70 2800 MTS. C/ 0209,R-2286,9.9,https://canodiy.es/mara-70/5355-R+2286.html
HILOS,Mara 70,mara-70,CONO HILO MARRÓN MARA 70 2800 MTS. C/ 0230,R-2300,9.9,https://canodiy.es/mara-70/5358-R+2300-4008015405304.html
HILOS,Mara 70,mara-70,CONO HILO MARRÓN MARA 70 2800 MTS. C/ 0241,R-2306,9.9,https://canodiy.es/mara-70/5360-R+2306.html
HILOS,Mara 70,mara-70,CONO HILO MARRÓN MARA 70 2800 MTS. C/ 0245,R-2307,9.9,https://canodiy.es/mara-70/723-R+2307-4008015405373.html
HILOS,Mara 70,mara-70,CONO HILO MARRÓN MARA 70 2800 MTS. C/ 0289,R-2330,9.9,https://canodiy.es/mara-70/5363-R+2330-4008015405632.html
HILOS,Mara 70,mara-70,CONO HILO MARRÓN MARA 70 2800 MTS. C/ 0406,R-2379,9.9,https://canodiy.es/mara-70/5372-R+2379-4008015406110.html
HILOS,Mara 70,mara-70,CONO HILO MARRÓN MARA 70 2800 MTS. C/ 0428,R-2387,9.9,https://canodiy.es/mara-70/5376-R+2387.html
HILOS,Mara 70,mara-70,CONO HILO MARRÓN MARA 70 2800 MTS. C/ 0439,R-2391,9.9,https://canodiy.es/mara-70/726-R+2391.html
HILOS,Mara 70,mara-70,CONO HILO MARRÓN MARA 70 2800 MTS. C/ 0446,R-2393,9.9,https://canodiy.es/mara-70/5377-R+2393.html
HILOS,Mara 70,mara-70,CONO HILO MARRÓN MARA 70 2800 MTS. C/ 0450,R-2395,9.9,https://canodiy.es/mara-70/5379-R+2395.html
HILOS,Mara 70,mara-70,CONO HILO MARRÓN MARA 70 2800 MTS. C/ 0540,R-2421,9.9,https://canodiy.es/mara-70/5384-R+2421.html
HILOS,Mara 70,mara-70,CONO HILO MARRÓN MARA 70 2800 MTS. C/ 0672,R-2467,9.9,https://canodiy.es/mara-70/5401-R+2467.html
HILOS,Mara 70,mara-70,CONO HILO MARRÓN MARA 70 2800 MTS. C/ 0674,R-2469,9.9,https://canodiy.es/mara-70/5402-R+2469.html
HILOS,Mara 70,mara-70,CONO HILO MARRÓN MARA 70 2800 MTS. C/ 0676,R-2470,9.9,https://canodiy.es/mara-70/5403-R+2470.html
HILOS,Mara 70,mara-70,CONO HILO MARRÓN MARA 70 2800 MTS. C/ 0681,R-2472,9.9,https://canodiy.es/mara-70/5405-R+2472.html
HILOS,Mara 70,mara-70,CONO HILO MARRÓN MARA 70 2800 MTS. C/ 0694,R-2477,9.9,https://canodiy.es/mara-70/5406-R+2477.html
HILOS,Mara 70,mara-70,CONO HILO MARRÓN MARA 70 2800 MTS. C/ 0724,R-2054,9.9,https://canodiy.es/mara-70/5411-R+2054.html
HILOS,Mara 70,mara-70,CONO HILO MARRÓN MARA 70 2800 MTS. C/ 0767,R-2497,9.9,https://canodiy.es/mara-70/5413-R+2497.html
HILOS,Mara 70,mara-70,CONO HILO MARRÓN MARA 70 2800 MTS. C/ 0815,R-2505,9.9,https://canodiy.es/mara-70/5415-R+2505.html
HILOS,Mara 70,mara-70,CONO HILO MARRÓN MARA 70 2800 MTS. C/ 0817,R-2507,9.9,https://canodiy.es/mara-70/5416-R+2507.html
HILOS,Mara 70,mara-70,CONO HILO MARRÓN MARA 70 2800 MTS. C/ 0842,R-2189,9.9,https://canodiy.es/mara-70/5418-R+2189.html
HILOS,Mara 70,mara-70,CONO HILO MARRÓN MARA 70 2800 MTS. C/ 3944,R-21975,9.9,https://canodiy.es/mara-70/5440-R+21975.html
HILOS,Mara 70,mara-70,CONO HILO MARRÓN MARA 70 2800 MTS. C/ 3947,R-8888,9.9,https://canodiy.es/mara-70/5441-R+8888.html
HILOS,Mara 70,mara-70,CONO HILO MARRÓN MARA 70 2800 MTS. C/ 3977,R-24899,9.9,https://canodiy.es/mara-70/5443-R+24899.html
HILOS,Mara 70,mara-70,CONO HILO MARRÓN OSCURO MARA 70 2800 MTS. C/ 0696,R-2478,9.9,https://canodiy.es/mara-70/5407-R+2478.html
HILOS,Mara 70,mara-70,CONO HILO MARRÓN OSCURO MARA 70 2800 MTS. C/ 1213,R-16992,9.9,https://canodiy.es/mara-70/5425-R+16992.html
HILOS,Mara 70,mara-70,CONO HILO MORADO MARA 70 2800 MTS. C/ 0158,R-1988,9.9,https://canodiy.es/mara-70/5344-R+1988.html
HILOS,Mara 70,mara-70,CONO HILO MORADO MARA 70 2800 MTS. C/ 0259,R-2314,9.9,https://canodiy.es/mara-70/5361-R+2314-4008015405472.html
HILOS,Mara 70,mara-70,CONO HILO MORADO MARA 70 2800 MTS. C/ 0575,R-2429,9.9,https://canodiy.es/mara-70/5387-R+2429.html
HILOS,Mara 70,mara-70,CONO HILO MORADO OSCURO MARA 70 2800 MTS. C/ 0032,R-2222,9.9,https://canodiy.es/mara-70/5331-R+2222.html
HILOS,Mara 70,mara-70,CONO HILO MORADO OSCURO MARA 70 2800 MTS. C/ 0130,R-51714,9.9,https://canodiy.es/mara-70/5340-R+51714.html
HILOS,Mara 70,mara-70,CONO HILO MORADO OSCURO MARA 70 2800 MTS. C/ 3808,R-23668,9.9,https://canodiy.es/mara-70/5438-R+23668.html
HILOS,Mara 70,mara-70,CONO HILO NEGRO MARA 70 2800 MTS. C/ 0000,R-1366,9.9,https://canodiy.es/mara-70/718-R+1366.html
HILOS,Mara 70,mara-70,CONO HILO NEGRO MARA 70 2800 MTS. C/ 0999,R-2557,9.9,https://canodiy.es/mara-70/5424-R+2557.html
HILOS,Mara 70,mara-70,CONO HILO NEGRO MARA 70 2800 MTS. C/ 2111,R-13762,9.9,https://canodiy.es/mara-70/5433-R+13762.html
HILOS,Mara 70,mara-70,CONO HILO ROJO BURDEOS MARA 70 2800 MTS. C/ 0369,R-2363,9.9,https://canodiy.es/mara-70/5371-R+2363-4008015405953.html
HILOS,Mara 70,mara-70,CONO HILO ROJO BURDEOS MARA 70 2800 MTS. C/ 5039,R-23807,9.9,https://canodiy.es/mara-70/5447-R+23807.html
HILOS,Mara 70,mara-70,CONO HILO ROJO MARA 70 2800 MTS. C/ 0012,R-2212,9.9,https://canodiy.es/mara-70/5326-R+2212.html
HILOS,Mara 70,mara-70,CONO HILO ROJO MARA 70 2800 MTS. C/ 0026,R-2221,9.9,https://canodiy.es/mara-70/5330-R+2221.html
HILOS,Mara 70,mara-70,CONO HILO ROJO MARA 70 2800 MTS. C/ 0046,R-2227,9.9,https://canodiy.es/mara-70/5335-R+2227.html
HILOS,Mara 70,mara-70,CONO HILO ROJO MARA 70 2800 MTS. C/ 0156,R-2260,9.9,https://canodiy.es/mara-70/720-R+2260.html
HILOS,Mara 70,mara-70,CONO HILO ROJO MARA 70 2800 MTS. C/ 0367,R-2361,9.9,https://canodiy.es/mara-70/5370-R+2361-4008015405939.html
HILOS,Mara 70,mara-70,CONO HILO ROSA CLARO MARA 70 2800 MTS. C/ 0210,R-2287,9.9,https://canodiy.es/mara-70/5356-R+2287.html
HILOS,Mara 70,mara-70,CONO HILO ROSA CLARO MARA 70 2800 MTS. C/ 0600,R-2441,9.9,https://canodiy.es/mara-70/5389-R+2441.html
HILOS,Mara 70,mara-70,CONO HILO ROSA CLARO MARA 70 2800 MTS. C/ 0658,R-2462,9.9,https://canodiy.es/mara-70/5396-R+2462.html
HILOS,Mara 70,mara-70,CONO HILO ROSA CLARO MARA 70 2800 MTS. C/ 2017,R-38400,9.9,https://canodiy.es/mara-70/5431-R+38400.html
HILOS,Mara 70,mara-70,CONO HILO ROSA CLARO MARA 70 2800 MTS. C/ 2037,R-29919,9.9,https://canodiy.es/mara-70/5432-R+29919.html
HILOS,Mara 70,mara-70,CONO HILO ROSA FUXIA MARA 70 2800 MTS. C/ 0321,R-2345,9.9,https://canodiy.es/mara-70/5368-R+2345.html
HILOS,Mara 70,mara-70,CONO HILO ROSA MARA 70 2800 MTS. C/ 0320,R-2344,9.9,https://canodiy.es/mara-70/5367-R+2344-4008015405786.html
HILOS,Mara 70,mara-70,CONO HILO ROSA MARA 70 2800 MTS. C/ 0568,R-2428,9.9,https://canodiy.es/mara-70/5386-R+2428.html
HILOS,Mara 70,mara-70,CONO HILO ROSA MARA 70 2800 MTS. C/ 0659,R-2463,9.9,https://canodiy.es/mara-70/5397-R+2463.html
HILOS,Mara 70,mara-70,CONO HILO ROSA MARA 70 2800 MTS. C/ 0991,R-2556,9.9,https://canodiy.es/mara-70/5423-R+2556.html
HILOS,Mara 70,mara-70,CONO HILO ROSA MARA 70 2800 MTS. C/ 6747,R-18761,9.9,https://canodiy.es/mara-70/5448-R+18761.html
HILOS,Mara 70,mara-70,CONO HILO ROSA MARA 70/3 2800 MTS. C/ 0080,R-2238,9.9,https://canodiy.es/mara-70/5337-R+2238.html
HILOS,Mara 70,mara-70,CONO HILO VERDE CLARO MARA 70 2800 MTS. C/ 0297,R-2333,9.9,https://canodiy.es/mara-70/5364-R+2333-4008015405663.html
HILOS,Mara 70,mara-70,CONO HILO VERDE CLARO MARA 70 2800 MTS. C/ 0818,R-2508,9.9,https://canodiy.es/mara-70/5417-R+2508.html
HILOS,Mara 70,mara-70,CONO HILO VERDE MARA 70 2800 MTS. C/ 0237,R-2304,9.9,https://canodiy.es/mara-70/722-R+2304-4008015405410.html
HILOS,Mara 70,mara-70,CONO HILO VERDE MARA 70 2800 MTS. C/ 0239,R-2305,9.9,https://canodiy.es/mara-70/5359-R+2305-4008015405359.html
HILOS,Mara 70,mara-70,CONO HILO VERDE MARA 70 2800 MTS. C/ 0531,R-3967,9.9,https://canodiy.es/mara-70/5383-R+3967.html
HILOS,Mara 70,mara-70,CONO HILO VERDE MARA 70 2800 MTS. C/ 0561,R-2427,9.9,https://canodiy.es/mara-70/5385-R+2427.html
HILOS,Mara 70,mara-70,CONO HILO VERDE MARA 70 2800 MTS. C/ 0639,R-2452,9.9,https://canodiy.es/mara-70/5392-R+2452.html
HILOS,Mara 70,mara-70,CONO HILO VERDE OSCURO MARA 70 2800 MTS. C/ 0304,R-2336,9.9,https://canodiy.es/mara-70/4851-R+2336-4008015405700.html
HILOS,Mara 70,mara-70,CONO HILO VERDE OSCURO MARA 70 2800 MTS. C/ 0678,R-2471,9.9,https://canodiy.es/mara-70/5404-R+2471.html
HILOS,Mara 70,mara-70,CONO HILO VERDE OSCURO MARA 70 2800 MTS. C/ 0707,R-2558,9.9,https://canodiy.es/mara-70/5409-R+2558.html
HILOS,Mara 70,mara-70,CONO HILO VERDE TURQUESA MARA 70 2800 MTS. C/ 0189,R-2272,9.9,https://canodiy.es/mara-70/5351-R+2272.html
HILOS,Mara 70 Amarillos,mara-70-amarillos,CONO HILO AMARILLO MARA 70 2800 MTS. C/ 0412,R-2380,9.9,https://canodiy.es/mara-70-amarillos/5373-R+2380-4008015406127.html
HILOS,Mara 70 Blanco-Negro,mara-70-blanco-negro,CONO HILO GRIS MARA 70 2800 MTS. C/ 0040,R-2226,9.9,https://canodiy.es/mara-70-blanco-negro/6622-R+2226.html
HILOS,Mara 70 Marrones,mara-70-marrones,CONO HILO MARRÓN OSCURO MARA 70 2800 MTS. C/ 0671,R-2466,9.9,https://canodiy.es/mara-70-marrones/5400-R+2466.html
HILOS,Overlock/Remallar,overlockremallar,BOBINA HILO ESPUMA AMARILLO  BULKY-LOCK 80 1000 MTS. C/0417,R-59538-BKRGR,2.78,https://canodiy.es/overlockremallar/6742-R+59538+BKRGR.html
HILOS,Overlock/Remallar,overlockremallar,BOBINA HILO ESPUMA AZUL BULKY-LOCK 80 1000 MTS. C/0322,R-59538-RRKDZ,2.78,https://canodiy.es/overlockremallar/6738-R+59538+RRKDZ.html
HILOS,Overlock/Remallar,overlockremallar,BOBINA HILO ESPUMA AZUL CELESTE BULKY-LOCK 80 1000 MTS. C/0276,R-59538-KWUUQ,2.78,https://canodiy.es/overlockremallar/6744-R+59538+KWUUQ.html
HILOS,Overlock/Remallar,overlockremallar,BOBINA HILO ESPUMA AZUL MARINO BULKY-LOCK 80 1000 MTS. C/0339,R-59538-KM5PZ,2.78,https://canodiy.es/overlockremallar/6672-R+59538+KM5PZ.html
HILOS,Overlock/Remallar,overlockremallar,BOBINA HILO ESPUMA BEIGE  BULKY-LOCK 80 1000 MTS. C/0722,R-59538,2.78,https://canodiy.es/overlockremallar/6669-R+59538.html
HILOS,Overlock/Remallar,overlockremallar,BOBINA HILO ESPUMA BLANCO BULKY-LOCK 80 1000 MTS. C/0800,R-59538-FH0TH,2.64,https://canodiy.es/overlockremallar/6674-R+59538+FH0TH.html
HILOS,Overlock/Remallar,overlockremallar,BOBINA HILO ESPUMA CRUDO BULKY-LOCK 80 1000 MTS. C/0111,R-59538-AYA7H,2.64,https://canodiy.es/overlockremallar/6829-R+59538+AYA7H.html
HILOS,Overlock/Remallar,overlockremallar,BOBINA HILO ESPUMA FUCSIA BULKY-LOCK 80 1000 MTS. C/0382,R-59538-H0P4M,2.78,https://canodiy.es/overlockremallar/6746-R+59538+H0P4M.html
HILOS,Overlock/Remallar,overlockremallar,BOBINA HILO ESPUMA GRIS BULKY-LOCK 80 1000 MTS. C/0701,R-59538-PTFAZ,2.78,https://canodiy.es/overlockremallar/6676-R+59538+PTFAZ.html
HILOS,Overlock/Remallar,overlockremallar,BOBINA HILO ESPUMA NEGRO BULKY-LOCK 80 1000 MTS. C/0000,R-59538-QKKWY,2.78,https://canodiy.es/overlockremallar/6671-R+59538+QKKWY.html
HILOS,Overlock/Remallar,overlockremallar,BOBINA HILO ESPUMA ROJO  BULKY-LOCK 80 1000 MTS. C/0156,R-59538-AUKQ1,2.78,https://canodiy.es/overlockremallar/6748-R+59538+AUKQ1.html
HILOS,Overlock/Remallar,overlockremallar,BOBINA HILO ESPUMA VERDE BULKY-LOCK 80 1000 MTS. C/0235,R-59538-AKJUD,2.78,https://canodiy.es/overlockremallar/6740-R+59538+AKJUD.html
HILOS,Overlock/Remallar,overlockremallar,CONO HILO SKALA 240 AZUL MARINO 5000 MTS. C/ 0339,R-66085,6.06,https://canodiy.es/overlockremallar/9636-R+66085.html
HILOS,Overlock/Remallar,overlockremallar,CONO HILO SKALA 240 BLANCO 5000 MTS. C/ 0800,R-50359,6.06,https://canodiy.es/overlockremallar/3518-R+50359-9999999023293.html
HILOS,Overlock/Remallar,overlockremallar,CONO HILO SKALA 240 CRUDO 5000 MTS. C/ 0111,R-49908,6.06,https://canodiy.es/overlockremallar/4678-R+49908-9999999023248.html
HILOS,Overlock/Remallar,overlockremallar,CONO HILO SKALA 240 GRIS 5000 MTS. C/ 0496,R-49910,6.06,https://canodiy.es/overlockremallar/9635-R+49910.html
HILOS,Overlock/Remallar,overlockremallar,CONO HILO SKALA 240 MORADO 5000 MTS. C/ 0247,R-50367,6.06,https://canodiy.es/overlockremallar/7014-R+50367.html
HILOS,Overlock/Remallar,overlockremallar,CONO HILO SKALA 240 NEGRO 5000 MTS. C/ 0000,R-49906,6.06,https://canodiy.es/overlockremallar/3517-R+49906-9999999023170.html
HILOS,Overlock/Remallar,overlockremallar,CONO HILO SKALA 240 TURQUEESA 5000 MTS. C/ 0774,R-63050,6.06,https://canodiy.es/overlockremallar/9637-R+63050.html
HILOS,Overlock/Remallar,overlockremallar,CONO REMALLAR HILO BLANCO CRUDO E 382 6000 MTS N-80 C/ 0111,R-64704,9.8,https://canodiy.es/overlockremallar/8355-R+64704.html
HILOS,Overlock/Remallar,overlockremallar,CONO REMALLAR HILO ESPUMA AMARILLO E 382 6000 MTS N-80 C/ 0417,R-64705,9.8,https://canodiy.es/overlockremallar/8352-R+64705.html
HILOS,Overlock/Remallar,overlockremallar,CONO REMALLAR HILO ESPUMA AZUL CELESTE E 382 6000 MTS N-80 C/ 0276,R-64709,9.8,https://canodiy.es/overlockremallar/8350-R+64709.html
HILOS,Overlock/Remallar,overlockremallar,CONO REMALLAR HILO ESPUMA AZUL E 382 6000 MTS N-80 C/ 0322,R-64708,9.8,https://canodiy.es/overlockremallar/8353-R+64708.html
HILOS,Overlock/Remallar,overlockremallar,CONO REMALLAR HILO ESPUMA AZUL MARINO E 382 6000 MTS N-80 C/ 0339,R-64707,9.8,https://canodiy.es/overlockremallar/8354-R+64707.html
HILOS,Overlock/Remallar,overlockremallar,CONO REMALLAR HILO ESPUMA BLANCO E 151 10000 MTS N-160 C/ 800,R-52161,8.53,https://canodiy.es/overlockremallar/6380-R+52161.html
HILOS,Overlock/Remallar,overlockremallar,CONO REMALLAR HILO ESPUMA BLANCO E 382 6000 MTS N-80 C/ 800,R-18861,9.8,https://canodiy.es/overlockremallar/6970-R+18861.html
HILOS,Overlock/Remallar,overlockremallar,CONO REMALLAR HILO ESPUMA GRIS E 382 6000 MTS N-80 C/ 0701,R-64711,9.8,https://canodiy.es/overlockremallar/8351-R+64711.html
HILOS,Overlock/Remallar,overlockremallar,CONO REMALLAR HILO ESPUMA NEGRO E 151 10000 MTS N-160 C/ 000,R-59746,8.53,https://canodiy.es/overlockremallar/6971-R+59746.html
HILOS,Overlock/Remallar,overlockremallar,CONO REMALLAR HILO ESPUMA NEGRO E 382 6000 MTS N-80 C/ 000,R-18469,9.8,https://canodiy.es/overlockremallar/6969-R+18469.html
HILOS,Overlock/Remallar,overlockremallar,CONO REMALLAR HILO ESPUMA ROJO E 382 6000 MTS N-80 C/ 0367,R-33813,9.8,https://canodiy.es/overlockremallar/6717-R+33813.html
HILOS,Packs Mara 120,packs-mara-120,PACK 10 BOBINAS MARA 120 EDICION ASUN DOMINGUEZ,R-65713,23.16,https://canodiy.es/packs-mara-120/8806-R+65713-9999999033513.html
HILOS,Packs Mara 120,packs-mara-120,PACK 25 BOBINAS MAS VENDIDAS DE MARA 120 EN TONOS BLANCOS-BEIGES-AMARILLOS,R-68688,57.23,https://canodiy.es/packs-mara-120/9760-R+68688.html
HILOS,Packs Mara 120,packs-mara-120,PACK 4 BOBINAS HILOS TONOS FLÚOR MARA 120 1000 MTS,R-62838,9.26,https://canodiy.es/packs-mara-120/7425-R+62838.html
HILOS,Packs Mara 120,packs-mara-120,PACK 5 BOBINAS HILOS TONOS AMARILLOS-NARANJAS MARA 120 1000 MTS,R-62798,11.58,https://canodiy.es/packs-mara-120/7413-R+62798.html
HILOS,Packs Mara 120,packs-mara-120,PACK 5 BOBINAS HILOS TONOS AZULES MARA 120 1000 MTS,R-62816,11.58,https://canodiy.es/packs-mara-120/7419-R+62816.html
HILOS,Packs Mara 120,packs-mara-120,PACK 5 BOBINAS HILOS TONOS BEIGES-MARRONES MARA 120 1000 MTS,R-62801,11.58,https://canodiy.es/packs-mara-120/7414-R+62801.html
HILOS,Packs Mara 120,packs-mara-120,PACK 5 BOBINAS HILOS TONOS BLANCOS-GRISES-NEGRO MARA 120 1000 MTS,R-62837,11.25,https://canodiy.es/packs-mara-120/7424-R+62837.html
HILOS,Packs Mara 120,packs-mara-120,PACK 5 BOBINAS HILOS TONOS LILAS MARA 120 1000 MTS,R-62813,11.58,https://canodiy.es/packs-mara-120/7418-R+62813.html
HILOS,Packs Mara 120,packs-mara-120,PACK 5 BOBINAS HILOS TONOS MORADOS  MARA 120 1000 MTS,R-62812,11.58,https://canodiy.es/packs-mara-120/7417-R+62812.html
HILOS,Packs Mara 120,packs-mara-120,PACK 5 BOBINAS HILOS TONOS ROJOS-BURDEOS MARA 120 1000 MTS,R-62805,11.58,https://canodiy.es/packs-mara-120/7416-R+62805.html
HILOS,Packs Mara 120,packs-mara-120,PACK 5 BOBINAS HILOS TONOS ROSAS-FUCSIAS MARA 120 1000 MTS,R-62804,11.58,https://canodiy.es/packs-mara-120/7415-R+62804.html
HILOS,Packs Mara 120,packs-mara-120,PACK 5 BOBINAS HILOS TONOS TURQUESAS MARA 120 1000 MTS,R-62822,11.58,https://canodiy.es/packs-mara-120/7420-R+62822.html
HILOS,Packs Mara 120,packs-mara-120,PACK 5 BOBINAS HILOS TONOS VERDES  MARA 120 1000 MTS,R-62834,11.58,https://canodiy.es/packs-mara-120/7423-R+62834.html
HILOS,Packs Mara 120,packs-mara-120,PACK 50 BOBINAS HILO MARA 120/3 1000 MTS,R-62138,115.46,https://canodiy.es/packs-mara-120/7182-R+62138.html
HILOS,Serafil-10,serafil-10,CONO HILO AMARILLO DORADO SERAFIL-10 300MTS. C/ 0118,R-8891,7.0,https://canodiy.es/serafil-10/7672-R+8891.html
HILOS,Serafil-10,serafil-10,CONO HILO AMARILLO DORADO SERAFIL-10 300MTS. C/ 1130,R-41647,7.0,https://canodiy.es/serafil-10/5242-R+41647.html
HILOS,Serafil-10,serafil-10,CONO HILO AMARILLO SERAFIL-10 300MTS. C/ 7766,R-44337,7.0,https://canodiy.es/serafil-10/2237-R+44337.html
HILOS,Serafil-10,serafil-10,CONO HILO AMARILLO SERAFIL-10 300MTS. C/ 7834,R-58032,7.0,https://canodiy.es/serafil-10/7791-R+58032.html
HILOS,Serafil-10,serafil-10,CONO HILO AZUL CELESTE SERAFIL-10 300MTS. C/ 0042,R-60363,7.0,https://canodiy.es/serafil-10/7670-R+60363.html
HILOS,Serafil-10,serafil-10,CONO HILO AZUL MARINO SERAFIL-10 300MTS. C/ 0821,R-58033,7.0,https://canodiy.es/serafil-10/7734-R+58033.html
HILOS,Serafil-10,serafil-10,CONO HILO AZUL MARINO SERAFIL-10 300MTS. C/ 0827,R-8957,7.0,https://canodiy.es/serafil-10/7735-R+8957.html
HILOS,Serafil-10,serafil-10,CONO HILO AZUL MARINO SERAFIL-10 300MTS. C/ 1254,R-31636,7.0,https://canodiy.es/serafil-10/7770-R+31636.html
HILOS,Serafil-10,serafil-10,CONO HILO AZUL SERAFIL-10 1000MTS. C/ 1318,R-52779,19.24,https://canodiy.es/serafil-10/7774-R+52779.html
HILOS,Serafil-10,serafil-10,CONO HILO AZUL SERAFIL-10 300MTS. C/ 0350,R-31273,7.0,https://canodiy.es/serafil-10/7690-R+31273.html
HILOS,Serafil-10,serafil-10,CONO HILO AZUL SERAFIL-10 300MTS. C/ 0698,R-46336,7.0,https://canodiy.es/serafil-10/7731-R+46336.html
HILOS,Serafil-10,serafil-10,CONO HILO AZUL SERAFIL-10 300MTS. C/ 1078,R-54399,7.0,https://canodiy.es/serafil-10/7761-R+54399.html
HILOS,Serafil-10,serafil-10,CONO HILO AZUL SERAFIL-10 300MTS. C/ 1276,R-44527,7.0,https://canodiy.es/serafil-10/7771-R+44527.html
HILOS,Serafil-10,serafil-10,CONO HILO AZUL SERAFIL-10 300MTS. C/ 1306,R-46337,7.0,https://canodiy.es/serafil-10/7773-R+46337.html
HILOS,Serafil-10,serafil-10,CONO HILO AZUL SERAFIL-10 300MTS. C/ 2810,R-40746,7.0,https://canodiy.es/serafil-10/7785-R+40746.html
HILOS,Serafil-10,serafil-10,CONO HILO BEIGE CLARO SERAFIL-10 300MTS. C/ 0779,R-55487,7.0,https://canodiy.es/serafil-10/7733-R+55487.html
HILOS,Serafil-10,serafil-10,CONO HILO BEIGE SERAFIL-10 300MTS. C/ 0265,R-24627,7.0,https://canodiy.es/serafil-10/7684-R+24627.html
HILOS,Serafil-10,serafil-10,CONO HILO BEIGE SERAFIL-10 300MTS. C/ 0326,R-30561,7.0,https://canodiy.es/serafil-10/7691-R+30561.html
HILOS,Serafil-10,serafil-10,CONO HILO BEIGE SERAFIL-10 300MTS. C/ 0379,R-48940,7.0,https://canodiy.es/serafil-10/7692-R+48940.html
HILOS,Serafil-10,serafil-10,CONO HILO BEIGE SERAFIL-10 300MTS. C/ 0380,R-55641,7.0,https://canodiy.es/serafil-10/7693-R+55641.html
HILOS,Serafil-10,serafil-10,CONO HILO BEIGE SERAFIL-10 300MTS. C/ 0861,R-53623,7.0,https://canodiy.es/serafil-10/7738-R+53623.html
HILOS,Serafil-10,serafil-10,CONO HILO BEIGE SERAFIL-10 300MTS. C/ 1222,R-41326,7.0,https://canodiy.es/serafil-10/7765-R+41326.html
HILOS,Serafil-10,serafil-10,CONO HILO BEIGE SERAFIL-10 300MTS. C/ 3723,R-45234,7.0,https://canodiy.es/serafil-10/7784-R+45234.html
HILOS,Serafil-10,serafil-10,CONO HILO BEIGE SERAFIL-10 300MTS. C/ 7863,R-56926,7.0,https://canodiy.es/serafil-10/7792-R+56926.html
HILOS,Serafil-10,serafil-10,CONO HILO BEIGE SERAFIL-10 300MTS. C/ 8073,R-45269,7.0,https://canodiy.es/serafil-10/7794-R+45269.html
HILOS,Serafil-10,serafil-10,CONO HILO BLANCO ROTO SERAFIL-10 300MTS. C/ 1000,R-10726,5.88,https://canodiy.es/serafil-10/7756-R+10726.html
HILOS,Serafil-10,serafil-10,CONO HILO BLANCO SERAFIL-10 300MTS. C/ 2000,R-10800,6.14,https://canodiy.es/serafil-10/7783-R+10800.html
HILOS,Serafil-10,serafil-10,CONO HILO CREMA SERAFIL-10 1000MTS. C/ 3000,R-40923,19.25,https://canodiy.es/serafil-10/7787-R+40923.html
HILOS,Serafil-10,serafil-10,CONO HILO CREMA SERAFIL-10 300MTS. C/ 3000,R-40949,7.0,https://canodiy.es/serafil-10/7786-R+40949.html
HILOS,Serafil-10,serafil-10,CONO HILO FUCSIA OSCURO SERAFIL-10 300MTS. C/ 0869,R-36117,7.0,https://canodiy.es/serafil-10/7739-R+36117.html
HILOS,Serafil-10,serafil-10,CONO HILO GRIS OSCURO SERAFIL-10 300MTS. C/ 0415,R-46393,7.0,https://canodiy.es/serafil-10/7696-R+46393.html
HILOS,Serafil-10,serafil-10,CONO HILO GRIS OSCURO SERAFIL-10 300MTS. C/ 0416,R-46394,7.0,https://canodiy.es/serafil-10/7697-R+46394.html
HILOS,Serafil-10,serafil-10,CONO HILO GRIS SERAFIL-10 300MTS. C/ 0316,R-45389,7.0,https://canodiy.es/serafil-10/7689-R+45389.html
HILOS,Serafil-10,serafil-10,CONO HILO MARRÓN CAMEL SERAFIL-10 300MTS. C/ 0177,R-46340,7.0,https://canodiy.es/serafil-10/7678-R+46340.html
HILOS,Serafil-10,serafil-10,CONO HILO MARRÓN CAOBA SERAFIL-10 300MTS. C/ 0163,R-56257,7.0,https://canodiy.es/serafil-10/7675-R+56257.html
HILOS,Serafil-10,serafil-10,CONO HILO MARRÓN OSCURO SERAFIL-10 300MTS. C/ 1003,R-14856,7.0,https://canodiy.es/serafil-10/7758-R+14856.html
HILOS,Serafil-10,serafil-10,CONO HILO MARRÓN SERAFIL-10 1000MTS. C/ 0185,R-52718,19.24,https://canodiy.es/serafil-10/7680-R+52718.html
HILOS,Serafil-10,serafil-10,CONO HILO MARRÓN SERAFIL-10 300MTS. C/ 0175,R-50461,7.0,https://canodiy.es/serafil-10/7677-R+50461.html
HILOS,Serafil-10,serafil-10,CONO HILO MARRÓN SERAFIL-10 300MTS. C/ 0185,R-44725,7.0,https://canodiy.es/serafil-10/7679-R+44725.html
HILOS,Serafil-10,serafil-10,CONO HILO MARRÓN SERAFIL-10 300MTS. C/ 0186,R-56321,7.0,https://canodiy.es/serafil-10/7681-R+56321.html
HILOS,Serafil-10,serafil-10,CONO HILO MARRÓN SERAFIL-10 300MTS. C/ 0196,42220,7.0,https://canodiy.es/serafil-10/7682-42220.html
HILOS,Serafil-10,serafil-10,CONO HILO MARRÓN SERAFIL-10 300MTS. C/ 0262,R-44090,7.0,https://canodiy.es/serafil-10/7683-R+44090.html
HILOS,Serafil-10,serafil-10,CONO HILO MARRÓN SERAFIL-10 300MTS. C/ 0277,R-38639,7.0,https://canodiy.es/serafil-10/7685-R+38639.html
HILOS,Serafil-10,serafil-10,CONO HILO MARRÓN SERAFIL-10 300MTS. C/ 0279,R-18999,7.0,https://canodiy.es/serafil-10/7686-R+18999.html
HILOS,Serafil-10,serafil-10,CONO HILO MARRÓN SERAFIL-10 300MTS. C/ 0281,R-10002,7.0,https://canodiy.es/serafil-10/7687-R+10002.html
HILOS,Serafil-10,serafil-10,CONO HILO MARRÓN SERAFIL-10 300MTS. C/ 0287,R-9409,7.0,https://canodiy.es/serafil-10/7688-R+9409.html
HILOS,Serafil-10,serafil-10,CONO HILO MARRÓN SERAFIL-10 300MTS. C/ 0397,R-55580,7.0,https://canodiy.es/serafil-10/7694-R+55580.html
HILOS,Serafil-10,serafil-10,CONO HILO MARRÓN SERAFIL-10 300MTS. C/ 0399,R-62663,7.0,https://canodiy.es/serafil-10/7695-R+62663.html
HILOS,Serafil-10,serafil-10,CONO HILO MARRÓN SERAFIL-10 300MTS. C/ 0475,R-40240,7.0,https://canodiy.es/serafil-10/7701-R+40240.html
HILOS,Serafil-10,serafil-10,CONO HILO MARRÓN SERAFIL-10 300MTS. C/ 0565,R-50052,7.0,https://canodiy.es/serafil-10/7728-R+50052.html
HILOS,Serafil-10,serafil-10,CONO HILO MARRÓN SERAFIL-10 300MTS. C/ 0899,R-46339,7.0,https://canodiy.es/serafil-10/7740-R+46339.html
HILOS,Serafil-10,serafil-10,CONO HILO MARRÓN SERAFIL-10 300MTS. C/ 0971,R-63149,7.0,https://canodiy.es/serafil-10/7741-R+63149.html
HILOS,Serafil-10,serafil-10,CONO HILO MARRÓN SERAFIL-10 300MTS. C/ 0975,R-45894,7.0,https://canodiy.es/serafil-10/7742-R+45894.html
HILOS,Serafil-10,serafil-10,CONO HILO MARRÓN SERAFIL-10 300MTS. C/ 0976,R-45893,7.0,https://canodiy.es/serafil-10/7755-R+45893.html
HILOS,Serafil-10,serafil-10,CONO HILO MARRÓN SERAFIL-10 300MTS. C/ 1002,R-9410,7.0,https://canodiy.es/serafil-10/7757-R+9410.html
HILOS,Serafil-10,serafil-10,CONO HILO MARRÓN SERAFIL-10 300MTS. C/ 1170,R-47109,7.0,https://canodiy.es/serafil-10/7763-R+47109.html
HILOS,Serafil-10,serafil-10,CONO HILO MARRÓN SERAFIL-10 300MTS. C/ 1223,R-44201,7.0,https://canodiy.es/serafil-10/7767-R+44201.html
HILOS,Serafil-10,serafil-10,CONO HILO MARRÓN SERAFIL-10 300MTS. C/ 1224,R-45086,7.0,https://canodiy.es/serafil-10/7768-R+45086.html
HILOS,Serafil-10,serafil-10,CONO HILO MARRÓN SERAFIL-10 300MTS. C/ 1228,R-44908,7.0,https://canodiy.es/serafil-10/7769-R+44908.html
HILOS,Serafil-10,serafil-10,CONO HILO MARRÓN SERAFIL-10 300MTS. C/ 1380,R-41648,7.0,https://canodiy.es/serafil-10/7776-R+41648.html
HILOS,Serafil-10,serafil-10,CONO HILO MARRÓN SERAFIL-10 300MTS. C/ 1382,R-52854,7.0,https://canodiy.es/serafil-10/7777-R+52854.html
HILOS,Serafil-10,serafil-10,CONO HILO MARRÓN SERAFIL-10 300MTS. C/ 1456,R-57841,7.0,https://canodiy.es/serafil-10/7782-R+57841.html
HILOS,Serafil-10,serafil-10,CONO HILO MARRÓN SERAFIL-10 300MTS. C/ 7770,R-63395,7.0,https://canodiy.es/serafil-10/7790-R+63395.html
HILOS,Serafil-10,serafil-10,CONO HILO MORADO SERAFIL-10 300MTS. C/ 0156,R-45249,7.0,https://canodiy.es/serafil-10/7673-R+45249.html
HILOS,Serafil-10,serafil-10,CONO HILO MORADO SERAFIL-10 300MTS. C/ 0157,R-55581,7.0,https://canodiy.es/serafil-10/7674-R+55581.html
HILOS,Serafil-10,serafil-10,CONO HILO MORADO SERAFIL-10 300MTS. C/ 1064,R-56927,7.0,https://canodiy.es/serafil-10/7760-R+56927.html
HILOS,Serafil-10,serafil-10,CONO HILO MORADO VINO SERAFIL-10 300MTS. C/ 0168,R-9553,7.0,https://canodiy.es/serafil-10/7676-R+9553.html
HILOS,Serafil-10,serafil-10,CONO HILO NARANJA FLÚOR SERAFIL-10 300MTS. C/ 1428,R-40680,7.0,https://canodiy.es/serafil-10/7780-R+40680.html
HILOS,Serafil-10,serafil-10,CONO HILO NARANJA PÁLIDO SERAFIL-10 300MTS. C/ 1288,R-47153,7.0,https://canodiy.es/serafil-10/7772-R+47153.html
HILOS,Serafil-10,serafil-10,CONO HILO NEGRO SERAFIL-10 1000MTS. C/ 4000,R-20030,19.25,https://canodiy.es/serafil-10/7789-R+20030.html
HILOS,Serafil-10,serafil-10,CONO HILO NEGRO SERAFIL-10 300MTS. C/ 4000,R-9411,7.0,https://canodiy.es/serafil-10/7788-R+9411.html
HILOS,Serafil-10,serafil-10,CONO HILO ROJO BURDEOS SERAFIL-10 300MTS. C/ 1348,R-46338,7.0,https://canodiy.es/serafil-10/7775-R+46338.html
HILOS,Serafil-10,serafil-10,CONO HILO ROJO BURDEOS SERAFIL-10 300MTS. C/ 7997,R-62005,7.0,https://canodiy.es/serafil-10/7793-R+62005.html
HILOS,Serafil-10,serafil-10,CONO HILO ROJO CORAL SERAFIL-10 300MTS. C/ 0449,R-46395,7.0,https://canodiy.es/serafil-10/7698-R+46395.html
HILOS,Serafil-10,serafil-10,CONO HILO ROJO FUEGO SERAFIL-10 300MTS. C/ 0450,R-44336,7.0,https://canodiy.es/serafil-10/7700-R+44336.html
HILOS,Serafil-10,serafil-10,CONO HILO ROJO SERAFIL-10 1000MTS. C/ 0504,R-52780,19.24,https://canodiy.es/serafil-10/7726-R+52780.html
HILOS,Serafil-10,serafil-10,CONO HILO ROJO SERAFIL-10 300MTS. C/ 0105,R-12134,7.0,https://canodiy.es/serafil-10/7671-R+12134.html
HILOS,Serafil-10,serafil-10,CONO HILO ROJO SERAFIL-10 300MTS. C/ 0501,R-56165,7.0,https://canodiy.es/serafil-10/7702-R+56165.html
HILOS,Serafil-10,serafil-10,CONO HILO ROJO SERAFIL-10 300MTS. C/ 0504,R-58920,7.0,https://canodiy.es/serafil-10/7725-R+58920.html
HILOS,Serafil-10,serafil-10,CONO HILO ROSA CLARO SERAFIL-10 300MTS. C/ 0600,R-61288,7.0,https://canodiy.es/serafil-10/7729-R+61288.html
HILOS,Serafil-10,serafil-10,CONO HILO ROSA FUCSIA SERAFIL-10 300MTS. C/ 1417,R-51860,7.0,https://canodiy.es/serafil-10/7779-R+51860.html
HILOS,Serafil-10,serafil-10,CONO HILO ROSA SERAFIL-10 300MTS. C/ 1411,R-56168,7.0,https://canodiy.es/serafil-10/7778-R+56168.html
HILOS,Serafil-10,serafil-10,CONO HILO ROSA SERAFIL-10 300MTS. C/ 1429,R-54431,7.0,https://canodiy.es/serafil-10/7781-R+54431.html
HILOS,Serafil-10,serafil-10,CONO HILO VERDE HILO SERAFIL-10 300MTS. C/ 1148,R-48894,7.0,https://canodiy.es/serafil-10/7762-R+48894.html
HILOS,Serafil-10,serafil-10,CONO HILO VERDE KAKI SERAFIL-10 300MTS. C/ 0667,R-44435,7.0,https://canodiy.es/serafil-10/7730-R+44435.html
HILOS,Serafil-10,serafil-10,CONO HILO VERDE OSCURO SERAFIL-10 300MTS. C/ 0425,R-55582,7.0,https://canodiy.es/serafil-10/7699-R+55582.html
HILOS,Serafil-10,serafil-10,CONO HILO VERDE OSCURO SERAFIL-10 300MTS. C/ 0554,R-46396,7.0,https://canodiy.es/serafil-10/7727-R+46396.html
HILOS,Serafil-10,serafil-10,CONO HILO VERDE OSCURO SERAFIL-10 300MTS. C/ 0757,R-40745,7.0,https://canodiy.es/serafil-10/7732-R+40745.html
HILOS,Serafil-10,serafil-10,CONO HILO VERDE OSCURO SERAFIL-10 300MTS. C/ 0846,R-55715,7.0,https://canodiy.es/serafil-10/7737-R+55715.html
HILOS,Serafil-10,serafil-10,CONO HILO VERDE SERAFIL-10 300MTS. C/ 0842,R-19946,7.0,https://canodiy.es/serafil-10/7736-R+19946.html
HILOS,Serafil-10,serafil-10,CONO HILO VERDE SERAFIL-10 300MTS. C/ 1043,R-45085,7.0,https://canodiy.es/serafil-10/7759-R+45085.html
HILOS,Serafil-10,serafil-10,CONO HILO VERDE SERAFIL-10 300MTS. C/ 1095,R-46424,7.0,https://canodiy.es/serafil-10/7764-R+46424.html
HILOS,Serafil-15,serafil-15,CONO HILO AZUL MARINO SERAFIL-15 450MTS. C/ 0827,R-44532,7.61,https://canodiy.es/serafil-15/7803-R+44532.html
HILOS,Serafil-15,serafil-15,CONO HILO AZUL SERAFIL-15 450MTS. C/ 0485,R-43671,7.61,https://canodiy.es/serafil-15/7801-R+43671.html
HILOS,Serafil-15,serafil-15,CONO HILO AZUL SERAFIL-15 450MTS. C/ 1306,R-43545,7.61,https://canodiy.es/serafil-15/7808-R+43545.html
HILOS,Serafil-15,serafil-15,CONO HILO BEIGE CLARO SERAFIL-15 450MTS. C/ 0779,R-58073,7.61,https://canodiy.es/serafil-15/7802-R+58073.html
HILOS,Serafil-15,serafil-15,CONO HILO BEIGE SERAFIL-15 450MTS. C/ 0265,R-23557,7.61,https://canodiy.es/serafil-15/7799-R+23557.html
HILOS,Serafil-15,serafil-15,CONO HILO BLANCO ROTO SERAFIL-15 450MTS. C/ 1000,R-12068,7.27,https://canodiy.es/serafil-15/7806-R+12068.html
HILOS,Serafil-15,serafil-15,CONO HILO BLANCO SERAFIL-15 450MTS. C/ 2000,R-9685,7.27,https://canodiy.es/serafil-15/7810-R+9685.html
HILOS,Serafil-15,serafil-15,CONO HILO GRIS OSCURO SERAFIL-15 450MTS. C/ 1282,R-43544,7.61,https://canodiy.es/serafil-15/7809-R+43544.html
HILOS,Serafil-15,serafil-15,CONO HILO MARRÓN SERAFIL-15 450MTS. C/ 0277,R-55548,7.61,https://canodiy.es/serafil-15/7796-R+55548.html
HILOS,Serafil-15,serafil-15,CONO HILO MARRÓN SERAFIL-15 450MTS. C/ 0397,R-25596,7.61,https://canodiy.es/serafil-15/7800-R+25596.html
HILOS,Serafil-15,serafil-15,CONO HILO MARRÓN SERAFIL-15 450MTS. C/ 0899,R-25423,7.61,https://canodiy.es/serafil-15/7804-R+25423.html
HILOS,Serafil-15,serafil-15,CONO HILO MARRÓN SERAFIL-15 450MTS. C/ 0971,R-51451,7.61,https://canodiy.es/serafil-15/7805-R+51451.html
HILOS,Serafil-15,serafil-15,CONO HILO MARRÓN SERAFIL-15 450MTS. C/ 1002,R-10525,7.61,https://canodiy.es/serafil-15/7807-R+10525.html
HILOS,Serafil-15,serafil-15,CONO HILO NEGRO SERAFIL-15 1500MTS. C/ 4000,R-50793,22.75,https://canodiy.es/serafil-15/7811-R+50793.html
HILOS,Serafil-15,serafil-15,CONO HILO ROJO BURDEOS SERAFIL-15 450MTS. C/ 0128,R-55547,7.61,https://canodiy.es/serafil-15/7797-R+55547.html
HILOS,Serafil-15,serafil-15,CONO HILO ROJO BUREDEOS SERAFIL-15 450MTS. C/ 0166,R-43539,7.61,https://canodiy.es/serafil-15/7798-R+43539.html
HILOS,Serafil-15,serafil-15,CONO HILO VERDE SERAFIL-15 450MTS. C/ 1043,R-52484,7.61,https://canodiy.es/serafil-15/7795-R+52484.html
HILOS,Serafil-15,serafil-15,CONOS HILO BEIGE SERAFIL-15 450MTS. C/ 8073,R-49556,7.61,https://canodiy.es/serafil-15/7812-R+49556.html
HILOS,Serafil-20,serafil-20,CONO HILO AMARILLO SERAFIL-20 600MTS. C/ 0113,R-10027,5.64,https://canodiy.es/serafil-20/8079-R+10027.html
HILOS,Serafil-20,serafil-20,CONO HILO AMARILLO SERAFIL-20 600MTS. C/ 0118,R-46253,5.64,https://canodiy.es/serafil-20/8080-R+46253.html
HILOS,Serafil-20,serafil-20,CONO HILO AMARILLO SERAFIL-20 600MTS. C/ 0891,R-46254,5.64,https://canodiy.es/serafil-20/8265-R+46254.html
HILOS,Serafil-20,serafil-20,CONO HILO AMARILLO SERAFIL-20 600MTS. C/ 7292,R-61292,5.64,https://canodiy.es/serafil-20/8314-R+61292.html
HILOS,Serafil-20,serafil-20,CONO HILO AMARILLO SERAFIL-20 600MTS. C/ 7766,R-66779,5.64,https://canodiy.es/serafil-20/9542-R+66779.html
HILOS,Serafil-20,serafil-20,CONO HILO AZUL CELESTE SERAFIL-20 600MTS. C/ 0020,R-50553,5.64,https://canodiy.es/serafil-20/8070-R+50553.html
HILOS,Serafil-20,serafil-20,CONO HILO AZUL CELESTE SERAFIL-20 600MTS. C/ 0036,R-54299,5.64,https://canodiy.es/serafil-20/8181-R+54299.html
HILOS,Serafil-20,serafil-20,CONO HILO AZUL CELESTE SERAFIL-20 600MTS. C/ 0042,R-1425,5.64,https://canodiy.es/serafil-20/8073-R+1425.html
HILOS,Serafil-20,serafil-20,CONO HILO AZUL CELESTE SERAFIL-20 600MTS. C/ 0271,R-40922,5.64,https://canodiy.es/serafil-20/8096-R+40922.html
HILOS,Serafil-20,serafil-20,CONO HILO AZUL MARINO SERAFIL-20 600MTS. C/ 0821,R-40126,5.64,https://canodiy.es/serafil-20/8135-R+40126.html
HILOS,Serafil-20,serafil-20,CONO HILO AZUL MARINO SERAFIL-20 600MTS. C/ 1242,R-52103,5.64,https://canodiy.es/serafil-20/8292-R+52103.html
HILOS,Serafil-20,serafil-20,CONO HILO AZUL MARINO SERAFIL-20 600MTS. C/ 8063,R-64644,5.64,https://canodiy.es/serafil-20/8328-R+64644.html
HILOS,Serafil-20,serafil-20,CONO HILO AZUL OSCURO SERAFIL-20 600MTS. C/ 0764,R-21984,5.64,https://canodiy.es/serafil-20/8131-R+21984.html
HILOS,Serafil-20,serafil-20,CONO HILO AZUL OSCURO SERAFIL-20 600MTS. C/ 0825,R-15636,5.64,https://canodiy.es/serafil-20/8261-R+15636.html
HILOS,Serafil-20,serafil-20,CONO HILO AZUL OSCURO SERAFIL-20 600MTS. C/ 8478,R-50103,5.64,https://canodiy.es/serafil-20/8359-R+50103.html
HILOS,Serafil-20,serafil-20,CONO HILO AZUL OSCURO SERAFIL-20 600MTS. C/ 8845,R-1570,5.64,https://canodiy.es/serafil-20/8368-R+1570.html
HILOS,Serafil-20,serafil-20,CONO HILO AZUL SERAFIL-20 600MTS. C/ 0311,R-44239,5.64,https://canodiy.es/serafil-20/8101-R+44239.html
HILOS,Serafil-20,serafil-20,CONO HILO AZUL SERAFIL-20 600MTS. C/ 0350,R-48895,5.64,https://canodiy.es/serafil-20/8109-R+48895.html
HILOS,Serafil-20,serafil-20,CONO HILO AZUL SERAFIL-20 600MTS. C/ 0698,R-48916,5.64,https://canodiy.es/serafil-20/8130-R+48916.html
HILOS,Serafil-20,serafil-20,CONO HILO AZUL SERAFIL-20 600MTS. C/ 0816,R-18538,5.64,https://canodiy.es/serafil-20/8134-R+18538.html
HILOS,Serafil-20,serafil-20,CONO HILO AZUL SERAFIL-20 600MTS. C/ 1078,R-24897,5.64,https://canodiy.es/serafil-20/8276-R+24897.html
HILOS,Serafil-20,serafil-20,CONO HILO AZUL SERAFIL-20 600MTS. C/ 1318,R-40878,5.64,https://canodiy.es/serafil-20/8295-R+40878.html
HILOS,Serafil-20,serafil-20,CONO HILO AZUL SERAFIL-20 600MTS. C/ 2810,R-57322,5.64,https://canodiy.es/serafil-20/8306-R+57322.html
HILOS,Serafil-20,serafil-20,CONO HILO AZUL SERAFIL-20 600MTS. C/ 8470,R-39793,5.64,https://canodiy.es/serafil-20/8358-R+39793.html
HILOS,Serafil-20,serafil-20,CONO HILO AZUL SERAFIL-20 600MTS. C/ 8842,R-53490,5.64,https://canodiy.es/serafil-20/8364-R+53490.html
HILOS,Serafil-20,serafil-20,CONO HILO AZUL TURQUESA HILO SERAFIL-20 600MTS. C/ 1394,R-39792,5.64,https://canodiy.es/serafil-20/8301-R+39792.html
HILOS,Serafil-20,serafil-20,CONO HILO AZUL TURQUESA OSCURO SERAFIL-20 600MTS. C/ 0359,R-60659,5.64,https://canodiy.es/serafil-20/8257-R+60659.html
HILOS,Serafil-20,serafil-20,CONO HILO AZUL TURQUESA SERAFIL-20 600MTS. C/ 0485,R-47405,5.64,https://canodiy.es/serafil-20/8186-R+47405.html
HILOS,Serafil-20,serafil-20,CONO HILO AZUL TURQUESA SERAFIL-20 600MTS. C/ 70188,R-39795,5.64,https://canodiy.es/serafil-20/8313-R+39795.html
HILOS,Serafil-20,serafil-20,CONO HILO BEIGE ARENA SERAFIL-20 600MTS. C/ 1222,R-9854,5.64,https://canodiy.es/serafil-20/8287-R+9854.html
HILOS,Serafil-20,serafil-20,CONO HILO BEIGE CLARO SERAFIL-20 600MTS. C/ 0770,R-41544,5.64,https://canodiy.es/serafil-20/8132-R+41544.html
HILOS,Serafil-20,serafil-20,CONO HILO BEIGE CLARO SERAFIL-20 600MTS. C/ 7863,R-45283,5.64,https://canodiy.es/serafil-20/8322-R+45283.html
HILOS,Serafil-20,serafil-20,CONO HILO BEIGE SERAFIL-20 2500MTS. C/ 1222,R-52724,21.47,https://canodiy.es/serafil-20/8220-R+52724.html
HILOS,Serafil-20,serafil-20,CONO HILO BEIGE SERAFIL-20 600MTS. C/ 0265,R-17793,5.64,https://canodiy.es/serafil-20/8094-R+17793.html
HILOS,Serafil-20,serafil-20,CONO HILO BEIGE SERAFIL-20 600MTS. C/ 0267,R-46485,5.64,https://canodiy.es/serafil-20/8255-R+46485.html
HILOS,Serafil-20,serafil-20,CONO HILO BEIGE SERAFIL-20 600MTS. C/ 0326,R-18996,5.64,https://canodiy.es/serafil-20/8104-R+18996.html
HILOS,Serafil-20,serafil-20,CONO HILO BEIGE SERAFIL-20 600MTS. C/ 0379,R-24652,5.64,https://canodiy.es/serafil-20/8110-R+24652.html
HILOS,Serafil-20,serafil-20,CONO HILO BEIGE SERAFIL-20 600MTS. C/ 0380,R-49991,5.64,https://canodiy.es/serafil-20/8111-R+49991.html
HILOS,Serafil-20,serafil-20,CONO HILO BEIGE SERAFIL-20 600MTS. C/ 0861,R-44837,5.64,https://canodiy.es/serafil-20/8136-R+44837.html
HILOS,Serafil-20,serafil-20,CONO HILO BEIGE SERAFIL-20 600MTS. C/ 2328,R-43930,5.64,https://canodiy.es/serafil-20/8305-R+43930.html
HILOS,Serafil-20,serafil-20,CONO HILO BEIGE SERAFIL-20 600MTS. C/ 3723,R-45197,5.64,https://canodiy.es/serafil-20/8310-R+45197.html
HILOS,Serafil-20,serafil-20,CONO HILO BEIGE SERAFIL-20 600MTS. C/ 8073,R-43825,5.64,https://canodiy.es/serafil-20/8330-R+43825.html
HILOS,Serafil-20,serafil-20,CONO HILO BEIGIE CLARO SERAFIL-20 600MTS. C/ 0779,R-43928,5.64,https://canodiy.es/serafil-20/8197-R+43928.html
HILOS,Serafil-20,serafil-20,CONO HILO BLANCO ROTO SERAFIL-20 600MTS. C/ 1000,R-6230,4.96,https://canodiy.es/serafil-20/8270-R+6230.html
HILOS,Serafil-20,serafil-20,CONO HILO BLANCO SERAFIL-20 600MTS. C/ 2000,R-9034,5.06,https://canodiy.es/serafil-20/7897-R+9034.html
HILOS,Serafil-20,serafil-20,CONO HILO COBRE SERAFIL-20 600MTS. C/ 1167,R-45403,5.64,https://canodiy.es/serafil-20/8283-R+45403.html
HILOS,Serafil-20,serafil-20,CONO HILO CREMA SERAFIL-20 2500MTS. C/ 3000,R-52725,21.47,https://canodiy.es/serafil-20/8221-R+52725.html
HILOS,Serafil-20,serafil-20,CONO HILO CREMA SERAFIL-20 600MTS. C/ 3000,R-6229,5.64,https://canodiy.es/serafil-20/8307-R+6229.html
HILOS,Serafil-20,serafil-20,CONO HILO DORADO SERAFIL-20 600MTS. C/ 0290,R-53129,5.64,https://canodiy.es/serafil-20/8256-R+53129.html
HILOS,Serafil-20,serafil-20,CONO HILO FUCSIA SERAFIL-20 600MTS. C/ 0869,R-25031,5.64,https://canodiy.es/serafil-20/8137-R+25031.html
HILOS,Serafil-20,serafil-20,CONO HILO GRANATE SERAFIL-20 600MTS. C/ 1350,R-48250,5.64,https://canodiy.es/serafil-20/8296-R+48250.html
HILOS,Serafil-20,serafil-20,CONO HILO GRIS OSCURO SERAFIL-20 600MTS. C/ 0324,R-53515,5.64,https://canodiy.es/serafil-20/8182-R+53515.html
HILOS,Serafil-20,serafil-20,CONO HILO GRIS OSCURO SERAFIL-20 600MTS. C/ 0415,R-41951,5.64,https://canodiy.es/serafil-20/8116-R+41951.html
HILOS,Serafil-20,serafil-20,CONO HILO GRIS OSCURO SERAFIL-20 600MTS. C/ 0416,R-11041,5.64,https://canodiy.es/serafil-20/8117-R+11041.html
HILOS,Serafil-20,serafil-20,CONO HILO GRIS OSCURO SERAFIL-20 600MTS. C/ 1282,R-23908,5.64,https://canodiy.es/serafil-20/8293-R+23908.html
HILOS,Serafil-20,serafil-20,CONO HILO GRIS OSCURO SERAFIL-20 600MTS. C/ 1283,R-48914,5.64,https://canodiy.es/serafil-20/8294-R+48914.html
HILOS,Serafil-20,serafil-20,CONO HILO GRIS OSCURO SERAFIL-20 600MTS. C/ 8061,R-64566,5.64,https://canodiy.es/serafil-20/8327-R+64566.html
HILOS,Serafil-20,serafil-20,CONO HILO GRIS OSCURO SERAFIL-20 600MTS. C/ 8861,R-63316,5.64,https://canodiy.es/serafil-20/8370-R+63316.html
HILOS,Serafil-20,serafil-20,CONO HILO GRIS SERAFIL-20 600MTS. C/ 0316,R-62908,5.65,https://canodiy.es/serafil-20/8102-R+62908.html
HILOS,Serafil-20,serafil-20,CONO HILO GRIS SERAFIL-20 600MTS. C/ 0321,R-28077,5.64,https://canodiy.es/serafil-20/8103-R+28077.html
HILOS,Serafil-20,serafil-20,CONO HILO GRIS SERAFIL-20 600MTS. C/ 0411,R-51616,5.64,https://canodiy.es/serafil-20/8113-R+51616.html
HILOS,Serafil-20,serafil-20,CONO HILO GRIS SERAFIL-20 600MTS. C/ 0412,R-22667,5.64,https://canodiy.es/serafil-20/8114-R+22667.html
HILOS,Serafil-20,serafil-20,CONO HILO GRIS SERAFIL-20 600MTS. C/ 0414,R-10602,5.64,https://canodiy.es/serafil-20/8115-R+10602.html
HILOS,Serafil-20,serafil-20,CONO HILO GRIS SERAFIL-20 600MTS. C/ 0850,R-50924,5.64,https://canodiy.es/serafil-20/8264-R+50924.html
HILOS,Serafil-20,serafil-20,CONO HILO GRIS SERAFIL-20 600MTS. C/ 1358,R-61304,5.64,https://canodiy.es/serafil-20/8297-R+61304.html
HILOS,Serafil-20,serafil-20,CONO HILO GRIS SERAFIL-20 600MTS. C/ 1361,R-46795,5.64,https://canodiy.es/serafil-20/8298-R+46795.html
HILOS,Serafil-20,serafil-20,CONO HILO GRIS SERAFIL-20 600MTS. C/ 3525,R-52105,5.64,https://canodiy.es/serafil-20/8308-R+52105.html
HILOS,Serafil-20,serafil-20,CONO HILO LILA SERAFIL-20 600MTS. C/ 1079,R-44538,5.64,https://canodiy.es/serafil-20/8277-R+44538.html
HILOS,Serafil-20,serafil-20,CONO HILO MAQUILLAJE SERAFIL-20 600MTS. C/ 0637,R-39362,5.64,https://canodiy.es/serafil-20/8129-R+39362.html
HILOS,Serafil-20,serafil-20,CONO HILO MARRÓN CAOBA SERAFIL-20 600MTS. C/ 0163,R-56258,5.64,https://canodiy.es/serafil-20/8081-R+56258.html
HILOS,Serafil-20,serafil-20,CONO HILO MARRÓN CHOCOLATE SERAFIL-20 600MTS. C/ 1223,R-16757,5.64,https://canodiy.es/serafil-20/8288-R+16757.html
HILOS,Serafil-20,serafil-20,CONO HILO MARRÓN CUERO SERAFIL-20 600MTS. C/ 1170,R-47110,5.64,https://canodiy.es/serafil-20/8284-R+47110.html
HILOS,Serafil-20,serafil-20,CONO HILO MARRÓN GRISACEO SERAFIL-20 600MTS. C/ 1227,R-61527,5.64,https://canodiy.es/serafil-20/8290-R+61527.html
HILOS,Serafil-20,serafil-20,CONO HILO MARRÓN OSCURO SERAFIL-20 2500MTS. C/ 1003,R-50327,21.47,https://canodiy.es/serafil-20/8065-R+50327.html
HILOS,Serafil-20,serafil-20,CONO HILO MARRÓN OSCURO SERAFIL-20 600MTS. C/ 0428,R-57085,5.38,https://canodiy.es/serafil-20/8119-R+57085.html
HILOS,Serafil-20,serafil-20,CONO HILO MARRÓN OSCURO SERAFIL-20 600MTS. C/ 1050,R-41620,5.64,https://canodiy.es/serafil-20/8274-R+41620.html
HILOS,Serafil-20,serafil-20,CONO HILO MARRÓN OSCURO SERAFIL-20 600MTS. C/ 1224,R-21904,5.64,https://canodiy.es/serafil-20/8289-R+21904.html
HILOS,Serafil-20,serafil-20,CONO HILO MARRÓN OSCURO SERAFIL-20 600MTS. C/ 8893,R-44171,5.64,https://canodiy.es/serafil-20/8371-R+44171.html
HILOS,Serafil-20,serafil-20,CONO HILO MARRÓN ROSADO SERAFIL-20 600MTS. C/ 8606,R-52121,5.64,https://canodiy.es/serafil-20/8360-R+52121.html
HILOS,Serafil-20,serafil-20,CONO HILO MARRÓN SERAFIL-20 2500MTS. C/ 0261,R-59512,20.44,https://canodiy.es/serafil-20/8063-R+59512.html
HILOS,Serafil-20,serafil-20,CONO HILO MARRÓN SERAFIL-20 2500MTS. C/ 1182,R-53533,21.47,https://canodiy.es/serafil-20/8067-R+53533.html
HILOS,Serafil-20,serafil-20,CONO HILO MARRÓN SERAFIL-20 600MTS. C/ 0172,R-45219,5.64,https://canodiy.es/serafil-20/8083-R+45219.html
HILOS,Serafil-20,serafil-20,CONO HILO MARRÓN SERAFIL-20 600MTS. C/ 0173,R-44027,5.64,https://canodiy.es/serafil-20/8084-R+44027.html
HILOS,Serafil-20,serafil-20,CONO HILO MARRÓN SERAFIL-20 600MTS. C/ 0175,R-41255,5.64,https://canodiy.es/serafil-20/8085-R+41255.html
HILOS,Serafil-20,serafil-20,CONO HILO MARRÓN SERAFIL-20 600MTS. C/ 0182,R-43824,5.64,https://canodiy.es/serafil-20/8086-R+43824.html
HILOS,Serafil-20,serafil-20,CONO HILO MARRÓN SERAFIL-20 600MTS. C/ 0185,R-40207,5.64,https://canodiy.es/serafil-20/8087-R+40207.html
HILOS,Serafil-20,serafil-20,CONO HILO MARRÓN SERAFIL-20 600MTS. C/ 0186,R-41158,5.64,https://canodiy.es/serafil-20/8253-R+41158.html
HILOS,Serafil-20,serafil-20,CONO HILO MARRÓN SERAFIL-20 600MTS. C/ 0196,R-44091,5.64,https://canodiy.es/serafil-20/8254-R+44091.html
HILOS,Serafil-20,serafil-20,CONO HILO MARRÓN SERAFIL-20 600MTS. C/ 0261,R-45252,5.64,https://canodiy.es/serafil-20/8090-R+45252.html
HILOS,Serafil-20,serafil-20,CONO HILO MARRÓN SERAFIL-20 600MTS. C/ 0262,R-18354,5.64,https://canodiy.es/serafil-20/8092-R+18354.html
HILOS,Serafil-20,serafil-20,CONO HILO MARRÓN SERAFIL-20 600MTS. C/ 0264,R-44092,5.64,https://canodiy.es/serafil-20/8093-R+44092.html
HILOS,Serafil-20,serafil-20,CONO HILO MARRÓN SERAFIL-20 600MTS. C/ 0269,R-44935,5.64,https://canodiy.es/serafil-20/8095-R+44935.html
HILOS,Serafil-20,serafil-20,CONO HILO MARRÓN SERAFIL-20 600MTS. C/ 0277,R-38640,5.64,https://canodiy.es/serafil-20/8097-R+38640.html
HILOS,Serafil-20,serafil-20,CONO HILO MARRÓN SERAFIL-20 600MTS. C/ 0279,R-20726,5.64,https://canodiy.es/serafil-20/8098-R+20726.html
HILOS,Serafil-20,serafil-20,CONO HILO MARRÓN SERAFIL-20 600MTS. C/ 0281,R-44629,5.64,https://canodiy.es/serafil-20/8099-R+44629.html
HILOS,Serafil-20,serafil-20,CONO HILO MARRÓN SERAFIL-20 600MTS. C/ 0287,R-8921,5.64,https://canodiy.es/serafil-20/8100-R+8921.html
HILOS,Serafil-20,serafil-20,CONO HILO MARRÓN SERAFIL-20 600MTS. C/ 0397,R-11464,5.64,https://canodiy.es/serafil-20/8183-R+11464.html
HILOS,Serafil-20,serafil-20,CONO HILO MARRÓN SERAFIL-20 600MTS. C/ 0399,R-20450,5.64,https://canodiy.es/serafil-20/8112-R+20450.html
HILOS,Serafil-20,serafil-20,CONO HILO MARRÓN SERAFIL-20 600MTS. C/ 0465,R-63069,5.65,https://canodiy.es/serafil-20/8122-R+63069.html
HILOS,Serafil-20,serafil-20,CONO HILO MARRÓN SERAFIL-20 600MTS. C/ 0475,R-11554,5.64,https://canodiy.es/serafil-20/8123-R+11554.html
HILOS,Serafil-20,serafil-20,CONO HILO MARRÓN SERAFIL-20 600MTS. C/ 0565,R-50051,5.64,https://canodiy.es/serafil-20/8126-R+50051.html
HILOS,Serafil-20,serafil-20,CONO HILO MARRÓN SERAFIL-20 600MTS. C/ 0899,R-16268,5.64,https://canodiy.es/serafil-20/8266-R+16268.html
HILOS,Serafil-20,serafil-20,CONO HILO MARRÓN SERAFIL-20 600MTS. C/ 0971,R-55665,5.64,https://canodiy.es/serafil-20/8267-R+55665.html
HILOS,Serafil-20,serafil-20,CONO HILO MARRÓN SERAFIL-20 600MTS. C/ 0975,R-43823,5.64,https://canodiy.es/serafil-20/8268-R+43823.html
HILOS,Serafil-20,serafil-20,CONO HILO MARRÓN SERAFIL-20 600MTS. C/ 0976,R-36278,5.64,https://canodiy.es/serafil-20/8269-R+36278.html
HILOS,Serafil-20,serafil-20,CONO HILO MARRÓN SERAFIL-20 600MTS. C/ 1002,R-9282,5.64,https://canodiy.es/serafil-20/8271-R+9282.html
HILOS,Serafil-20,serafil-20,CONO HILO MARRÓN SERAFIL-20 600MTS. C/ 1003,R-15576,5.64,https://canodiy.es/serafil-20/8272-R+15576.html
HILOS,Serafil-20,serafil-20,CONO HILO MARRÓN SERAFIL-20 600MTS. C/ 1182,R-16721,5.64,https://canodiy.es/serafil-20/8285-R+16721.html
HILOS,Serafil-20,serafil-20,CONO HILO MARRÓN SERAFIL-20 600MTS. C/ 1228,R-42775,5.64,https://canodiy.es/serafil-20/8291-R+42775.html
HILOS,Serafil-20,serafil-20,CONO HILO MARRÓN SERAFIL-20 600MTS. C/ 1380,R-53584,5.64,https://canodiy.es/serafil-20/8299-R+53584.html
HILOS,Serafil-20,serafil-20,CONO HILO MARRÓN SERAFIL-20 600MTS. C/ 1382,R-52856,5.64,https://canodiy.es/serafil-20/8300-R+52856.html
HILOS,Serafil-20,serafil-20,CONO HILO MARRÓN SERAFIL-20 600MTS. C/ 3542,R-57086,5.64,https://canodiy.es/serafil-20/8309-R+57086.html
HILOS,Serafil-20,serafil-20,CONO HILO MARRÓN SERAFIL-20 600MTS. C/ 7767,R-58057,5.64,https://canodiy.es/serafil-20/8316-R+58057.html
HILOS,Serafil-20,serafil-20,CONO HILO MARRÓN SERAFIL-20 600MTS. C/ 7768,R-61096,5.64,https://canodiy.es/serafil-20/8317-R+61096.html
HILOS,Serafil-20,serafil-20,CONO HILO MARRÓN SERAFIL-20 600MTS. C/ 7770,R-63703,5.64,https://canodiy.es/serafil-20/8318-R+63703.html
HILOS,Serafil-20,serafil-20,CONO HILO MARRÓN SERAFIL-20 600MTS. C/ 7862,R-33595,5.64,https://canodiy.es/serafil-20/8321-R+33595.html
HILOS,Serafil-20,serafil-20,CONO HILO MARRÓN SERAFIL-20 600MTS. C/ 7903,R-43929,5.64,https://canodiy.es/serafil-20/8323-R+43929.html
HILOS,Serafil-20,serafil-20,CONO HILO MARRÓN SERAFIL-20 600MTS. C/ 8059,R-62269,5.64,https://canodiy.es/serafil-20/8326-R+62269.html
HILOS,Serafil-20,serafil-20,CONO HILO MARRÓN TEJA SERAFIL-20 600MTS. C/ 8835,R-52482,5.64,https://canodiy.es/serafil-20/8361-R+52482.html
HILOS,Serafil-20,serafil-20,CONO HILO MORADO SERAFIL-20 600MTS. C/ 0055,R-48897,5.64,https://canodiy.es/serafil-20/8223-R+48897.html
HILOS,Serafil-20,serafil-20,CONO HILO MORADO SERAFIL-20 600MTS. C/ 0156,R-50102,5.64,https://canodiy.es/serafil-20/8250-R+50102.html
HILOS,Serafil-20,serafil-20,CONO HILO MORADO SERAFIL-20 600MTS. C/ 0160,R-44909,5.64,https://canodiy.es/serafil-20/8251-R+44909.html
HILOS,Serafil-20,serafil-20,CONO HILO MORADO SERAFIL-20 600MTS. C/ 0575,R-12877,5.64,https://canodiy.es/serafil-20/8127-R+12877.html
HILOS,Serafil-20,serafil-20,CONO HILO MORADO SERAFIL-20 600MTS. C/ 0578,R-31890,5.64,https://canodiy.es/serafil-20/8128-R+31890.html
HILOS,Serafil-20,serafil-20,CONO HILO MORADO SERAFIL-20 600MTS. C/ 0579,R-53489,5.64,https://canodiy.es/serafil-20/8258-R+53489.html
HILOS,Serafil-20,serafil-20,CONO HILO MORADO SERAFIL-20 600MTS. C/ 7823,R-58080,5.64,https://canodiy.es/serafil-20/8320-R+58080.html
HILOS,Serafil-20,serafil-20,CONO HILO MORADO SERAFIL-20 600MTS. C/ 7930,R-46876,5.64,https://canodiy.es/serafil-20/8324-R+46876.html
HILOS,Serafil-20,serafil-20,CONO HILO MORADO SERAFIL-20 600MTS. C/ 8065,R-63175,5.64,https://canodiy.es/serafil-20/8329-R+63175.html
HILOS,Serafil-20,serafil-20,CONO HILO MORADO VINO SERAFIL-20 600MTS. C/ 0168,R-19567,5.64,https://canodiy.es/serafil-20/8252-R+19567.html
HILOS,Serafil-20,serafil-20,CONO HILO NARANJA SERAFIL-20 600MTS. C/ 7822,R-1488,5.64,https://canodiy.es/serafil-20/8319-R+1488.html
HILOS,Serafil-20,serafil-20,CONO HILO NEGRO SERAFIL-20 4600MTS. C/ 4000,R-50792,39.38,https://canodiy.es/serafil-20/8222-R+50792.html
HILOS,Serafil-20,serafil-20,CONO HILO NEGRO SERAFIL-20 600MTS. C/ 4000,R-6228,5.64,https://canodiy.es/serafil-20/8311-R+6228.html
HILOS,Serafil-20,serafil-20,CONO HILO OCRE SERAFIL-20 600MTS. C/ 1130,R-52403,5.64,https://canodiy.es/serafil-20/8281-R+52403.html
HILOS,Serafil-20,serafil-20,CONO HILO ROJO BURDEOS SERAFIL-20 600MTS. C/ 0109,R-48657,5.64,https://canodiy.es/serafil-20/8226-R+48657.html
HILOS,Serafil-20,serafil-20,CONO HILO ROJO BURDEOS SERAFIL-20 600MTS. C/ 0128,R-22716,5.64,https://canodiy.es/serafil-20/8249-R+22716.html
HILOS,Serafil-20,serafil-20,CONO HILO ROJO BURDEOS SERAFIL-20 600MTS. C/ 0166,R-41861,5.64,https://canodiy.es/serafil-20/8082-R+41861.html
HILOS,Serafil-20,serafil-20,CONO HILO ROJO BURDEOS SERAFIL-20 600MTS. C/ 0788,R-21756,5.64,https://canodiy.es/serafil-20/8133-R+21756.html
HILOS,Serafil-20,serafil-20,CONO HILO ROJO BURDEOS SERAFIL-20 600MTS. C/ 7997,R-44533,5.64,https://canodiy.es/serafil-20/8325-R+44533.html
HILOS,Serafil-20,serafil-20,CONO HILO ROJO BURDEOS SERAFIL-20 600MTS. C/ 8292,R-41966,5.64,https://canodiy.es/serafil-20/8333-R+41966.html
HILOS,Serafil-20,serafil-20,CONO HILO ROJO CARMÍN SERAFIL-20 600MTS. C/ 0106,R-14895,5.64,https://canodiy.es/serafil-20/8225-R+14895.html
HILOS,Serafil-20,serafil-20,CONO HILO ROJO CORAL SERAFIL-20 600MTS. C/ 0449,R-49377,5.64,https://canodiy.es/serafil-20/8120-R+49377.html
HILOS,Serafil-20,serafil-20,CONO HILO ROJO FUEGO SERAFIL-20 600MTS. C/ 0450,R-52481,5.64,https://canodiy.es/serafil-20/8121-R+52481.html
HILOS,Serafil-20,serafil-20,CONO HILO ROJO SERAFIL-20 600MTS. C/ 0104,R-40000,5.64,https://canodiy.es/serafil-20/8077-R+40000.html
HILOS,Serafil-20,serafil-20,CONO HILO ROJO SERAFIL-20 600MTS. C/ 0105,R-20631,5.64,https://canodiy.es/serafil-20/8078-R+20631.html
HILOS,Serafil-20,serafil-20,CONO HILO ROJO SERAFIL-20 600MTS. C/ 0501,R-27730,5.64,https://canodiy.es/serafil-20/8188-R+27730.html
HILOS,Serafil-20,serafil-20,CONO HILO ROJO SERAFIL-20 600MTS. C/ 0504,R-10342,5.64,https://canodiy.es/serafil-20/8124-R+10342.html
HILOS,Serafil-20,serafil-20,CONO HILO ROJO SERAFIL-20 600MTS. C/ 0642,R-11198,5.64,https://canodiy.es/serafil-20/8191-R+11198.html
HILOS,Serafil-20,serafil-20,CONO HILO ROJO SERAFIL-20 600MTS. C/ 1074,R-49382,5.64,https://canodiy.es/serafil-20/8275-R+49382.html
HILOS,Serafil-20,serafil-20,CONO HILO ROJO SERAFIL-20 600MTS. C/ 8852,R-52769,5.64,https://canodiy.es/serafil-20/8369-R+52769.html
HILOS,Serafil-20,serafil-20,CONO HILO ROSA FUCSIA SERAFIL-20 600MTS. C/ 1417,R-19124,5.64,https://canodiy.es/serafil-20/8303-R+19124.html
HILOS,Serafil-20,serafil-20,CONO HILO ROSA FUCSIA SERAFIL-20 600MTS. C/ 1429,R-47345,5.64,https://canodiy.es/serafil-20/8304-R+47345.html
HILOS,Serafil-20,serafil-20,CONO HILO ROSA FUCSIA SERAFIL-20 600MTS. C/ 8189,R-49384,5.64,https://canodiy.es/serafil-20/8332-R+49384.html
HILOS,Serafil-20,serafil-20,CONO HILO ROSA SERAFIL-20 600MTS. C/ 0085,R-64000,5.64,https://canodiy.es/serafil-20/8075-R+64000.html
HILOS,Serafil-20,serafil-20,CONO HILO ROSA SERAFIL-20 600MTS. C/ 1411,R-9004,5.64,https://canodiy.es/serafil-20/8302-R+9004.html
HILOS,Serafil-20,serafil-20,CONO HILO ROSA SERAFIL-20 600MTS. C/ 8186,R-50134,5.64,https://canodiy.es/serafil-20/8331-R+50134.html
HILOS,Serafil-20,serafil-20,CONO HILO VERDE  SERAFIL-20 600MTS. C/ 0663,R-1489,5.64,https://canodiy.es/serafil-20/8260-R+1489.html
HILOS,Serafil-20,serafil-20,CONO HILO VERDE CAQUI SERAFIL-20 600MTS. C/ 1148,R-48896,5.64,https://canodiy.es/serafil-20/8282-R+48896.html
HILOS,Serafil-20,serafil-20,CONO HILO VERDE CAQUI SERAFIL-20 600MTS. C/ 8844,R-39794,5.64,https://canodiy.es/serafil-20/8367-R+39794.html
HILOS,Serafil-20,serafil-20,CONO HILO VERDE KAKI SERAFIL-20 600MTS. C/ 0667,R-48450,5.64,https://canodiy.es/serafil-20/8193-R+48450.html
HILOS,Serafil-20,serafil-20,CONO HILO VERDE OLIVA SERAFIL-20 600MTS. C/ 1210,R-49051,5.64,https://canodiy.es/serafil-20/8286-R+49051.html
HILOS,Serafil-20,serafil-20,CONO HILO VERDE OSCURO SERAFIL-20 600MTS. C/ 0425,R-60660,5.65,https://canodiy.es/serafil-20/8118-R+60660.html
HILOS,Serafil-20,serafil-20,CONO HILO VERDE OSCURO SERAFIL-20 600MTS. C/ 0554,R-41965,5.64,https://canodiy.es/serafil-20/8125-R+41965.html
HILOS,Serafil-20,serafil-20,CONO HILO VERDE OSCURO SERAFIL-20 600MTS. C/ 0757,R-44240,5.64,https://canodiy.es/serafil-20/8195-R+44240.html
HILOS,Serafil-20,serafil-20,CONO HILO VERDE OSCURO SERAFIL-20 600MTS. C/ 0846,R-21733,5.64,https://canodiy.es/serafil-20/8263-R+21733.html
HILOS,Serafil-20,serafil-20,CONO HILO VERDE OSCURO SERAFIL-20 600MTS. C/ 8324,R-46452,5.64,https://canodiy.es/serafil-20/8357-R+46452.html
HILOS,Serafil-20,serafil-20,CONO HILO VERDE SERAFIL-20 600MTS. C/ 0091,R-54300,5.64,https://canodiy.es/serafil-20/8224-R+54300.html
HILOS,Serafil-20,serafil-20,CONO HILO VERDE SERAFIL-20 600MTS. C/ 0244,R-43079,5.64,https://canodiy.es/serafil-20/8088-R+43079.html
HILOS,Serafil-20,serafil-20,CONO HILO VERDE SERAFIL-20 600MTS. C/ 0839,R-64001,5.64,https://canodiy.es/serafil-20/8262-R+64001.html
HILOS,Serafil-20,serafil-20,CONO HILO VERDE SERAFIL-20 600MTS. C/ 1043,R-41790,5.64,https://canodiy.es/serafil-20/8273-R+41790.html
HILOS,Serafil-20,serafil-20,CONO HILO VERDE SERAFIL-20 600MTS. C/ 1090,R-52402,5.64,https://canodiy.es/serafil-20/8278-R+52402.html
HILOS,Serafil-20,serafil-20,CONO HILO VERDE SERAFIL-20 600MTS. C/ 1095,R-1529,5.64,https://canodiy.es/serafil-20/8279-R+1529.html
HILOS,Serafil-20,serafil-20,CONO HILO VERDE SERAFIL-20 600MTS. C/ 1097,R-45267,5.64,https://canodiy.es/serafil-20/8280-R+45267.html
HILOS,Serafil-20,serafil-20,CONO HILO VERDE SERAFIL-20 600MTS. C/ 70118,R-39992,5.64,https://canodiy.es/serafil-20/8312-R+39992.html
HILOS,Serafil-20,serafil-20,CONO HILO VERDE SERAFIL-20 600MTS. C/ 7498,R-50106,5.64,https://canodiy.es/serafil-20/8315-R+50106.html
HILOS,Serafil-20,serafil-20,CONO VERDE MOSTAZA HILO SERAFIL-20 600MTS. C/ 8837,R-55528,5.64,https://canodiy.es/serafil-20/8362-R+55528.html
HILOS,Serafil-30,serafil-30,CONO HILO AMARILLO DORADO SERAFIL-30 900MTS. C/ 1102,R-51395,5.96,https://canodiy.es/serafil-30/8210-R+51395.html
HILOS,Serafil-30,serafil-30,CONO HILO AMARILLO SERAFIL-30 900MTS. C/ 0113,R-45123,5.96,https://canodiy.es/serafil-30/7823-R+45123.html
HILOS,Serafil-30,serafil-30,CONO HILO AMARILLO SERAFIL-30 900MTS. C/ 0114,R-50597,5.96,https://canodiy.es/serafil-30/7824-R+50597.html
HILOS,Serafil-30,serafil-30,CONO HILO AMARILLO SERAFIL-30 900MTS. C/ 0118,R-52156,5.96,https://canodiy.es/serafil-30/7825-R+52156.html
HILOS,Serafil-30,serafil-30,CONO HILO AMARILLO SERAFIL-30 900MTS. C/ 0891,R-50985,5.96,https://canodiy.es/serafil-30/8209-R+50985.html
HILOS,Serafil-30,serafil-30,CONO HILO AMARILLO SERAFIL-30 900MTS. C/ 7766,R-52131,5.96,https://canodiy.es/serafil-30/7020-R+52131.html
HILOS,Serafil-30,serafil-30,CONO HILO AZU CELESTE SERAFIL-30 900MTS. C/ 0036,R-54301,5.96,https://canodiy.es/serafil-30/7814-R+54301.html
HILOS,Serafil-30,serafil-30,CONO HILO AZUL CELESTE SERAFIL-30 900MTS. C/ 0020,R-55339,5.96,https://canodiy.es/serafil-30/7813-R+55339.html
HILOS,Serafil-30,serafil-30,CONO HILO AZUL CELESTE SERAFIL-30 900MTS. C/ 0042,R-60128,5.96,https://canodiy.es/serafil-30/7817-R+60128.html
HILOS,Serafil-30,serafil-30,CONO HILO AZUL CELESTE SERAFIL-30 900MTS. C/ 0271,R-51418,5.96,https://canodiy.es/serafil-30/7913-R+51418.html
HILOS,Serafil-30,serafil-30,CONO HILO AZUL MARINO SERAFIL-30 900MTS. C/ 0821,R-39767,5.96,https://canodiy.es/serafil-30/7962-R+39767.html
HILOS,Serafil-30,serafil-30,CONO HILO AZUL MARINO SERAFIL-30 900MTS. C/ 0827,R-20866,5.96,https://canodiy.es/serafil-30/8208-R+20866.html
HILOS,Serafil-30,serafil-30,CONO HILO AZUL MARINO SERAFIL-30 900MTS. C/ 1242,R-60723,5.96,https://canodiy.es/serafil-30/8178-R+60723.html
HILOS,Serafil-30,serafil-30,CONO HILO AZUL MARINO SERAFIL-30 900MTS. C/ 1254,R-60262,5.96,https://canodiy.es/serafil-30/8179-R+60262.html
HILOS,Serafil-30,serafil-30,CONO HILO AZUL MARINO SERAFIL-30 900MTS. C/ 1276,R-53650,5.97,https://canodiy.es/serafil-30/7999-R+53650.html
HILOS,Serafil-30,serafil-30,CONO HILO AZUL MARINO SERAFIL-30 900MTS. C/ 8063,R-47600,5.96,https://canodiy.es/serafil-30/8044-R+47600.html
HILOS,Serafil-30,serafil-30,CONO HILO AZUL OSCURO SERAFIL-30 900MTS. C/ 0764,R-57004,5.96,https://canodiy.es/serafil-30/7960-R+57004.html
HILOS,Serafil-30,serafil-30,CONO HILO AZUL OSCURO SERAFIL-30 900MTS. C/ 0825,R-19039,5.96,https://canodiy.es/serafil-30/7961-R+19039.html
HILOS,Serafil-30,serafil-30,CONO HILO AZUL OSCURO SERAFIL-30 900MTS. C/ 8845,R-49767,5.96,https://canodiy.es/serafil-30/8057-R+49767.html
HILOS,Serafil-30,serafil-30,CONO HILO AZUL SERAFIL-30 900MTS. C/ 0311,R-44241,5.96,https://canodiy.es/serafil-30/7907-R+44241.html
HILOS,Serafil-30,serafil-30,CONO HILO AZUL SERAFIL-30 900MTS. C/ 0350,R-56103,5.96,https://canodiy.es/serafil-30/7930-R+56103.html
HILOS,Serafil-30,serafil-30,CONO HILO AZUL SERAFIL-30 900MTS. C/ 0698,R-31053,5.96,https://canodiy.es/serafil-30/7963-R+31053.html
HILOS,Serafil-30,serafil-30,CONO HILO AZUL SERAFIL-30 900MTS. C/ 0816,R-22677,5.96,https://canodiy.es/serafil-30/7956-R+22677.html
HILOS,Serafil-30,serafil-30,CONO HILO AZUL SERAFIL-30 900MTS. C/ 1078,R-24999,5.96,https://canodiy.es/serafil-30/7990-R+24999.html
HILOS,Serafil-30,serafil-30,CONO HILO AZUL SERAFIL-30 900MTS. C/ 1306,R-45220,5.96,https://canodiy.es/serafil-30/8002-R+45220.html
HILOS,Serafil-30,serafil-30,CONO HILO AZUL SERAFIL-30 900MTS. C/ 1318,R-44537,5.96,https://canodiy.es/serafil-30/8003-R+44537.html
HILOS,Serafil-30,serafil-30,CONO HILO AZUL SERAFIL-30 900MTS. C/ 7463,R-53644,5.68,https://canodiy.es/serafil-30/8021-R+53644.html
HILOS,Serafil-30,serafil-30,CONO HILO AZUL SERAFIL-30 900MTS. C/ 8470,R-47232,5.96,https://canodiy.es/serafil-30/8050-R+47232.html
HILOS,Serafil-30,serafil-30,CONO HILO AZUL TURQUESA OSCURO SERAFIL-30 900MTS. C/ 1394,R-39150,5.96,https://canodiy.es/serafil-30/8215-R+39150.html
HILOS,Serafil-30,serafil-30,CONO HILO AZUL TURQUESA SERAFIL-30 900MTS. C/ 0485,R-47406,5.96,https://canodiy.es/serafil-30/8187-R+47406.html
HILOS,Serafil-30,serafil-30,CONO HILO AZUL TURQUESA SERAFIL-30 900MTS. C/ 0760,R-53647,5.97,https://canodiy.es/serafil-30/8196-R+53647.html
HILOS,Serafil-30,serafil-30,CONO HILO AZUL TURQUESA SERAFIL-30 900MTS. C/ 70188,R-52155,5.96,https://canodiy.es/serafil-30/8039-R+52155.html
HILOS,Serafil-30,serafil-30,CONO HILO BEGE CLARO SERAFIL-30 900MTS. C/ 0770,R-55226,5.96,https://canodiy.es/serafil-30/7959-R+55226.html
HILOS,Serafil-30,serafil-30,CONO HILO BEIGE CAMEL SERAFIL-30 900MTS. C/ 1118,R-60129,5.97,https://canodiy.es/serafil-30/8211-R+60129.html
HILOS,Serafil-30,serafil-30,CONO HILO BEIGE CLARO SERAFIL-30 900MTS. C/ 0779,R-24922,5.96,https://canodiy.es/serafil-30/7958-R+24922.html
HILOS,Serafil-30,serafil-30,CONO HILO BEIGE CLARO SERAFIL-30 900MTS. C/ 1209,R-31020,5.96,https://canodiy.es/serafil-30/7996-R+31020.html
HILOS,Serafil-30,serafil-30,CONO HILO BEIGE CLARO SERAFIL-30 900MTS. C/ 7863,R-36884,5.96,https://canodiy.es/serafil-30/8029-R+36884.html
HILOS,Serafil-30,serafil-30,CONO HILO BEIGE SERAFIL-30 900MTS. C/ 0265,R-44089,5.96,https://canodiy.es/serafil-30/7915-R+44089.html
HILOS,Serafil-30,serafil-30,CONO HILO BEIGE SERAFIL-30 900MTS. C/ 0379,R-23646,5.96,https://canodiy.es/serafil-30/7929-R+23646.html
HILOS,Serafil-30,serafil-30,CONO HILO BEIGE SERAFIL-30 900MTS. C/ 0380,R-50476,5.96,https://canodiy.es/serafil-30/7933-R+50476.html
HILOS,Serafil-30,serafil-30,CONO HILO BEIGE SERAFIL-30 900MTS. C/ 0861,R-30844,5.96,https://canodiy.es/serafil-30/7970-R+30844.html
HILOS,Serafil-30,serafil-30,CONO HILO BEIGE SERAFIL-30 900MTS. C/ 2328,R-43933,5.96,https://canodiy.es/serafil-30/8015-R+43933.html
HILOS,Serafil-30,serafil-30,CONO HILO BEIGE SERAFIL-30 900MTS. C/ 3723,R-45198,5.96,https://canodiy.es/serafil-30/8016-R+45198.html
HILOS,Serafil-30,serafil-30,CONO HILO BEIGE SERAFIL-30 900MTS. C/ 8073,R-45185,5.96,https://canodiy.es/serafil-30/8046-R+45185.html
HILOS,Serafil-30,serafil-30,CONO HILO BLANCO  SERAFIL-30 900MTS. C/ 2000,R-25829,5.3,https://canodiy.es/serafil-30/7893-R+25829.html
HILOS,Serafil-30,serafil-30,CONO HILO BLANCO ROTO SERAFIL-30 900MTS. C/ 1000,R-24664,5.96,https://canodiy.es/serafil-30/7972-R+24664.html
HILOS,Serafil-30,serafil-30,CONO HILO BRONCE SERAFIL-30 900MTS. C/ 7832,R-51396,5.96,https://canodiy.es/serafil-30/8026-R+51396.html
HILOS,Serafil-30,serafil-30,CONO HILO CAMEL SERAFIL-30 900MTS. C/ 7834,R-46519,5.96,https://canodiy.es/serafil-30/8027-R+46519.html
HILOS,Serafil-30,serafil-30,CONO HILO COBRE SERAFIL-30 900MTS. C/ 1167,R-29030,5.96,https://canodiy.es/serafil-30/7989-R+29030.html
HILOS,Serafil-30,serafil-30,CONO HILO CREMA SERAFIL-30 900MTS. C/ 3000,R-10267,5.96,https://canodiy.es/serafil-30/8017-R+10267.html
HILOS,Serafil-30,serafil-30,CONO HILO FUCSIA SERAFIL-30 900MTS. C/ 0869,R-23232,5.96,https://canodiy.es/serafil-30/7966-R+23232.html
HILOS,Serafil-30,serafil-30,CONO HILO GRANATE SERAFIL-30 900MTS. C/ 1350,R-59915,5.97,https://canodiy.es/serafil-30/8005-R+59915.html
HILOS,Serafil-30,serafil-30,CONO HILO GRIS  SERAFIL-30 900MTS. C/ 0414,R-44414,5.96,https://canodiy.es/serafil-30/7927-R+44414.html
HILOS,Serafil-30,serafil-30,CONO HILO GRIS OSCURO SERAFIL-30 900MTS. C/ 0324,R-61040,5.96,https://canodiy.es/serafil-30/7921-R+61040.html
HILOS,Serafil-30,serafil-30,CONO HILO GRIS OSCURO SERAFIL-30 900MTS. C/ 0415,R-22383,5.96,https://canodiy.es/serafil-30/8185-R+22383.html
HILOS,Serafil-30,serafil-30,CONO HILO GRIS OSCURO SERAFIL-30 900MTS. C/ 0416,R-51399,5.96,https://canodiy.es/serafil-30/7926-R+51399.html
HILOS,Serafil-30,serafil-30,CONO HILO GRIS OSCURO SERAFIL-30 900MTS. C/ 1282,R-45155,5.96,https://canodiy.es/serafil-30/8000-R+45155.html
HILOS,Serafil-30,serafil-30,CONO HILO GRIS SERAFIL-30 900MTS. C/ 0316,R-19038,5.96,https://canodiy.es/serafil-30/7923-R+19038.html
HILOS,Serafil-30,serafil-30,CONO HILO GRIS SERAFIL-30 900MTS. C/ 0318,R-27756,5.96,https://canodiy.es/serafil-30/7919-R+27756.html
HILOS,Serafil-30,serafil-30,CONO HILO GRIS SERAFIL-30 900MTS. C/ 0321,R-28078,5.96,https://canodiy.es/serafil-30/7922-R+28078.html
HILOS,Serafil-30,serafil-30,CONO HILO GRIS SERAFIL-30 900MTS. C/ 0340,R-51394,5.96,https://canodiy.es/serafil-30/7934-R+51394.html
HILOS,Serafil-30,serafil-30,CONO HILO GRIS SERAFIL-30 900MTS. C/ 0411,R-57259,5.96,https://canodiy.es/serafil-30/7928-R+57259.html
HILOS,Serafil-30,serafil-30,CONO HILO GRIS SERAFIL-30 900MTS. C/ 0412,R-53526,5.96,https://canodiy.es/serafil-30/7931-R+53526.html
HILOS,Serafil-30,serafil-30,CONO HILO GRIS SERAFIL-30 900MTS. C/ 0850,R-40659,5.96,https://canodiy.es/serafil-30/7965-R+40659.html
HILOS,Serafil-30,serafil-30,CONO HILO GRIS SERAFIL-30 900MTS. C/ 1358,R-61305,5.97,https://canodiy.es/serafil-30/8006-R+61305.html
HILOS,Serafil-30,serafil-30,CONO HILO GRIS SERAFIL-30 900MTS. C/ 1361,R-46796,5.96,https://canodiy.es/serafil-30/8007-R+46796.html
HILOS,Serafil-30,serafil-30,CONO HILO LILA SERAFIL-30 900MTS. C/ 1079,R-53648,5.96,https://canodiy.es/serafil-30/7975-R+53648.html
HILOS,Serafil-30,serafil-30,CONO HILO MAQUILLAJE SERAFIL-30 900MTS. C/ 0637,R-37902,5.96,https://canodiy.es/serafil-30/7939-R+37902.html
HILOS,Serafil-30,serafil-30,CONO HILO MARRON SERAFIL-30 900MTS. C/ 0267,R-19082,5.96,https://canodiy.es/serafil-30/7911-R+19082.html
HILOS,Serafil-30,serafil-30,CONO HILO MARRÓN  SERAFIL-30 900MTS. C/ 0262,R-22285,5.96,https://canodiy.es/serafil-30/7917-R+22285.html
HILOS,Serafil-30,serafil-30,CONO HILO MARRÓN CAMEL SERAFIL-30 900MTS. C/ 0177,R-45409,5.96,https://canodiy.es/serafil-30/7906-R+45409.html
HILOS,Serafil-30,serafil-30,CONO HILO MARRÓN CAOBA SERAFIL-30 900MTS. C/ 0163,R-63315,5.97,https://canodiy.es/serafil-30/7829-R+63315.html
HILOS,Serafil-30,serafil-30,CONO HILO MARRÓN CHOCOLATE SERAFIL-30 900MTS. C/ 1223,R-9090,5.96,https://canodiy.es/serafil-30/7995-R+9090.html
HILOS,Serafil-30,serafil-30,CONO HILO MARRÓN CUERO SERAFIL-30 900MTS. C/ 1170,R-27248,5.96,https://canodiy.es/serafil-30/7992-R+27248.html
HILOS,Serafil-30,serafil-30,CONO HILO MARRÓN DORADO SERAFIL-30 900MTS. C/ 7831,R-41151,5.96,https://canodiy.es/serafil-30/8217-R+41151.html
HILOS,Serafil-30,serafil-30,CONO HILO MARRÓN GRISACEO SERAFIL-30 900MTS. C/ 1227,R-49786,5.96,https://canodiy.es/serafil-30/7998-R+49786.html
HILOS,Serafil-30,serafil-30,CONO HILO MARRÓN OSCURO  SERAFIL-30 900MTS. C/ 1224,R-41834,5.96,https://canodiy.es/serafil-30/7955-R+41834.html
HILOS,Serafil-30,serafil-30,CONO HILO MARRÓN OSCURO SERAFIL-30 900MTS. C/ 0428,R-57087,5.96,https://canodiy.es/serafil-30/7924-R+57087.html
HILOS,Serafil-30,serafil-30,CONO HILO MARRÓN OSCURO SERAFIL-30 900MTS. C/ 1003,R-51614,5.96,https://canodiy.es/serafil-30/7974-R+51614.html
HILOS,Serafil-30,serafil-30,CONO HILO MARRÓN OSCURO SERAFIL-30 900MTS. C/ 1050,R-41621,5.96,https://canodiy.es/serafil-30/7976-R+41621.html
HILOS,Serafil-30,serafil-30,CONO HILO MARRÓN OSCURO SERAFIL-30 900MTS. C/ 8893,R-57559,5.68,https://canodiy.es/serafil-30/8058-R+57559.html
HILOS,Serafil-30,serafil-30,CONO HILO MARRÓN ROSADO SERAFIL-30 900MTS. C/ 8606,R-52122,5.96,https://canodiy.es/serafil-30/8051-R+52122.html
HILOS,Serafil-30,serafil-30,CONO HILO MARRÓN SERAFIL-30 900MTS. C/ 0172,R-45460,5.96,https://canodiy.es/serafil-30/7904-R+45460.html
HILOS,Serafil-30,serafil-30,CONO HILO MARRÓN SERAFIL-30 900MTS. C/ 0173,R-41435,5.96,https://canodiy.es/serafil-30/7905-R+41435.html
HILOS,Serafil-30,serafil-30,CONO HILO MARRÓN SERAFIL-30 900MTS. C/ 0175,R-9448,5.96,https://canodiy.es/serafil-30/8180-R+9448.html
HILOS,Serafil-30,serafil-30,CONO HILO MARRÓN SERAFIL-30 900MTS. C/ 0182,R-60519,5.96,https://canodiy.es/serafil-30/7903-R+60519.html
HILOS,Serafil-30,serafil-30,CONO HILO MARRÓN SERAFIL-30 900MTS. C/ 0185,R-41440,5.96,https://canodiy.es/serafil-30/7902-R+41440.html
HILOS,Serafil-30,serafil-30,CONO HILO MARRÓN SERAFIL-30 900MTS. C/ 0261,R-19149,5.96,https://canodiy.es/serafil-30/7918-R+19149.html
HILOS,Serafil-30,serafil-30,CONO HILO MARRÓN SERAFIL-30 900MTS. C/ 0264,R-59343,5.68,https://canodiy.es/serafil-30/7916-R+59343.html
HILOS,Serafil-30,serafil-30,CONO HILO MARRÓN SERAFIL-30 900MTS. C/ 0269,R-49920,5.96,https://canodiy.es/serafil-30/7912-R+49920.html
HILOS,Serafil-30,serafil-30,CONO HILO MARRÓN SERAFIL-30 900MTS. C/ 0277,R-50872,5.96,https://canodiy.es/serafil-30/7914-R+50872.html
HILOS,Serafil-30,serafil-30,CONO HILO MARRÓN SERAFIL-30 900MTS. C/ 0279,R-20727,5.96,https://canodiy.es/serafil-30/7910-R+20727.html
HILOS,Serafil-30,serafil-30,CONO HILO MARRÓN SERAFIL-30 900MTS. C/ 0281,R-44630,5.96,https://canodiy.es/serafil-30/7909-R+44630.html
HILOS,Serafil-30,serafil-30,CONO HILO MARRÓN SERAFIL-30 900MTS. C/ 0287,R-9412,5.96,https://canodiy.es/serafil-30/7908-R+9412.html
HILOS,Serafil-30,serafil-30,CONO HILO MARRÓN SERAFIL-30 900MTS. C/ 0397,R-20471,5.96,https://canodiy.es/serafil-30/8184-R+20471.html
HILOS,Serafil-30,serafil-30,CONO HILO MARRÓN SERAFIL-30 900MTS. C/ 0399,R-18456,5.96,https://canodiy.es/serafil-30/7932-R+18456.html
HILOS,Serafil-30,serafil-30,CONO HILO MARRÓN SERAFIL-30 900MTS. C/ 0465,R-39749,5.96,https://canodiy.es/serafil-30/7945-R+39749.html
HILOS,Serafil-30,serafil-30,CONO HILO MARRÓN SERAFIL-30 900MTS. C/ 0475,R-19277,5.96,https://canodiy.es/serafil-30/7944-R+19277.html
HILOS,Serafil-30,serafil-30,CONO HILO MARRÓN SERAFIL-30 900MTS. C/ 0565,R-274,5.96,https://canodiy.es/serafil-30/7947-R+274.html
HILOS,Serafil-30,serafil-30,CONO HILO MARRÓN SERAFIL-30 900MTS. C/ 0899,R-46833,5.96,https://canodiy.es/serafil-30/7953-R+46833.html
HILOS,Serafil-30,serafil-30,CONO HILO MARRÓN SERAFIL-30 900MTS. C/ 0971,R-46307,5.96,https://canodiy.es/serafil-30/7969-R+46307.html
HILOS,Serafil-30,serafil-30,CONO HILO MARRÓN SERAFIL-30 900MTS. C/ 0975,R-40908,5.96,https://canodiy.es/serafil-30/7967-R+40908.html
HILOS,Serafil-30,serafil-30,CONO HILO MARRÓN SERAFIL-30 900MTS. C/ 1182,R-18460,5.96,https://canodiy.es/serafil-30/7993-R+18460.html
HILOS,Serafil-30,serafil-30,CONO HILO MARRÓN SERAFIL-30 900MTS. C/ 1185,R-52713,5.97,https://canodiy.es/serafil-30/7994-R+52713.html
HILOS,Serafil-30,serafil-30,CONO HILO MARRÓN SERAFIL-30 900MTS. C/ 1380,R-2014,5.96,https://canodiy.es/serafil-30/8008-R+2014.html
HILOS,Serafil-30,serafil-30,CONO HILO MARRÓN SERAFIL-30 900MTS. C/ 7767,R-63124,5.97,https://canodiy.es/serafil-30/8023-R+63124.html
HILOS,Serafil-30,serafil-30,CONO HILO MARRÓN SERAFIL-30 900MTS. C/ 7768,R-45163,5.96,https://canodiy.es/serafil-30/8024-R+45163.html
HILOS,Serafil-30,serafil-30,CONO HILO MARRÓN SERAFIL-30 900MTS. C/ 7770,R-53643,5.68,https://canodiy.es/serafil-30/8025-R+53643.html
HILOS,Serafil-30,serafil-30,CONO HILO MARRÓN SERAFIL-30 900MTS. C/ 7862,R-57606,5.97,https://canodiy.es/serafil-30/8028-R+57606.html
HILOS,Serafil-30,serafil-30,CONO HILO MARRÓN SERAFIL-30 900MTS. C/ 7903,R-43932,5.96,https://canodiy.es/serafil-30/8030-R+43932.html
HILOS,Serafil-30,serafil-30,CONO HILO MARRÓN SERAFIL-30 900MTS. C/ 8059,R-58034,5.97,https://canodiy.es/serafil-30/8043-R+58034.html
HILOS,Serafil-30,serafil-30,CONO HILO MARRÓN SERAFIL-30 900MTS. C/ 8929,R-62667,5.96,https://canodiy.es/serafil-30/8041-R+62667.html
HILOS,Serafil-30,serafil-30,CONO HILO MARRÓN SERAFIL-40 1200MTS. C/ 0173,R-57360,6.22,https://canodiy.es/serafil-30/8410-R+57360.html
HILOS,Serafil-30,serafil-30,CONO HILO MARRÓN TEJA SERAFIL-30 900MTS. C/ 8835,R-46520,5.96,https://canodiy.es/serafil-30/8053-R+46520.html
HILOS,Serafil-30,serafil-30,CONO HILO MORADO OSCURO SERAFIL-30 900MTS. C/ 7377,R-53426,5.97,https://canodiy.es/serafil-30/8019-R+53426.html
HILOS,Serafil-30,serafil-30,CONO HILO MORADO OSCURO SERAFIL-30 900MTS. C/ 8833,R-63313,5.97,https://canodiy.es/serafil-30/8052-R+63313.html
HILOS,Serafil-30,serafil-30,CONO HILO MORADO OSCURO SERAFIL-30 900MTS. C/ 8904,R-55550,5.96,https://canodiy.es/serafil-30/8042-R+55550.html
HILOS,Serafil-30,serafil-30,CONO HILO MORADO SERAFIL-30 900MTS. C/ 0055,R-49787,5.96,https://canodiy.es/serafil-30/7818-R+49787.html
HILOS,Serafil-30,serafil-30,CONO HILO MORADO SERAFIL-30 900MTS. C/ 0156,R-50104,5.96,https://canodiy.es/serafil-30/7827-R+50104.html
HILOS,Serafil-30,serafil-30,CONO HILO MORADO SERAFIL-30 900MTS. C/ 0160,R-63314,5.97,https://canodiy.es/serafil-30/7828-R+63314.html
HILOS,Serafil-30,serafil-30,CONO HILO MORADO SERAFIL-30 900MTS. C/ 0478,R-63456,5.96,https://canodiy.es/serafil-30/7948-R+63456.html
HILOS,Serafil-30,serafil-30,CONO HILO MORADO SERAFIL-30 900MTS. C/ 0575,R-58653,5.97,https://canodiy.es/serafil-30/7941-R+58653.html
HILOS,Serafil-30,serafil-30,CONO HILO MORADO SERAFIL-30 900MTS. C/ 0578,R-49372,5.96,https://canodiy.es/serafil-30/7940-R+49372.html
HILOS,Serafil-30,serafil-30,CONO HILO MORADO SERAFIL-30 900MTS. C/ 1064,R-45221,5.96,https://canodiy.es/serafil-30/7984-R+45221.html
HILOS,Serafil-30,serafil-30,CONO HILO MORADO SERAFIL-30 900MTS. C/ 7433,R-53427,5.97,https://canodiy.es/serafil-30/8020-R+53427.html
HILOS,Serafil-30,serafil-30,CONO HILO MORADO SERAFIL-30 900MTS. C/ 7930,R-49768,5.96,https://canodiy.es/serafil-30/8032-R+49768.html
HILOS,Serafil-30,serafil-30,CONO HILO MORADO SERAFIL-30 900MTS. C/ 8065,R-39769,5.96,https://canodiy.es/serafil-30/8045-R+39769.html
HILOS,Serafil-30,serafil-30,CONO HILO MORADO VINO SERAFIL-30 900MTS. C/ 0168,R-18468,5.96,https://canodiy.es/serafil-30/7831-R+18468.html
HILOS,Serafil-30,serafil-30,CONO HILO NARANJA FLÚOR SERAFIL-30 900MTS. C/ 1428,R-48180,5.96,https://canodiy.es/serafil-30/8013-R+48180.html
HILOS,Serafil-30,serafil-30,CONO HILO NARANJA PÁLIDO SERAFIL-30 900MTS. C/ 1288,R-45162,5.96,https://canodiy.es/serafil-30/8001-R+45162.html
HILOS,Serafil-30,serafil-30,CONO HILO NEGRO SERAFIL-30 4000MTS. C/ 4000,R-57528,22.79,https://canodiy.es/serafil-30/8216-R+57528.html
HILOS,Serafil-30,serafil-30,CONO HILO NEGRO SERAFIL-30 900MTS. C/ 4000,R-20632,5.96,https://canodiy.es/serafil-30/8018-R+20632.html
HILOS,Serafil-30,serafil-30,CONO HILO OCRE SERAFIL-30 900MTS. C/ 1130,R-39834,5.96,https://canodiy.es/serafil-30/8212-R+39834.html
HILOS,Serafil-30,serafil-30,CONO HILO ROJO  SERAFIL-30 900MTS. C/ 0504,R-21152,5.96,https://canodiy.es/serafil-30/7943-R+21152.html
HILOS,Serafil-30,serafil-30,CONO HILO ROJO BURDEOS SERAFIL-30 900MTS. C/ 0128,R-18331,5.96,https://canodiy.es/serafil-30/7826-R+18331.html
HILOS,Serafil-30,serafil-30,CONO HILO ROJO BURDEOS SERAFIL-30 900MTS. C/ 0166,R-43931,5.96,https://canodiy.es/serafil-30/7830-R+43931.html
HILOS,Serafil-30,serafil-30,CONO HILO ROJO BURDEOS SERAFIL-30 900MTS. C/ 0788,R-20472,5.96,https://canodiy.es/serafil-30/7957-R+20472.html
HILOS,Serafil-30,serafil-30,CONO HILO ROJO BURDEOS SERAFIL-30 900MTS. C/ 1348,R-39768,5.96,https://canodiy.es/serafil-30/8004-R+39768.html
HILOS,Serafil-30,serafil-30,CONO HILO ROJO BURDEOS SERAFIL-30 900MTS. C/ 7997,R-47388,5.96,https://canodiy.es/serafil-30/8033-R+47388.html
HILOS,Serafil-30,serafil-30,CONO HILO ROJO BURDEOS SERAFIL-30 900MTS. C/ 8021,R-45160,5.96,https://canodiy.es/serafil-30/8034-R+45160.html
HILOS,Serafil-30,serafil-30,CONO HILO ROJO BURDEOS SERAFIL-30 900MTS. C/ 8292,R-37534,5.96,https://canodiy.es/serafil-30/8048-R+37534.html
HILOS,Serafil-30,serafil-30,CONO HILO ROJO CARMIÍN SERAFIL-30 900MTS. C/ 0106,R-59882,5.96,https://canodiy.es/serafil-30/7822-R+59882.html
HILOS,Serafil-30,serafil-30,CONO HILO ROJO CORAL SERAFIL-30 900MTS. C/ 0449,R-23645,5.96,https://canodiy.es/serafil-30/7949-R+23645.html
HILOS,Serafil-30,serafil-30,CONO HILO ROJO FUEGO SERAFIL-30 900MTS. C/ 0450,R-50598,5.96,https://canodiy.es/serafil-30/7946-R+50598.html
HILOS,Serafil-30,serafil-30,CONO HILO ROJO SERAFIL-30 900MTS. C/ 0104,R-40369,5.96,https://canodiy.es/serafil-30/7820-R+40369.html
HILOS,Serafil-30,serafil-30,CONO HILO ROJO SERAFIL-30 900MTS. C/ 0105,R-19009,5.96,https://canodiy.es/serafil-30/7821-R+19009.html
HILOS,Serafil-30,serafil-30,CONO HILO ROJO SERAFIL-30 900MTS. C/ 0501,R-26008,5.96,https://canodiy.es/serafil-30/8189-R+26008.html
HILOS,Serafil-30,serafil-30,CONO HILO ROJO SERAFIL-30 900MTS. C/ 0642,R-53645,5.97,https://canodiy.es/serafil-30/8192-R+53645.html
HILOS,Serafil-30,serafil-30,CONO HILO ROJO SERAFIL-30 900MTS. C/ 1074,R-47302,5.96,https://canodiy.es/serafil-30/7986-R+47302.html
HILOS,Serafil-30,serafil-30,CONO HILO ROSA CARMÍN SERAFIL-30 900MTS. C/ 70240,R-40125,5.96,https://canodiy.es/serafil-30/8038-R+40125.html
HILOS,Serafil-30,serafil-30,CONO HILO ROSA FUCSIA SERAFIL-30 900MTS. C/ 1417,R-15431,5.96,https://canodiy.es/serafil-30/8011-R+15431.html
HILOS,Serafil-30,serafil-30,CONO HILO ROSA FUCSIA SERAFIL-30 900MTS. C/ 1429,R-49956,5.96,https://canodiy.es/serafil-30/8014-R+49956.html
HILOS,Serafil-30,serafil-30,CONO HILO ROSA SALMON SERAFIL-30 900MTS. C/ 7924,R-52154,5.96,https://canodiy.es/serafil-30/8031-R+52154.html
HILOS,Serafil-30,serafil-30,CONO HILO ROSA SERAFIL-30 900MTS. C/ 0085,R-35673,5.96,https://canodiy.es/serafil-30/7815-R+35673.html
HILOS,Serafil-30,serafil-30,CONO HILO ROSA SERAFIL-30 900MTS. C/ 0638,R-52559,5.96,https://canodiy.es/serafil-30/8190-R+52559.html
HILOS,Serafil-30,serafil-30,CONO HILO ROSA SERAFIL-30 900MTS. C/ 1411,R-40289,5.96,https://canodiy.es/serafil-30/8009-R+40289.html
HILOS,Serafil-30,serafil-30,CONO HILO ROSA SERAFIL-30 900MTS. C/ 8186,R-50596,5.96,https://canodiy.es/serafil-30/8047-R+50596.html
HILOS,Serafil-30,serafil-30,CONO HILO VERDE  SERAFIL-30 900MTS. C/ 70268,R-52470,5.96,https://canodiy.es/serafil-30/8037-R+52470.html
HILOS,Serafil-30,serafil-30,CONO HILO VERDE CAQUI SERAFIL-30 900MTS. C/ 1148,R-62669,5.97,https://canodiy.es/serafil-30/7991-R+62669.html
HILOS,Serafil-30,serafil-30,CONO HILO VERDE CAQUI SERAFIL-30 900MTS. C/ 8844,R-61761,5.97,https://canodiy.es/serafil-30/8056-R+61761.html
HILOS,Serafil-30,serafil-30,CONO HILO VERDE FLÚOR SERAFIL-30 900MTS. C/ 1427,R-47767,5.96,https://canodiy.es/serafil-30/8012-R+47767.html
HILOS,Serafil-30,serafil-30,CONO HILO VERDE KAKI SERAFIL-30 900MTS. C/ 0667,R-59914,5.97,https://canodiy.es/serafil-30/8194-R+59914.html
HILOS,Serafil-30,serafil-30,CONO HILO VERDE MOSTAZA SERAFIL-30 900MTS. C/ 8837,R-52471,5.96,https://canodiy.es/serafil-30/8055-R+52471.html
HILOS,Serafil-30,serafil-30,CONO HILO VERDE OLIVA SERAFIL-30 900MTS. C/ 1210,R-52157,5.96,https://canodiy.es/serafil-30/8213-R+52157.html
HILOS,Serafil-30,serafil-30,CONO HILO VERDE OSCURO SERAFIL-30 900MTS. C/ 0425,R-37901,5.96,https://canodiy.es/serafil-30/7925-R+37901.html
HILOS,Serafil-30,serafil-30,CONO HILO VERDE OSCURO SERAFIL-30 900MTS. C/ 0554,R-41964,5.96,https://canodiy.es/serafil-30/7942-R+41964.html
HILOS,Serafil-30,serafil-30,CONO HILO VERDE OSCURO SERAFIL-30 900MTS. C/ 0757,R-44242,5.96,https://canodiy.es/serafil-30/7964-R+44242.html
HILOS,Serafil-30,serafil-30,CONO HILO VERDE OSCURO SERAFIL-30 900MTS. C/ 0846,R-49785,5.96,https://canodiy.es/serafil-30/7971-R+49785.html
HILOS,Serafil-30,serafil-30,CONO HILO VERDE OSCURO SERAFIL-30 900MTS. C/ 8324,R-46455,5.96,https://canodiy.es/serafil-30/8049-R+46455.html
HILOS,Serafil-30,serafil-30,CONO HILO VERDE PISTACHO SERAFIL-30 900MTS. C/ 8843,R-53646,5.96,https://canodiy.es/serafil-30/8218-R+53646.html
HILOS,Serafil-30,serafil-30,CONO HILO VERDE SERAFIL-10 300MTS. C/ 1210,R-46397,7.0,https://canodiy.es/serafil-30/7997-R+46397.html
HILOS,Serafil-30,serafil-30,CONO HILO VERDE SERAFIL-30 900MTS. C/ 0091,R-54302,5.96,https://canodiy.es/serafil-30/7816-R+54302.html
HILOS,Serafil-30,serafil-30,CONO HILO VERDE SERAFIL-30 900MTS. C/ 0239,R-22245,5.96,https://canodiy.es/serafil-30/7901-R+22245.html
HILOS,Serafil-30,serafil-30,CONO HILO VERDE SERAFIL-30 900MTS. C/ 0244,R-21725,5.96,https://canodiy.es/serafil-30/7900-R+21725.html
HILOS,Serafil-30,serafil-30,CONO HILO VERDE SERAFIL-30 900MTS. C/ 0839,R-37474,5.96,https://canodiy.es/serafil-30/6443-R+37474.html
HILOS,Serafil-30,serafil-30,CONO HILO VERDE SERAFIL-30 900MTS. C/ 1043,R-55340,5.96,https://canodiy.es/serafil-30/7973-R+55340.html
HILOS,Serafil-30,serafil-30,CONO HILO VERDE SERAFIL-30 900MTS. C/ 1090,R-39148,5.96,https://canodiy.es/serafil-30/7982-R+39148.html
HILOS,Serafil-30,serafil-30,CONO HILO VERDE SERAFIL-30 900MTS. C/ 1095,R-51417,5.96,https://canodiy.es/serafil-30/7985-R+51417.html
HILOS,Serafil-30,serafil-30,CONO HILO VERDE SERAFIL-30 900MTS. C/ 1097,R-51400,5.96,https://canodiy.es/serafil-30/7981-R+51400.html
HILOS,Serafil-30,serafil-30,CONO HILO VERDE SERAFIL-30 900MTS. C/ 70118,R-49766,5.96,https://canodiy.es/serafil-30/8219-R+49766.html
HILOS,Serafil-30,serafil-30,CONO HILO VERDE SERAFIL-30 900MTS. C/ 7498,R-41436,5.96,https://canodiy.es/serafil-30/8022-R+41436.html
HILOS,Serafil-30,serafil-30,CONO HILO VERDE SERAFIL-30 900MTS. C/ 8973,R-49784,5.96,https://canodiy.es/serafil-30/8040-R+49784.html
HILOS,Serafil-30,serafil-30,CONO HILO VIOLETA SERAFIL-30 900MTS. C/ 8038,R-42776,5.96,https://canodiy.es/serafil-30/8035-R+42776.html
HILOS,Serafil-40,serafil-40,CONO HILO AMARILLO DORADO SERAFIL-40 1200MTS. C/ 1102,R-61198,6.22,https://canodiy.es/serafil-40/8491-R+61198.html
HILOS,Serafil-40,serafil-40,CONO HILO AMARILLO FLÚOR SERAFIL-40 1200MTS. C/ 1426,R-62083,6.22,https://canodiy.es/serafil-40/8513-R+62083.html
HILOS,Serafil-40,serafil-40,CONO HILO AMARILLO SERAFIL-40 1200MTS. C/ 0113,R-62082,6.22,https://canodiy.es/serafil-40/8400-R+62082.html
HILOS,Serafil-40,serafil-40,CONO HILO AMARILLO SERAFIL-40 1200MTS. C/ 0114,R-64475,6.22,https://canodiy.es/serafil-40/8401-R+64475.html
HILOS,Serafil-40,serafil-40,CONO HILO AMARILLO SERAFIL-40 1200MTS. C/ 0118,R-46255,6.22,https://canodiy.es/serafil-40/8402-R+46255.html
HILOS,Serafil-40,serafil-40,CONO HILO AMARILLO SERAFIL-40 1200MTS. C/ 0891,R-42150,6.22,https://canodiy.es/serafil-40/8478-R+42150.html
HILOS,Serafil-40,serafil-40,CONO HILO AZUL CELESTE SERAFIL-40 1200MTS. C/ 0020,R-42750,6.22,https://canodiy.es/serafil-40/8391-R+42750.html
HILOS,Serafil-40,serafil-40,CONO HILO AZUL CELESTE SERAFIL-40 1200MTS. C/ 0042,R-42751,6.22,https://canodiy.es/serafil-40/8392-R+42751.html
HILOS,Serafil-40,serafil-40,CONO HILO AZUL CELESTE SERAFIL-40 1200MTS. C/ 0271,R-53117,6.22,https://canodiy.es/serafil-40/8422-R+53117.html
HILOS,Serafil-40,serafil-40,CONO HILO AZUL MARINO SERAFIL-40 1200MTS. C/ 0827,R-16313,6.22,https://canodiy.es/serafil-40/8471-R+16313.html
HILOS,Serafil-40,serafil-40,CONO HILO AZUL MARINO SERAFIL-40 1200MTS. C/ 1242,R-61302,6.22,https://canodiy.es/serafil-40/8502-R+61302.html
HILOS,Serafil-40,serafil-40,CONO HILO AZUL MARINO SERAFIL-40 1200MTS. C/ 1254,R-60263,6.22,https://canodiy.es/serafil-40/8503-R+60263.html
HILOS,Serafil-40,serafil-40,CONO HILO AZUL MARINO SERAFIL-40 1200MTS. C/ 1276,R-60598,6.22,https://canodiy.es/serafil-40/8504-R+60598.html
HILOS,Serafil-40,serafil-40,CONO HILO AZUL MARINO SERAFIL-40 1200MTS. C/ 1282,R-17156,6.22,https://canodiy.es/serafil-40/8505-R+17156.html
HILOS,Serafil-40,serafil-40,CONO HILO AZUL MARINO SERAFIL-40 1200MTS. C/ 70029,R-58035,6.22,https://canodiy.es/serafil-40/8526-R+58035.html
HILOS,Serafil-40,serafil-40,CONO HILO AZUL MARINO SERAFIL-40 1200MTS. C/ 8063,R-60600,6.22,https://canodiy.es/serafil-40/8549-R+60600.html
HILOS,Serafil-40,serafil-40,CONO HILO AZUL OSCURO SERAFIL-40 1200MTS. C/ 0825,R-43827,6.22,https://canodiy.es/serafil-40/8470-R+43827.html
HILOS,Serafil-40,serafil-40,CONO HILO AZUL OSCURO SERAFIL-40 1200MTS. C/ 8845,R-40647,6.22,https://canodiy.es/serafil-40/8558-R+40647.html
HILOS,Serafil-40,serafil-40,CONO HILO AZUL SERAFIL-40 1200MTS. C/ 0311,R-33865,6.22,https://canodiy.es/serafil-40/8428-R+33865.html
HILOS,Serafil-40,serafil-40,CONO HILO AZUL SERAFIL-40 1200MTS. C/ 0698,R-47288,6.22,https://canodiy.es/serafil-40/8465-R+47288.html
HILOS,Serafil-40,serafil-40,CONO HILO AZUL SERAFIL-40 1200MTS. C/ 0816,R-44094,6.22,https://canodiy.es/serafil-40/8469-R+44094.html
HILOS,Serafil-40,serafil-40,CONO HILO AZUL SERAFIL-40 1200MTS. C/ 1078,R-31063,6.22,https://canodiy.es/serafil-40/7028-R+31063.html
HILOS,Serafil-40,serafil-40,CONO HILO AZUL SERAFIL-40 1200MTS. C/ 2810,R-57323,6.22,https://canodiy.es/serafil-40/8519-R+57323.html
HILOS,Serafil-40,serafil-40,CONO HILO AZUL SERAFIL-40 1200MTS. C/ 8842,R-53491,6.22,https://canodiy.es/serafil-40/8556-R+53491.html
HILOS,Serafil-40,serafil-40,CONO HILO AZUL TURQUESA OSCURO SERAFIL-40 1200MTS. C/ 1394,R-41472,6.22,https://canodiy.es/serafil-40/7030-R+41472.html
HILOS,Serafil-40,serafil-40,CONO HILO AZUL TURQUESA SERAFIL-40 1200MTS. C/ 0359,R-60661,6.22,https://canodiy.es/serafil-40/8435-R+60661.html
HILOS,Serafil-40,serafil-40,CONO HILO AZUL TURQUESA SERAFIL-40 1200MTS. C/ 0760,R-56738,6.22,https://canodiy.es/serafil-40/8467-R+56738.html
HILOS,Serafil-40,serafil-40,CONO HILO BEIGE ARENA SERAFIL-40 1200MTS. C/ 1222,R-21906,6.22,https://canodiy.es/serafil-40/8497-R+21906.html
HILOS,Serafil-40,serafil-40,CONO HILO BEIGE CLARO  SERAFIL-40 1200MTS. C/ 7863,R-1487,6.22,https://canodiy.es/serafil-40/8536-R+1487.html
HILOS,Serafil-40,serafil-40,CONO HILO BEIGE SERAFIL-40 1200MTS. C/ 0265,R-1424,6.22,https://canodiy.es/serafil-40/8419-R+1424.html
HILOS,Serafil-40,serafil-40,CONO HILO BEIGE SERAFIL-40 1200MTS. C/ 0326,R-16375,6.22,https://canodiy.es/serafil-40/8433-R+16375.html
HILOS,Serafil-40,serafil-40,CONO HILO BEIGE SERAFIL-40 1200MTS. C/ 0379,R-57361,6.22,https://canodiy.es/serafil-40/8436-R+57361.html
HILOS,Serafil-40,serafil-40,CONO HILO BEIGE SERAFIL-40 1200MTS. C/ 0380,R-50016,6.22,https://canodiy.es/serafil-40/8437-R+50016.html
HILOS,Serafil-40,serafil-40,CONO HILO BEIGE SERAFIL-40 1200MTS. C/ 0861,R-50610,6.22,https://canodiy.es/serafil-40/8476-R+50610.html
HILOS,Serafil-40,serafil-40,CONO HILO BEIGE SERAFIL-40 1200MTS. C/ 3723,R-55666,6.22,https://canodiy.es/serafil-40/8523-R+55666.html
HILOS,Serafil-40,serafil-40,CONO HILO BEIGE SERAFIL-40 1200MTS. C/ 8073,R-43828,6.22,https://canodiy.es/serafil-40/8550-R+43828.html
HILOS,Serafil-40,serafil-40,CONO HILO BLANCO ROTO SERAFIL-40 1200MTS. C/ 1000,R-40641,5.62,https://canodiy.es/serafil-40/8481-R+40641.html
HILOS,Serafil-40,serafil-40,CONO HILO BLANCO SERAFIL-40 1200MTS. C/ 2000,R-21908,5.79,https://canodiy.es/serafil-40/7894-R+21908.html
HILOS,Serafil-40,serafil-40,CONO HILO BRONCE SERAFIL-40 1200MTS. C/ 7832,R-51397,6.22,https://canodiy.es/serafil-40/8534-R+51397.html
HILOS,Serafil-40,serafil-40,CONO HILO COBRE SERAFIL-40 1200MTS. C/ 1167,R-53424,6.22,https://canodiy.es/serafil-40/8492-R+53424.html
HILOS,Serafil-40,serafil-40,CONO HILO CREMA SERAFIL-40 1200MTS. C/ 3000,R-17970,6.22,https://canodiy.es/serafil-40/8520-R+17970.html
HILOS,Serafil-40,serafil-40,CONO HILO DORADO SERAFIL-40 1200MTS. C/ 0290,R-53130,6.22,https://canodiy.es/serafil-40/8427-R+53130.html
HILOS,Serafil-40,serafil-40,CONO HILO FUCSIA SERAFIL-40 1200MTS. C/ 0869,R-56351,6.22,https://canodiy.es/serafil-40/8477-R+56351.html
HILOS,Serafil-40,serafil-40,CONO HILO GRANATE SERAFIL-40 1200MTS. C/ 1350,R-45140,6.22,https://canodiy.es/serafil-40/8509-R+45140.html
HILOS,Serafil-40,serafil-40,CONO HILO GRIS OSCURO SERAFIL-40 1200MTS. C/ 0324,R-33574,6.22,https://canodiy.es/serafil-40/8432-R+33574.html
HILOS,Serafil-40,serafil-40,CONO HILO GRIS OSCURO SERAFIL-40 1200MTS. C/ 0415,R-42739,6.22,https://canodiy.es/serafil-40/8445-R+42739.html
HILOS,Serafil-40,serafil-40,CONO HILO GRIS OSCURO SERAFIL-40 1200MTS. C/ 0416,42312,6.22,https://canodiy.es/serafil-40/8446-42312.html
HILOS,Serafil-40,serafil-40,CONO HILO GRIS OSCURO SERAFIL-40 1200MTS. C/ 1283,R-29187,6.22,https://canodiy.es/serafil-40/8506-R+29187.html
HILOS,Serafil-40,serafil-40,CONO HILO GRIS SERAFIL-40 1200MTS. C/ 0316,R-59702,6.22,https://canodiy.es/serafil-40/8429-R+59702.html
HILOS,Serafil-40,serafil-40,CONO HILO GRIS SERAFIL-40 1200MTS. C/ 0318,R-51557,6.22,https://canodiy.es/serafil-40/8430-R+51557.html
HILOS,Serafil-40,serafil-40,CONO HILO GRIS SERAFIL-40 1200MTS. C/ 0321,R-51405,6.22,https://canodiy.es/serafil-40/8431-R+51405.html
HILOS,Serafil-40,serafil-40,CONO HILO GRIS SERAFIL-40 1200MTS. C/ 0340,R-39890,6.22,https://canodiy.es/serafil-40/8434-R+39890.html
HILOS,Serafil-40,serafil-40,CONO HILO GRIS SERAFIL-40 1200MTS. C/ 0412,R-39891,6.22,https://canodiy.es/serafil-40/8441-R+39891.html
HILOS,Serafil-40,serafil-40,CONO HILO GRIS SERAFIL-40 1200MTS. C/ 0414,42286,6.22,https://canodiy.es/serafil-40/8442-42286.html
HILOS,Serafil-40,serafil-40,CONO HILO GRIS SERAFIL-40 1200MTS. C/ 0850,R-41546,6.22,https://canodiy.es/serafil-40/8475-R+41546.html
HILOS,Serafil-40,serafil-40,CONO HILO GRIS SERAFIL-40 1200MTS. C/ 3525,R-52508,6.22,https://canodiy.es/serafil-40/8521-R+52508.html
HILOS,Serafil-40,serafil-40,CONO HILO MAQUILLAJE SERAFIL-40 1200MTS. C/ 0637,R-43826,6.22,https://canodiy.es/serafil-40/8461-R+43826.html
HILOS,Serafil-40,serafil-40,CONO HILO MARRÓN CAMEL SERAFIL-40 1200MTS. C/ 0177,R-55431,6.22,https://canodiy.es/serafil-40/8412-R+55431.html
HILOS,Serafil-40,serafil-40,CONO HILO MARRÓN CAOBA SERAFIL-40 1200MTS. C/ 0163,R-56259,6.22,https://canodiy.es/serafil-40/8407-R+56259.html
HILOS,Serafil-40,serafil-40,CONO HILO MARRÓN CHOCOLATE SERAFIL-40 1200MTS. C/ 1223,R-40317,6.22,https://canodiy.es/serafil-40/8498-R+40317.html
HILOS,Serafil-40,serafil-40,CONO HILO MARRÓN CUERO SERAFIL-40 1200MTS. C/ 1170,R-43810,6.22,https://canodiy.es/serafil-40/8493-R+43810.html
HILOS,Serafil-40,serafil-40,CONO HILO MARRÓN DORADO SERAFIL-40 1200MTS. C/ 7831,R-63536,6.22,https://canodiy.es/serafil-40/8533-R+63536.html
HILOS,Serafil-40,serafil-40,CONO HILO MARRÓN GRISACEO SERAFIL-40 1200MTS. C/ 1227,R-53110,6.22,https://canodiy.es/serafil-40/8500-R+53110.html
HILOS,Serafil-40,serafil-40,CONO HILO MARRÓN OSCURO SERAFIL-40 1200MTS. C/ 0428,R-57089,6.22,https://canodiy.es/serafil-40/8448-R+57089.html
HILOS,Serafil-40,serafil-40,CONO HILO MARRÓN OSCURO SERAFIL-40 1200MTS. C/ 1003,R-32899,6.22,https://canodiy.es/serafil-40/8483-R+32899.html
HILOS,Serafil-40,serafil-40,CONO HILO MARRÓN OSCURO SERAFIL-40 1200MTS. C/ 1224,R-34758,6.22,https://canodiy.es/serafil-40/8499-R+34758.html
HILOS,Serafil-40,serafil-40,CONO HILO MARRÓN SERAFIL-40 1200MTS. C/ 0175,R-41623,6.22,https://canodiy.es/serafil-40/8411-R+41623.html
HILOS,Serafil-40,serafil-40,CONO HILO MARRÓN SERAFIL-40 1200MTS. C/ 0182,R-40509,6.22,https://canodiy.es/serafil-40/8413-R+40509.html
HILOS,Serafil-40,serafil-40,CONO HILO MARRÓN SERAFIL-40 1200MTS. C/ 0185,R-46363,6.22,https://canodiy.es/serafil-40/8414-R+46363.html
HILOS,Serafil-40,serafil-40,CONO HILO MARRÓN SERAFIL-40 1200MTS. C/ 0186,R-47108,6.22,https://canodiy.es/serafil-40/7954-R+47108.html
HILOS,Serafil-40,serafil-40,CONO HILO MARRÓN SERAFIL-40 1200MTS. C/ 0196,R-53126,6.22,https://canodiy.es/serafil-40/8415-R+53126.html
HILOS,Serafil-40,serafil-40,CONO HILO MARRÓN SERAFIL-40 1200MTS. C/ 0261,R-46581,6.22,https://canodiy.es/serafil-40/8416-R+46581.html
HILOS,Serafil-40,serafil-40,CONO HILO MARRÓN SERAFIL-40 1200MTS. C/ 0262,R-47347,6.22,https://canodiy.es/serafil-40/8417-R+47347.html
HILOS,Serafil-40,serafil-40,CONO HILO MARRÓN SERAFIL-40 1200MTS. C/ 0264,R-59344,6.22,https://canodiy.es/serafil-40/8418-R+59344.html
HILOS,Serafil-40,serafil-40,CONO HILO MARRÓN SERAFIL-40 1200MTS. C/ 0267,R-46486,6.22,https://canodiy.es/serafil-40/8420-R+46486.html
HILOS,Serafil-40,serafil-40,CONO HILO MARRÓN SERAFIL-40 1200MTS. C/ 0269,R-29386,6.22,https://canodiy.es/serafil-40/8421-R+29386.html
HILOS,Serafil-40,serafil-40,CONO HILO MARRÓN SERAFIL-40 1200MTS. C/ 0277,R-48355,6.22,https://canodiy.es/serafil-40/8423-R+48355.html
HILOS,Serafil-40,serafil-40,CONO HILO MARRÓN SERAFIL-40 1200MTS. C/ 0279,R-27438,6.22,https://canodiy.es/serafil-40/8424-R+27438.html
HILOS,Serafil-40,serafil-40,CONO HILO MARRÓN SERAFIL-40 1200MTS. C/ 0281,R-39830,6.22,https://canodiy.es/serafil-40/8425-R+39830.html
HILOS,Serafil-40,serafil-40,CONO HILO MARRÓN SERAFIL-40 1200MTS. C/ 0287,R-10264,6.22,https://canodiy.es/serafil-40/8426-R+10264.html
HILOS,Serafil-40,serafil-40,CONO HILO MARRÓN SERAFIL-40 1200MTS. C/ 0397,R-20667,6.22,https://canodiy.es/serafil-40/8438-R+20667.html
HILOS,Serafil-40,serafil-40,CONO HILO MARRÓN SERAFIL-40 1200MTS. C/ 0399,R-26119,6.22,https://canodiy.es/serafil-40/8439-R+26119.html
HILOS,Serafil-40,serafil-40,CONO HILO MARRÓN SERAFIL-40 1200MTS. C/ 0465,R-62084,6.22,https://canodiy.es/serafil-40/8451-R+62084.html
HILOS,Serafil-40,serafil-40,CONO HILO MARRÓN SERAFIL-40 1200MTS. C/ 0475,R-24235,6.22,https://canodiy.es/serafil-40/8452-R+24235.html
HILOS,Serafil-40,serafil-40,CONO HILO MARRÓN SERAFIL-40 1200MTS. C/ 0565,R-61452,6.22,https://canodiy.es/serafil-40/8456-R+61452.html
HILOS,Serafil-40,serafil-40,CONO HILO MARRÓN SERAFIL-40 1200MTS. C/ 0899,R-1881,6.22,https://canodiy.es/serafil-40/7952-R+1881.html
HILOS,Serafil-40,serafil-40,CONO HILO MARRÓN SERAFIL-40 1200MTS. C/ 0971,R-53425,6.22,https://canodiy.es/serafil-40/8479-R+53425.html
HILOS,Serafil-40,serafil-40,CONO HILO MARRÓN SERAFIL-40 1200MTS. C/ 0976,R-1486,6.22,https://canodiy.es/serafil-40/8480-R+1486.html
HILOS,Serafil-40,serafil-40,CONO HILO MARRÓN SERAFIL-40 1200MTS. C/ 1002,R-21907,6.22,https://canodiy.es/serafil-40/8482-R+21907.html
HILOS,Serafil-40,serafil-40,CONO HILO MARRÓN SERAFIL-40 1200MTS. C/ 1182,R-19451,6.22,https://canodiy.es/serafil-40/8494-R+19451.html
HILOS,Serafil-40,serafil-40,CONO HILO MARRÓN SERAFIL-40 1200MTS. C/ 1185,R-52714,6.22,https://canodiy.es/serafil-40/8495-R+52714.html
HILOS,Serafil-40,serafil-40,CONO HILO MARRÓN SERAFIL-40 1200MTS. C/ 1228,R-41474,6.22,https://canodiy.es/serafil-40/8501-R+41474.html
HILOS,Serafil-40,serafil-40,CONO HILO MARRÓN SERAFIL-40 1200MTS. C/ 1380,R-55499,6.22,https://canodiy.es/serafil-40/8510-R+55499.html
HILOS,Serafil-40,serafil-40,CONO HILO MARRÓN SERAFIL-40 1200MTS. C/ 3542,R-57088,6.22,https://canodiy.es/serafil-40/8522-R+57088.html
HILOS,Serafil-40,serafil-40,CONO HILO MARRÓN SERAFIL-40 1200MTS. C/ 7767,R-43822,6.22,https://canodiy.es/serafil-40/8530-R+43822.html
HILOS,Serafil-40,serafil-40,CONO HILO MARRÓN SERAFIL-40 1200MTS. C/ 7862,R-55301,6.22,https://canodiy.es/serafil-40/8535-R+55301.html
HILOS,Serafil-40,serafil-40,CONO HILO MARRÓN SERAFIL-40 1200MTS. C/ 7903,R-61000,6.22,https://canodiy.es/serafil-40/8537-R+61000.html
HILOS,Serafil-40,serafil-40,CONO HILO MARRÓN SERAFIL-40 1200MTS. C/ 7971,R-57329,6.22,https://canodiy.es/serafil-40/8545-R+57329.html
HILOS,Serafil-40,serafil-40,CONO HILO MARRÓN SERAFIL-40 1200MTS. C/ 8059,R-53057,6.22,https://canodiy.es/serafil-40/8548-R+53057.html
HILOS,Serafil-40,serafil-40,CONO HILO MARRÓN SERAFIL-40 1200MTS. C/ 8577,R-37383,6.22,https://canodiy.es/serafil-40/8553-R+37383.html
HILOS,Serafil-40,serafil-40,CONO HILO MARRÓN SERAFIL-40 1200MTS. C/ 8929,R-62668,6.22,https://canodiy.es/serafil-40/8562-R+62668.html
HILOS,Serafil-40,serafil-40,CONO HILO MARRÓN TEJA SERAFIL-40 1200MTS. C/ 8835,R-52407,6.22,https://canodiy.es/serafil-40/8554-R+52407.html
HILOS,Serafil-40,serafil-40,CONO HILO MORADO FINO SERAFIL-40 1200MTS. C/ 0168,R-43127,6.22,https://canodiy.es/serafil-40/8409-R+43127.html
HILOS,Serafil-40,serafil-40,CONO HILO MORADO OSCURO SERAFIL-40 1200MTS. C/ 7377,R-49370,6.22,https://canodiy.es/serafil-40/8528-R+49370.html
HILOS,Serafil-40,serafil-40,CONO HILO MORADO OSCURO SERAFIL-40 1200MTS. C/ 8904,R-55549,6.22,https://canodiy.es/serafil-40/8560-R+55549.html
HILOS,Serafil-40,serafil-40,CONO HILO MORADO SERAFIL-40 1200MTS. C/ 0055,R-53151,6.22,https://canodiy.es/serafil-40/8393-R+53151.html
HILOS,Serafil-40,serafil-40,CONO HILO MORADO SERAFIL-40 1200MTS. C/ 0156,R-47553,6.22,https://canodiy.es/serafil-40/8405-R+47553.html
HILOS,Serafil-40,serafil-40,CONO HILO MORADO SERAFIL-40 1200MTS. C/ 0157,R-42146,6.22,https://canodiy.es/serafil-40/8406-R+42146.html
HILOS,Serafil-40,serafil-40,CONO HILO MORADO SERAFIL-40 1200MTS. C/ 0575,R-52930,6.22,https://canodiy.es/serafil-40/8457-R+52930.html
HILOS,Serafil-40,serafil-40,CONO HILO MORADO SERAFIL-40 1200MTS. C/ 0578,R-49588,6.22,https://canodiy.es/serafil-40/8458-R+49588.html
HILOS,Serafil-40,serafil-40,CONO HILO MORADO SERAFIL-40 1200MTS. C/ 0579,R-52123,6.22,https://canodiy.es/serafil-40/8459-R+52123.html
HILOS,Serafil-40,serafil-40,CONO HILO MORADO SERAFIL-40 1200MTS. C/ 1064,R-63195,6.22,https://canodiy.es/serafil-40/8484-R+63195.html
HILOS,Serafil-40,serafil-40,CONO HILO MORADO SERAFIL-40 1200MTS. C/ 7433,R-49585,6.22,https://canodiy.es/serafil-40/8529-R+49585.html
HILOS,Serafil-40,serafil-40,CONO HILO MORADO SERAFIL-40 1200MTS. C/ 7823,R-61574,6.22,https://canodiy.es/serafil-40/8532-R+61574.html
HILOS,Serafil-40,serafil-40,CONO HILO NARANJA FLÚOR SERAFIL-40 1200MTS. C/ 1428,R-36471,6.22,https://canodiy.es/serafil-40/8514-R+36471.html
HILOS,Serafil-40,serafil-40,CONO HILO NARANJA PÁLIDO SERAFIL-40 1200MTS. C/ 1288,R-47238,6.22,https://canodiy.es/serafil-40/8507-R+47238.html
HILOS,Serafil-40,serafil-40,CONO HILO NARANJA SERAFIL-40 1200MTS. C/ 0123,R-58869,6.22,https://canodiy.es/serafil-40/8403-R+58869.html
HILOS,Serafil-40,serafil-40,CONO HILO NARANJA SERAFIL-40 1200MTS. C/ 7822,R-53119,6.22,https://canodiy.es/serafil-40/8531-R+53119.html
HILOS,Serafil-40,serafil-40,CONO HILO NEGRO SERAFIL-40 1200MTS. C/ 4000,R-10542,6.22,https://canodiy.es/serafil-40/8524-R+10542.html
HILOS,Serafil-40,serafil-40,CONO HILO OCRE SERAFIL-40 1200MTS. C/ 1130,R-52405,6.22,https://canodiy.es/serafil-40/8489-R+52405.html
HILOS,Serafil-40,serafil-40,CONO HILO ROJO BURDEOS SERAFIL-40 1200MTS. C/ 0109,R-49050,6.22,https://canodiy.es/serafil-40/8399-R+49050.html
HILOS,Serafil-40,serafil-40,CONO HILO ROJO BURDEOS SERAFIL-40 1200MTS. C/ 0128,R-47366,6.22,https://canodiy.es/serafil-40/8404-R+47366.html
HILOS,Serafil-40,serafil-40,CONO HILO ROJO BURDEOS SERAFIL-40 1200MTS. C/ 0166,R-47143,6.22,https://canodiy.es/serafil-40/8408-R+47143.html
HILOS,Serafil-40,serafil-40,CONO HILO ROJO BURDEOS SERAFIL-40 1200MTS. C/ 0788,42313,6.22,https://canodiy.es/serafil-40/8468-42313.html
HILOS,Serafil-40,serafil-40,CONO HILO ROJO BURDEOS SERAFIL-40 1200MTS. C/ 1348,R-40646,6.22,https://canodiy.es/serafil-40/8508-R+40646.html
HILOS,Serafil-40,serafil-40,CONO HILO ROJO BURDEOS SERAFIL-40 1200MTS. C/ 7997,R-51393,6.22,https://canodiy.es/serafil-40/8546-R+51393.html
HILOS,Serafil-40,serafil-40,CONO HILO ROJO CORAL SERAFIL-40 1200MTS. C/ 0449,R-52404,6.22,https://canodiy.es/serafil-40/8449-R+52404.html
HILOS,Serafil-40,serafil-40,CONO HILO ROJO CORAL SERAFIL-40 1200MTS. C/ 0450,R-53423,6.22,https://canodiy.es/serafil-40/8450-R+53423.html
HILOS,Serafil-40,serafil-40,CONO HILO ROJO SERAFIL-40 1200MTS. C/ 0104,R-403,6.22,https://canodiy.es/serafil-40/8397-R+403.html
HILOS,Serafil-40,serafil-40,CONO HILO ROJO SERAFIL-40 1200MTS. C/ 0105,R-35592,6.22,https://canodiy.es/serafil-40/8398-R+35592.html
HILOS,Serafil-40,serafil-40,CONO HILO ROJO SERAFIL-40 1200MTS. C/ 0501,R-1880,6.22,https://canodiy.es/serafil-40/8453-R+1880.html
HILOS,Serafil-40,serafil-40,CONO HILO ROJO SERAFIL-40 1200MTS. C/ 0504,R-33919,6.22,https://canodiy.es/serafil-40/8454-R+33919.html
HILOS,Serafil-40,serafil-40,CONO HILO ROJO SERAFIL-40 1200MTS. C/ 0642,R-33920,6.22,https://canodiy.es/serafil-40/8463-R+33920.html
HILOS,Serafil-40,serafil-40,CONO HILO ROJO SERAFIL-40 1200MTS. C/ 1074,R-49383,6.22,https://canodiy.es/serafil-40/8485-R+49383.html
HILOS,Serafil-40,serafil-40,CONO HILO ROJO SERAFIL-40 1200MTS. C/ 8852,R-52770,6.22,https://canodiy.es/serafil-40/8559-R+52770.html
HILOS,Serafil-40,serafil-40,CONO HILO ROSA CARMÍN SERAFIL-40 1200MTS. C/ 8038,R-42749,6.22,https://canodiy.es/serafil-40/8547-R+42749.html
HILOS,Serafil-40,serafil-40,CONO HILO ROSA CLARO SERAFIL-40 1200MTS. C/ 0097,R-53118,6.22,https://canodiy.es/serafil-40/8396-R+53118.html
HILOS,Serafil-40,serafil-40,CONO HILO ROSA CLARO SERAFIL-40 1200MTS. C/ 0600,R-39544,6.22,https://canodiy.es/serafil-40/8460-R+39544.html
HILOS,Serafil-40,serafil-40,CONO HILO ROSA FUCSIA SERAFIL-40 1200MTS. C/ 1417,R-49902,6.22,https://canodiy.es/serafil-40/8512-R+49902.html
HILOS,Serafil-40,serafil-40,CONO HILO ROSA FUCSIA SERAFIL-40 1200MTS. C/ 1429,R-47554,6.22,https://canodiy.es/serafil-40/8515-R+47554.html
HILOS,Serafil-40,serafil-40,CONO HILO ROSA FUCSIA SERAFIL-40 1200MTS. C/ 8189,R-41473,6.22,https://canodiy.es/serafil-40/8551-R+41473.html
HILOS,Serafil-40,serafil-40,CONO HILO ROSA SALMÓN SERAFIL-40 1200MTS. C/ 7924,R-33103,6.22,https://canodiy.es/serafil-40/8544-R+33103.html
HILOS,Serafil-40,serafil-40,CONO HILO ROSA SERAFIL-40 1200MTS. C/ 0085,R-64002,6.22,https://canodiy.es/serafil-40/8394-R+64002.html
HILOS,Serafil-40,serafil-40,CONO HILO ROSA SERAFIL-40 1200MTS. C/ 0638,R-47573,6.22,https://canodiy.es/serafil-40/8462-R+47573.html
HILOS,Serafil-40,serafil-40,CONO HILO ROSA SERAFIL-40 1200MTS. C/ 1411,R-33575,6.22,https://canodiy.es/serafil-40/8511-R+33575.html
HILOS,Serafil-40,serafil-40,CONO HILO ROSA SERAFIL-40 1200MTS. C/ 8186,R-50497,6.22,https://canodiy.es/serafil-40/7027-R+50497.html
HILOS,Serafil-40,serafil-40,CONO HILO SERAFIL SERAFIL-40 1200MTS. C/ 0411,42326,6.22,https://canodiy.es/serafil-40/8440-42326.html
HILOS,Serafil-40,serafil-40,CONO HILO VERDE CAQUI SERAFIL-40 1200MTS. C/ 1148,R-59370,6.22,https://canodiy.es/serafil-40/8490-R+59370.html
HILOS,Serafil-40,serafil-40,CONO HILO VERDE CAQUI SERAFIL-40 1200MTS. C/ 8844,R-47344,6.22,https://canodiy.es/serafil-40/8557-R+47344.html
HILOS,Serafil-40,serafil-40,CONO HILO VERDE FLÚOR SERAFIL-40 1200MTS. C/ 1427,R-49589,6.22,https://canodiy.es/serafil-40/7031-R+49589.html
HILOS,Serafil-40,serafil-40,CONO HILO VERDE KAKI SERAFIL-40 1200MTS. C/ 0667,R-58764,6.22,https://canodiy.es/serafil-40/8464-R+58764.html
HILOS,Serafil-40,serafil-40,CONO HILO VERDE MOSTAZA SERAFIL-40 1200MTS. C/ 8837,R-58739,6.22,https://canodiy.es/serafil-40/8555-R+58739.html
HILOS,Serafil-40,serafil-40,CONO HILO VERDE OLIVA SERAFIL-40 1200MTS. C/ 1210,R-49296,6.22,https://canodiy.es/serafil-40/8496-R+49296.html
HILOS,Serafil-40,serafil-40,CONO HILO VERDE OSCURO SERAFIL-40 1200MTS. C/ 0425,R-60662,6.22,https://canodiy.es/serafil-40/8447-R+60662.html
HILOS,Serafil-40,serafil-40,CONO HILO VERDE OSCURO SERAFIL-40 1200MTS. C/ 0554,R-40838,6.22,https://canodiy.es/serafil-40/8455-R+40838.html
HILOS,Serafil-40,serafil-40,CONO HILO VERDE OSCURO SERAFIL-40 1200MTS. C/ 0757,R-40504,6.22,https://canodiy.es/serafil-40/8466-R+40504.html
HILOS,Serafil-40,serafil-40,CONO HILO VERDE OSCURO SERAFIL-40 1200MTS. C/ 0846,R-29857,6.22,https://canodiy.es/serafil-40/8474-R+29857.html
HILOS,Serafil-40,serafil-40,CONO HILO VERDE OSCURO SERAFIL-40 1200MTS. C/ 8324,R-64358,6.22,https://canodiy.es/serafil-40/8552-R+64358.html
HILOS,Serafil-40,serafil-40,CONO HILO VERDE SERAFIL-40 1200MTS. C/ 0091,R-39873,6.22,https://canodiy.es/serafil-40/8395-R+39873.html
HILOS,Serafil-40,serafil-40,CONO HILO VERDE SERAFIL-40 1200MTS. C/ 0839,R-64003,6.22,https://canodiy.es/serafil-40/8472-R+64003.html
HILOS,Serafil-40,serafil-40,CONO HILO VERDE SERAFIL-40 1200MTS. C/ 0842,R-57926,6.22,https://canodiy.es/serafil-40/8473-R+57926.html
HILOS,Serafil-40,serafil-40,CONO HILO VERDE SERAFIL-40 1200MTS. C/ 1043,R-47076,6.22,https://canodiy.es/serafil-40/7029-R+47076.html
HILOS,Serafil-40,serafil-40,CONO HILO VERDE SERAFIL-40 1200MTS. C/ 1090,R-40030,6.22,https://canodiy.es/serafil-40/8486-R+40030.html
HILOS,Serafil-40,serafil-40,CONO HILO VERDE SERAFIL-40 1200MTS. C/ 1095,R-40031,6.22,https://canodiy.es/serafil-40/8487-R+40031.html
HILOS,Serafil-40,serafil-40,CONO HILO VERDE SERAFIL-40 1200MTS. C/ 1097,R-45268,6.22,https://canodiy.es/serafil-40/8488-R+45268.html
HILOS,Serafil-40,serafil-40,CONO HILO VERDE SERAFIL-40 1200MTS. C/ 70118,R-39936,6.22,https://canodiy.es/serafil-40/8527-R+39936.html
HILOS,Serafil-40,serafil-40,CONO HILO VERDE SERAFIL-40 1200MTS. C/ 70268,R-52704,6.22,https://canodiy.es/serafil-40/8036-R+52704.html
HILOS,Serafil-40,serafil-40,CONO HILO VERDE SERAFIL-40 1200MTS. C/ 8973,R-51924,6.22,https://canodiy.es/serafil-40/8563-R+51924.html
HILOS,Serafil-60,serafil-60,CONO HILO AMARILLO DORADO SERAFIL-60 1800MTS. C/ 1102,R-41518,6.63,https://canodiy.es/serafil-60/8644-R+41518.html
HILOS,Serafil-60,serafil-60,CONO HILO AMARILLO FLÚOR SERAFIL-60 1800MTS. C/ 1426,R-38397,6.63,https://canodiy.es/serafil-60/8691-R+38397.html
HILOS,Serafil-60,serafil-60,CONO HILO AMARILLO SERAFIL-60 1800MTS. C/ 0113,R-27994,6.63,https://canodiy.es/serafil-60/8576-R+27994.html
HILOS,Serafil-60,serafil-60,CONO HILO AMARILLO SERAFIL-60 1800MTS. C/ 0114,R-55458,6.63,https://canodiy.es/serafil-60/8577-R+55458.html
HILOS,Serafil-60,serafil-60,CONO HILO AZUL CELESTE SERAFIL-60 1800MTS. C/ 0020,R-47236,6.63,https://canodiy.es/serafil-60/8568-R+47236.html
HILOS,Serafil-60,serafil-60,CONO HILO AZUL CELESTE SERAFIL-60 1800MTS. C/ 0042,R-49758,6.63,https://canodiy.es/serafil-60/8569-R+49758.html
HILOS,Serafil-60,serafil-60,CONO HILO AZUL MARINO SERAFIL-60 1800MTS. C/ 0821,42250,6.63,https://canodiy.es/serafil-60/8627-42250.html
HILOS,Serafil-60,serafil-60,CONO HILO AZUL MARINO SERAFIL-60 1800MTS. C/ 0827,R-13290,6.63,https://canodiy.es/serafil-60/8629-R+13290.html
HILOS,Serafil-60,serafil-60,CONO HILO AZUL MARINO SERAFIL-60 1800MTS. C/ 1254,R-33821,6.63,https://canodiy.es/serafil-60/8679-R+33821.html
HILOS,Serafil-60,serafil-60,CONO HILO AZUL MARINO SERAFIL-60 1800MTS. C/ 1276,R-40642,6.63,https://canodiy.es/serafil-60/8680-R+40642.html
HILOS,Serafil-60,serafil-60,CONO HILO AZUL OSCURO SERAFIL-60 1800MTS. C/ 0764,R-20200,6.63,https://canodiy.es/serafil-60/8622-R+20200.html
HILOS,Serafil-60,serafil-60,CONO HILO AZUL OSCURO SERAFIL-60 1800MTS. C/ 0825,R-19040,6.63,https://canodiy.es/serafil-60/8628-R+19040.html
HILOS,Serafil-60,serafil-60,CONO HILO AZUL OSCURO SERAFIL-60 1800MTS. C/ 8845,R-40649,6.63,https://canodiy.es/serafil-60/8717-R+40649.html
HILOS,Serafil-60,serafil-60,CONO HILO AZUL SERAFIL-60 1800MTS. C/ 0311,R-65046,6.63,https://canodiy.es/serafil-60/8597-R+65046.html
HILOS,Serafil-60,serafil-60,CONO HILO AZUL SERAFIL-60 1800MTS. C/ 0698,R-40658,6.63,https://canodiy.es/serafil-60/8621-R+40658.html
HILOS,Serafil-60,serafil-60,CONO HILO AZUL SERAFIL-60 1800MTS. C/ 0816,R-22676,6.63,https://canodiy.es/serafil-60/8626-R+22676.html
HILOS,Serafil-60,serafil-60,CONO HILO AZUL SERAFIL-60 1800MTS. C/ 1306,R-56966,6.63,https://canodiy.es/serafil-60/8684-R+56966.html
HILOS,Serafil-60,serafil-60,CONO HILO AZUL TURQUESA SERAFIL-60 1800MTS. C/ 0485,R-51286,6.63,https://canodiy.es/serafil-60/8612-R+51286.html
HILOS,Serafil-60,serafil-60,CONO HILO BEIGE ARENA SERAFIL-60 1800MTS. C/ 1222,R-36297,6.63,https://canodiy.es/serafil-60/8675-R+36297.html
HILOS,Serafil-60,serafil-60,CONO HILO BEIGE CLARO SERAFIL-60 1800MTS. C/ 0779,R-43117,6.63,https://canodiy.es/serafil-60/8624-R+43117.html
HILOS,Serafil-60,serafil-60,CONO HILO BEIGE CLARO SERAFIL-60 1800MTS. C/ 1209,R-11748,6.63,https://canodiy.es/serafil-60/8673-R+11748.html
HILOS,Serafil-60,serafil-60,CONO HILO BEIGE CLARO SERAFIL-60 1800MTS. C/ 7863,R-45176,6.63,https://canodiy.es/serafil-60/8705-R+45176.html
HILOS,Serafil-60,serafil-60,CONO HILO BEIGE SERAFIL-60 1800MTS. C/ 0265,R-28105,6.63,https://canodiy.es/serafil-60/8591-R+28105.html
HILOS,Serafil-60,serafil-60,CONO HILO BEIGE SERAFIL-60 1800MTS. C/ 0267,R-18637,6.63,https://canodiy.es/serafil-60/8592-R+18637.html
HILOS,Serafil-60,serafil-60,CONO HILO BEIGE SERAFIL-60 1800MTS. C/ 0326,R-21052,6.63,https://canodiy.es/serafil-60/8601-R+21052.html
HILOS,Serafil-60,serafil-60,CONO HILO BEIGE SERAFIL-60 1800MTS. C/ 0861,R-61381,6.63,https://canodiy.es/serafil-60/8631-R+61381.html
HILOS,Serafil-60,serafil-60,CONO HILO BEIGE SERAFIL-60 1800MTS. C/ 7769,R-64811,6.63,https://canodiy.es/serafil-60/8702-R+64811.html
HILOS,Serafil-60,serafil-60,CONO HILO BEIGE SERAFIL-60 1800MTS. C/ 8073,R-41540,6.63,https://canodiy.es/serafil-60/8711-R+41540.html
HILOS,Serafil-60,serafil-60,CONO HILO BLANCO ROTO SERAFIL-60 1800MTS. C/ 1000,R-40554,5.79,https://canodiy.es/serafil-60/8635-R+40554.html
HILOS,Serafil-60,serafil-60,CONO HILO BLANCO ROTO SERAFIL-60 1800MTS. C/ 3000,R-20785,6.63,https://canodiy.es/serafil-60/8695-R+20785.html
HILOS,Serafil-60,serafil-60,CONO HILO BLANCO SERAFIL-60 1800MTS. C/ 2000,R-25615,6.03,https://canodiy.es/serafil-60/7895-R+25615.html
HILOS,Serafil-60,serafil-60,CONO HILO FUCSIA SERAFIL-60 1800MTS. C/ 0869,R-23231,6.63,https://canodiy.es/serafil-60/8632-R+23231.html
HILOS,Serafil-60,serafil-60,CONO HILO FUCSIA SERAFIL-60 1800MTS. C/ 1417,R-28914,6.63,https://canodiy.es/serafil-60/8690-R+28914.html
HILOS,Serafil-60,serafil-60,CONO HILO GRANATE SERAFIL-60 1800MTS. C/ 1350,R-47263,6.63,https://canodiy.es/serafil-60/8687-R+47263.html
HILOS,Serafil-60,serafil-60,CONO HILO GRIS OSCURO SERAFIL-60 1800MTS. C/ 0324,R-63200,6.63,https://canodiy.es/serafil-60/8600-R+63200.html
HILOS,Serafil-60,serafil-60,CONO HILO GRIS OSCURO SERAFIL-60 1800MTS. C/ 0416,R-51353,6.63,https://canodiy.es/serafil-60/8607-R+51353.html
HILOS,Serafil-60,serafil-60,CONO HILO GRIS OSCURO SERAFIL-60 1800MTS. C/ 1282,R-40068,6.63,https://canodiy.es/serafil-60/8681-R+40068.html
HILOS,Serafil-60,serafil-60,CONO HILO GRIS OSCURO SERAFIL-60 1800MTS. C/ 1283,R-58909,6.63,https://canodiy.es/serafil-60/8682-R+58909.html
HILOS,Serafil-60,serafil-60,CONO HILO GRIS SERAFIL-60 1800MTS. C/ 0316,R-56827,6.63,https://canodiy.es/serafil-60/8598-R+56827.html
HILOS,Serafil-60,serafil-60,CONO HILO GRIS SERAFIL-60 1800MTS. C/ 0321,R-40066,6.63,https://canodiy.es/serafil-60/8599-R+40066.html
HILOS,Serafil-60,serafil-60,CONO HILO GRIS SERAFIL-60 1800MTS. C/ 0411,42327,6.63,https://canodiy.es/serafil-60/8603-42327.html
HILOS,Serafil-60,serafil-60,CONO HILO GRIS SERAFIL-60 1800MTS. C/ 0412,R-40067,6.63,https://canodiy.es/serafil-60/8604-R+40067.html
HILOS,Serafil-60,serafil-60,CONO HILO GRIS SERAFIL-60 1800MTS. C/ 0414,42287,6.63,https://canodiy.es/serafil-60/8605-42287.html
HILOS,Serafil-60,serafil-60,CONO HILO GRIS SERAFIL-60 1800MTS. C/ 0850,R-44910,6.63,https://canodiy.es/serafil-60/8630-R+44910.html
HILOS,Serafil-60,serafil-60,CONO HILO MAQUILLAJE SERAFIL-60 1800MTS. C/ 0637,R-38025,6.63,https://canodiy.es/serafil-60/8618-R+38025.html
HILOS,Serafil-60,serafil-60,CONO HILO MARRÓN CAMEL SERAFIL-60 1800MTS. C/ 0177,R-41523,6.63,https://canodiy.es/serafil-60/8586-R+41523.html
HILOS,Serafil-60,serafil-60,CONO HILO MARRÓN CAOBA SERAFIL-60 1800MTS. C/ 0163,R-28425,6.63,https://canodiy.es/serafil-60/8581-R+28425.html
HILOS,Serafil-60,serafil-60,CONO HILO MARRÓN CHOCOLATE SERAFIL-60 1800MTS. C/ 1223,R-40250,6.63,https://canodiy.es/serafil-60/8676-R+40250.html
HILOS,Serafil-60,serafil-60,CONO HILO MARRÓN CUERO SERAFIL-60 1800MTS. C/ 1170,R-43811,6.63,https://canodiy.es/serafil-60/8645-R+43811.html
HILOS,Serafil-60,serafil-60,CONO HILO MARRÓN DORADO SERAFIL-60 1800MTS. C/ 7831,R-61160,6.63,https://canodiy.es/serafil-60/8703-R+61160.html
HILOS,Serafil-60,serafil-60,CONO HILO MARRÓN OSCURO SERAFIL-60 1800MTS. C/ 0428,R-62698,6.63,https://canodiy.es/serafil-60/8609-R+62698.html
HILOS,Serafil-60,serafil-60,CONO HILO MARRÓN OSCURO SERAFIL-60 1800MTS. C/ 1003,R-40553,6.63,https://canodiy.es/serafil-60/8637-R+40553.html
HILOS,Serafil-60,serafil-60,CONO HILO MARRÓN OSCURO SERAFIL-60 1800MTS. C/ 1050,R-33820,6.63,https://canodiy.es/serafil-60/8639-R+33820.html
HILOS,Serafil-60,serafil-60,CONO HILO MARRÓN OSCURO SERAFIL-60 1800MTS. C/ 1224,R-52855,6.63,https://canodiy.es/serafil-60/8677-R+52855.html
HILOS,Serafil-60,serafil-60,CONO HILO MARRÓN OSCURO SERAFIL-60 1800MTS. C/ 8893,R-55619,6.63,https://canodiy.es/serafil-60/8718-R+55619.html
HILOS,Serafil-60,serafil-60,CONO HILO MARRÓN SERAFIL-60 1800MTS. C/ 0173,R-42937,6.63,https://canodiy.es/serafil-60/8584-R+42937.html
HILOS,Serafil-60,serafil-60,CONO HILO MARRÓN SERAFIL-60 1800MTS. C/ 0175,R-55299,6.63,https://canodiy.es/serafil-60/8585-R+55299.html
HILOS,Serafil-60,serafil-60,CONO HILO MARRÓN SERAFIL-60 1800MTS. C/ 0186,R-46875,6.63,https://canodiy.es/serafil-60/8587-R+46875.html
HILOS,Serafil-60,serafil-60,CONO HILO MARRÓN SERAFIL-60 1800MTS. C/ 0261,R-46582,6.63,https://canodiy.es/serafil-60/8588-R+46582.html
HILOS,Serafil-60,serafil-60,CONO HILO MARRÓN SERAFIL-60 1800MTS. C/ 0262,R-22292,6.63,https://canodiy.es/serafil-60/8589-R+22292.html
HILOS,Serafil-60,serafil-60,CONO HILO MARRÓN SERAFIL-60 1800MTS. C/ 0264,R-62096,6.63,https://canodiy.es/serafil-60/8590-R+62096.html
HILOS,Serafil-60,serafil-60,CONO HILO MARRÓN SERAFIL-60 1800MTS. C/ 0277,R-50870,6.63,https://canodiy.es/serafil-60/8593-R+50870.html
HILOS,Serafil-60,serafil-60,CONO HILO MARRÓN SERAFIL-60 1800MTS. C/ 0279,R-22244,6.63,https://canodiy.es/serafil-60/8594-R+22244.html
HILOS,Serafil-60,serafil-60,CONO HILO MARRÓN SERAFIL-60 1800MTS. C/ 0281,R-39394,6.63,https://canodiy.es/serafil-60/8595-R+39394.html
HILOS,Serafil-60,serafil-60,CONO HILO MARRÓN SERAFIL-60 1800MTS. C/ 0287,R-9739,6.63,https://canodiy.es/serafil-60/8596-R+9739.html
HILOS,Serafil-60,serafil-60,CONO HILO MARRÓN SERAFIL-60 1800MTS. C/ 0397,R-18002,6.63,https://canodiy.es/serafil-60/8602-R+18002.html
HILOS,Serafil-60,serafil-60,CONO HILO MARRÓN SERAFIL-60 1800MTS. C/ 0465,R-45122,6.63,https://canodiy.es/serafil-60/8610-R+45122.html
HILOS,Serafil-60,serafil-60,CONO HILO MARRÓN SERAFIL-60 1800MTS. C/ 0475,R-46695,6.63,https://canodiy.es/serafil-60/8611-R+46695.html
HILOS,Serafil-60,serafil-60,CONO HILO MARRÓN SERAFIL-60 1800MTS. C/ 0565,R-54722,6.63,https://canodiy.es/serafil-60/8616-R+54722.html
HILOS,Serafil-60,serafil-60,CONO HILO MARRÓN SERAFIL-60 1800MTS. C/ 0899,R-1882,6.63,https://canodiy.es/serafil-60/8633-R+1882.html
HILOS,Serafil-60,serafil-60,CONO HILO MARRÓN SERAFIL-60 1800MTS. C/ 0976,R-59781,6.63,https://canodiy.es/serafil-60/8634-R+59781.html
HILOS,Serafil-60,serafil-60,CONO HILO MARRÓN SERAFIL-60 1800MTS. C/ 1002,R-41726,6.63,https://canodiy.es/serafil-60/8636-R+41726.html
HILOS,Serafil-60,serafil-60,CONO HILO MARRÓN SERAFIL-60 1800MTS. C/ 1182,R-20309,6.63,https://canodiy.es/serafil-60/8671-R+20309.html
HILOS,Serafil-60,serafil-60,CONO HILO MARRÓN SERAFIL-60 1800MTS. C/ 1185,R-54325,6.63,https://canodiy.es/serafil-60/8672-R+54325.html
HILOS,Serafil-60,serafil-60,CONO HILO MARRÓN SERAFIL-60 1800MTS. C/ 1228,R-41180,6.63,https://canodiy.es/serafil-60/8678-R+41180.html
HILOS,Serafil-60,serafil-60,CONO HILO MARRÓN SERAFIL-60 1800MTS. C/ 1380,R-56242,6.63,https://canodiy.es/serafil-60/8688-R+56242.html
HILOS,Serafil-60,serafil-60,CONO HILO MARRÓN SERAFIL-60 1800MTS. C/ 7767,R-40164,6.63,https://canodiy.es/serafil-60/8700-R+40164.html
HILOS,Serafil-60,serafil-60,CONO HILO MARRÓN SERAFIL-60 1800MTS. C/ 7768,R-45164,6.63,https://canodiy.es/serafil-60/8701-R+45164.html
HILOS,Serafil-60,serafil-60,CONO HILO MARRÓN SERAFIL-60 1800MTS. C/ 7971,R-39679,6.63,https://canodiy.es/serafil-60/8707-R+39679.html
HILOS,Serafil-60,serafil-60,CONO HILO MARRÓN SERAFIL-60 1800MTS. C/ 8060,R-62095,6.63,https://canodiy.es/serafil-60/8710-R+62095.html
HILOS,Serafil-60,serafil-60,CONO HILO MARRÓN SERAFIL-60 1800MTS. C/ 8577,R-40557,6.63,https://canodiy.es/serafil-60/8715-R+40557.html
HILOS,Serafil-60,serafil-60,CONO HILO MARRÓN TEJA SERAFIL-60 1800MTS. C/ 8835,R-48531,6.63,https://canodiy.es/serafil-60/8716-R+48531.html
HILOS,Serafil-60,serafil-60,CONO HILO MORADO SERAFIL-60 1800MTS. C/ 0055,R-47545,6.63,https://canodiy.es/serafil-60/8570-R+47545.html
HILOS,Serafil-60,serafil-60,CONO HILO MORADO SERAFIL-60 1800MTS. C/ 0156,R-46854,6.63,https://canodiy.es/serafil-60/8579-R+46854.html
HILOS,Serafil-60,serafil-60,CONO HILO MORADO SERAFIL-60 1800MTS. C/ 0160,R-49994,6.63,https://canodiy.es/serafil-60/8580-R+49994.html
HILOS,Serafil-60,serafil-60,CONO HILO MORADO SERAFIL-60 1800MTS. C/ 0575,R-62870,6.63,https://canodiy.es/serafil-60/8617-R+62870.html
HILOS,Serafil-60,serafil-60,CONO HILO MORADO SERAFIL-60 1800MTS. C/ 1064,R-41456,6.63,https://canodiy.es/serafil-60/8640-R+41456.html
HILOS,Serafil-60,serafil-60,CONO HILO MORADO VINO SERAFIL-60 1800MTS. C/ 0168,R-21175,6.63,https://canodiy.es/serafil-60/8583-R+21175.html
HILOS,Serafil-60,serafil-60,CONO HILO NARANJA FLÚOR SERAFIL-60 1800MTS. C/ 1428,R-40679,6.63,https://canodiy.es/serafil-60/8692-R+40679.html
HILOS,Serafil-60,serafil-60,CONO HILO NARANJA PÁLIDO SERAFIL-60 1800MTS. C/ 1288,R-40070,6.63,https://canodiy.es/serafil-60/8683-R+40070.html
HILOS,Serafil-60,serafil-60,CONO HILO NARANJA SERAFIL-60 1800MTS. C/ 0123,R-49554,6.63,https://canodiy.es/serafil-60/8578-R+49554.html
HILOS,Serafil-60,serafil-60,CONO HILO NEGRO SERAFIL-60 1800MTS. C/ 4000,R-10575,6.63,https://canodiy.es/serafil-60/8697-R+10575.html
HILOS,Serafil-60,serafil-60,CONO HILO NEGRO SERAFIL-60 5000MTS. C/ 4000,R-46443,17.93,https://canodiy.es/serafil-60/8720-R+46443.html
HILOS,Serafil-60,serafil-60,CONO HILO ROJO  SERAFIL-60 1800MTS. C/ 0642,R-34070,6.63,https://canodiy.es/serafil-60/8619-R+34070.html
HILOS,Serafil-60,serafil-60,CONO HILO ROJO BURDEOS SERAFIL-60 1800MTS. C/ 0109,R-48532,6.63,https://canodiy.es/serafil-60/8575-R+48532.html
HILOS,Serafil-60,serafil-60,CONO HILO ROJO BURDEOS SERAFIL-60 1800MTS. C/ 0166,R-45777,6.63,https://canodiy.es/serafil-60/8582-R+45777.html
HILOS,Serafil-60,serafil-60,CONO HILO ROJO BURDEOS SERAFIL-60 1800MTS. C/ 0788,R-18816,6.63,https://canodiy.es/serafil-60/8625-R+18816.html
HILOS,Serafil-60,serafil-60,CONO HILO ROJO BURDEOS SERAFIL-60 1800MTS. C/ 1348,R-40648,6.63,https://canodiy.es/serafil-60/8686-R+40648.html
HILOS,Serafil-60,serafil-60,CONO HILO ROJO BURDEOS SERAFIL-60 1800MTS. C/ 7997,R-62338,6.63,https://canodiy.es/serafil-60/8708-R+62338.html
HILOS,Serafil-60,serafil-60,CONO HILO ROJO BURDEOS SERAFIL-60 1800MTS. C/ 8021,R-55289,6.63,https://canodiy.es/serafil-60/8709-R+55289.html
HILOS,Serafil-60,serafil-60,CONO HILO ROJO BURDEOS SERAFIL-60 1800MTS. C/ 8292,R-58570,6.63,https://canodiy.es/serafil-60/8714-R+58570.html
HILOS,Serafil-60,serafil-60,CONO HILO ROJO SERAFIL-60 1800MTS. C/ 0104,R-399,6.63,https://canodiy.es/serafil-60/8574-R+399.html
HILOS,Serafil-60,serafil-60,CONO HILO ROJO SERAFIL-60 1800MTS. C/ 0501,R-50761,6.63,https://canodiy.es/serafil-60/8613-R+50761.html
HILOS,Serafil-60,serafil-60,CONO HILO ROJO SERAFIL-60 1800MTS. C/ 0504,R-10543,6.63,https://canodiy.es/serafil-60/8614-R+10543.html
HILOS,Serafil-60,serafil-60,CONO HILO ROJO SERAFIL-60 1800MTS. C/ 1074,R-41525,6.63,https://canodiy.es/serafil-60/8641-R+41525.html
HILOS,Serafil-60,serafil-60,CONO HILO ROSA CLARO SERAFIL-60 1800MTS. C/ 0097,R-49992,6.63,https://canodiy.es/serafil-60/8573-R+49992.html
HILOS,Serafil-60,serafil-60,CONO HILO ROSA FUCSIA SERAFIL-60 1800MTS. C/ 1429,R-41096,6.63,https://canodiy.es/serafil-60/8693-R+41096.html
HILOS,Serafil-60,serafil-60,CONO HILO ROSA FUCSIA SERAFIL-60 1800MTS. C/ 8189,R-41179,6.63,https://canodiy.es/serafil-60/8713-R+41179.html
HILOS,Serafil-60,serafil-60,CONO HILO ROSA SALMÓN SERAFIL-60 1800MTS. C/ 7924,R-29091,6.63,https://canodiy.es/serafil-60/8706-R+29091.html
HILOS,Serafil-60,serafil-60,CONO HILO ROSA SERAFIL-60 1800MTS. C/ 0085,R-40069,6.63,https://canodiy.es/serafil-60/8571-R+40069.html
HILOS,Serafil-60,serafil-60,CONO HILO ROSA SERAFIL-60 1800MTS. C/ 1411,R-402,6.63,https://canodiy.es/serafil-60/8689-R+402.html
HILOS,Serafil-60,serafil-60,CONO HILO ROSA SERAFIL-60 1800MTS. C/ 8186,R-38704,6.63,https://canodiy.es/serafil-60/8712-R+38704.html
HILOS,Serafil-60,serafil-60,CONO HILO VERDE OLIVA SERAFIL-60 1800MTS. C/ 1210,R-54105,6.63,https://canodiy.es/serafil-60/8674-R+54105.html
HILOS,Serafil-60,serafil-60,CONO HILO VERDE OSCURO SERAFIL-60 1800MTS. C/ 0425,R-49995,6.63,https://canodiy.es/serafil-60/8608-R+49995.html
HILOS,Serafil-60,serafil-60,CONO HILO VERDE OSCURO SERAFIL-60 1800MTS. C/ 0554,R-40555,6.63,https://canodiy.es/serafil-60/8615-R+40555.html
HILOS,Serafil-60,serafil-60,CONO HILO VERDE SERAFIL-60 1800MTS. C/ 0091,R-47544,6.63,https://canodiy.es/serafil-60/8572-R+47544.html
HILOS,Serafil-60,serafil-60,CONO HILO VERDE SERAFIL-60 1800MTS. C/ 0663,R-44169,6.63,https://canodiy.es/serafil-60/8620-R+44169.html
HILOS,Serafil-60,serafil-60,CONO HILO VERDE SERAFIL-60 1800MTS. C/ 1043,R-47237,6.63,https://canodiy.es/serafil-60/8638-R+47237.html
HILOS,Serafil-60,serafil-60,CONO HILO VERDE SERAFIL-60 1800MTS. C/ 1090,R-41364,6.63,https://canodiy.es/serafil-60/8642-R+41364.html
HILOS,Serafil-60,serafil-60,CONO HILO VERDE SERAFIL-60 1800MTS. C/ 1095,R-41368,6.63,https://canodiy.es/serafil-60/8643-R+41368.html
HILOS,Serafil-60,serafil-60,CONO HILO VERDE SERAFIL-60 1800MTS. C/ 1314,R-54440,6.63,https://canodiy.es/serafil-60/8685-R+54440.html
HILOS,Serafil-60,serafil-60,CONO HILO VERDE SERAFIL-60 1800MTS. C/ 7498,R-41674,6.63,https://canodiy.es/serafil-60/8699-R+41674.html
HILOS,Serafil-60,serafil-60,CONO HILO VERDE SERAFIL-60 1800MTS. C/ 8973,R-41524,6.63,https://canodiy.es/serafil-60/8719-R+41524.html
HILOS,Serafil-60,serafil-60,CONOS HILO AZUL SERAFIL-60 1800MTS. C/ 2810,R-53865,6.63,https://canodiy.es/serafil-60/8694-R+53865.html
HILOS,Serafil-60,serafil-60,CONOS HILO BEIGE CLARO SERAFIL-60 1800MTS. C/ 0770,R-57260,6.63,https://canodiy.es/serafil-60/8623-R+57260.html
HILOS,Serafil-60,serafil-60,CONOS HILO GRIS OSCURO SERAFIL-60 1800MTS. C/ 0415,R-57261,6.63,https://canodiy.es/serafil-60/8606-R+57261.html
HILOS,Serafil-60,serafil-60,CONOS HILO MARRÓN SERAFIL-60 1800MTS. C/ 3542,R-55210,6.63,https://canodiy.es/serafil-60/8696-R+55210.html
HILOS,Serafil-60,serafil-60,CONOS HILO MORADO OSCURO SERAFIL-60 1800MTS. C/ 5198,R-45776,6.63,https://canodiy.es/serafil-60/8698-R+45776.html
HILOS,Serafil-80,serafil-80,CONO HILO AMARILLO DORADO SERAFIL-80 2400MTS. C/ 1102,R-61197,7.49,https://canodiy.es/serafil-80/9061-R+61197.html
HILOS,Serafil-80,serafil-80,CONO HILO AMARILLO SERAFIL-80 2400MTS. C/ 0113,R-59878,7.49,https://canodiy.es/serafil-80/8986-R+59878.html
HILOS,Serafil-80,serafil-80,CONO HILO AMARILLO SERAFIL-80 2400MTS. C/ 0114,R-64675,7.49,https://canodiy.es/serafil-80/8987-R+64675.html
HILOS,Serafil-80,serafil-80,CONO HILO AZUL CELESTE SERAFIL-80 2400MTS. C/ 0271,R-64674,7.49,https://canodiy.es/serafil-80/9003-R+64674.html
HILOS,Serafil-80,serafil-80,CONO HILO AZUL MARINO SERAFIL-80 2400MTS. C/ 1254,R-46643,7.49,https://canodiy.es/serafil-80/9069-R+46643.html
HILOS,Serafil-80,serafil-80,CONO HILO AZUL MARINO SERAFIL-80 2400MTS. C/ 8063,R-61419,7.49,https://canodiy.es/serafil-80/9097-R+61419.html
HILOS,Serafil-80,serafil-80,CONO HILO AZUL OSCURO SERAFIL-80 2400MTS. C/ 8845,R-40460,7.49,https://canodiy.es/serafil-80/9105-R+40460.html
HILOS,Serafil-80,serafil-80,CONO HILO AZUL SERAFIL-80 2400MTS. C/ 0350,R-40514,7.49,https://canodiy.es/serafil-80/9010-R+40514.html
HILOS,Serafil-80,serafil-80,CONO HILO AZUL SERAFIL-80 2400MTS. C/ 1078,R-60220,7.49,https://canodiy.es/serafil-80/9042-R+60220.html
HILOS,Serafil-80,serafil-80,CONO HILO AZUL SERAFIL-80 2400MTS. C/ 1306,R-65638,7.49,https://canodiy.es/serafil-80/9072-R+65638.html
HILOS,Serafil-80,serafil-80,CONO HILO AZUL SERAFIL-80 2400MTS. C/ 1318,R-51862,7.49,https://canodiy.es/serafil-80/9074-R+51862.html
HILOS,Serafil-80,serafil-80,CONO HILO AZUL SERAFIL-80 2400MTS. C/ 2234,R-63793,7.49,https://canodiy.es/serafil-80/9082-R+63793.html
HILOS,Serafil-80,serafil-80,CONO HILO AZUL TURQUESA SERAFIL-80 2400MTS. C/ 1394,R-41332,7.49,https://canodiy.es/serafil-80/9078-R+41332.html
HILOS,Serafil-80,serafil-80,CONO HILO BEIGE ARENA SERAFIL-80 2400MTS. C/ 1222,R-28639,7.49,https://canodiy.es/serafil-80/9067-R+28639.html
HILOS,Serafil-80,serafil-80,CONO HILO BEIGE CAMEL SERAFIL-80 2400MTS. C/ 1118,R-55357,7.49,https://canodiy.es/serafil-80/9062-R+55357.html
HILOS,Serafil-80,serafil-80,CONO HILO BEIGE CLARO SERAFIL-80 2400MTS. C/ 0770,R-64569,7.49,https://canodiy.es/serafil-80/9028-R+64569.html
HILOS,Serafil-80,serafil-80,CONO HILO BEIGE CLARO SERAFIL-80 2400MTS. C/ 0779,R-48965,7.49,https://canodiy.es/serafil-80/9029-R+48965.html
HILOS,Serafil-80,serafil-80,CONO HILO BEIGE CLARO SERAFIL-80 2400MTS. C/ 1209,R-64567,7.49,https://canodiy.es/serafil-80/9065-R+64567.html
HILOS,Serafil-80,serafil-80,CONO HILO BEIGE CLARO SERAFIL-80 2400MTS. C/ 7863,R-61919,7.49,https://canodiy.es/serafil-80/9091-R+61919.html
HILOS,Serafil-80,serafil-80,CONO HILO BEIGE SERAFIL-80 2400MTS. C/ 0265,R-41335,7.49,https://canodiy.es/serafil-80/9001-R+41335.html
HILOS,Serafil-80,serafil-80,CONO HILO BEIGE SERAFIL-80 2400MTS. C/ 0326,R-19838,7.49,https://canodiy.es/serafil-80/9009-R+19838.html
HILOS,Serafil-80,serafil-80,CONO HILO BEIGE SERAFIL-80 2400MTS. C/ 0861,R-51011,7.49,https://canodiy.es/serafil-80/9033-R+51011.html
HILOS,Serafil-80,serafil-80,CONO HILO BEIGE SERAFIL-80 2400MTS. C/ 2328,R-56959,7.49,https://canodiy.es/serafil-80/9083-R+56959.html
HILOS,Serafil-80,serafil-80,CONO HILO BLANCO ROTO SERAFIL-80 2400MTS. C/ 1000,R-41331,6.54,https://canodiy.es/serafil-80/9036-R+41331.html
HILOS,Serafil-80,serafil-80,CONO HILO BLANCO SERAFIL-80 2400MTS. C/ 2000,R-40748,6.79,https://canodiy.es/serafil-80/7896-R+40748.html
HILOS,Serafil-80,serafil-80,CONO HILO COBRE SERAFIL-80 2400MTS. C/ 1167,R-66011,7.49,https://canodiy.es/serafil-80/9063-R+66011.html
HILOS,Serafil-80,serafil-80,CONO HILO CREMA SERAFIL-80 2400MTS. C/ 3000,R-17303,7.49,https://canodiy.es/serafil-80/9084-R+17303.html
HILOS,Serafil-80,serafil-80,CONO HILO GRANATE SERAFIL-80 2400MTS. C/ 1350,R-61586,7.49,https://canodiy.es/serafil-80/9076-R+61586.html
HILOS,Serafil-80,serafil-80,CONO HILO GRIS OSCURO SERAFIL-80 2400MTS. C/ 0416,R-65068,0.0,https://canodiy.es/serafil-80/9015-R+65068.html
HILOS,Serafil-80,serafil-80,CONO HILO GRIS OSCURO SERAFIL-80 2400MTS. C/ 1282,R-24647,7.49,https://canodiy.es/serafil-80/9070-R+24647.html
HILOS,Serafil-80,serafil-80,CONO HILO GRIS OSCURO SERAFIL-80 2400MTS. C/ 1283,R-45386,7.49,https://canodiy.es/serafil-80/9071-R+45386.html
HILOS,Serafil-80,serafil-80,CONO HILO GRIS SERAFIL-80 2400MTS. C/ 0316,R-45320,7.49,https://canodiy.es/serafil-80/9007-R+45320.html
HILOS,Serafil-80,serafil-80,CONO HILO GRIS SERAFIL-80 2400MTS. C/ 0318,R-45011,7.49,https://canodiy.es/serafil-80/9008-R+45011.html
HILOS,Serafil-80,serafil-80,CONO HILO GRIS SERAFIL-80 2400MTS. C/ 0411,R-54713,7.49,https://canodiy.es/serafil-80/9013-R+54713.html
HILOS,Serafil-80,serafil-80,CONO HILO GRIS SERAFIL-80 2400MTS. C/ 0414,R-61420,7.49,https://canodiy.es/serafil-80/9014-R+61420.html
HILOS,Serafil-80,serafil-80,CONO HILO GRIS SERAFIL-80 2400MTS. C/ 0850,R-58074,7.49,https://canodiy.es/serafil-80/9032-R+58074.html
HILOS,Serafil-80,serafil-80,CONO HILO GRIS SERAFIL-80 2400MTS. C/ 3525,R-58115,7.49,https://canodiy.es/serafil-80/9085-R+58115.html
HILOS,Serafil-80,serafil-80,CONO HILO LILA SERAFIL-80 2400MTS. C/ 7432,R-63792,7.49,https://canodiy.es/serafil-80/9088-R+63792.html
HILOS,Serafil-80,serafil-80,CONO HILO MAQUILLAJE SERAFIL-80 2400MTS. C/ 0637,R-61252,7.49,https://canodiy.es/serafil-80/9025-R+61252.html
HILOS,Serafil-80,serafil-80,CONO HILO MARRÓN CAMEL SERAFIL-80 2400MTS. C/ 0177,R-63644,7.49,https://canodiy.es/serafil-80/8995-R+63644.html
HILOS,Serafil-80,serafil-80,CONO HILO MARRÓN CAOBA SERAFIL-80 2400MTS. C/ 0163,R-61114,7.49,https://canodiy.es/serafil-80/8991-R+61114.html
HILOS,Serafil-80,serafil-80,CONO HILO MARRÓN OSCURO SERAFIL-80 2400MTS. C/ 1050,R-63827,7.49,https://canodiy.es/serafil-80/9040-R+63827.html
HILOS,Serafil-80,serafil-80,CONO HILO MARRÓN SERAFIL-80 2400MTS. C/ 0175,R-63772,7.49,https://canodiy.es/serafil-80/8994-R+63772.html
HILOS,Serafil-80,serafil-80,CONO HILO MARRÓN SERAFIL-80 2400MTS. C/ 0185,R-39998,7.49,https://canodiy.es/serafil-80/8996-R+39998.html
HILOS,Serafil-80,serafil-80,CONO HILO MARRÓN SERAFIL-80 2400MTS. C/ 0186,R-58152,7.49,https://canodiy.es/serafil-80/8997-R+58152.html
HILOS,Serafil-80,serafil-80,CONO HILO MARRÓN SERAFIL-80 2400MTS. C/ 0196,R-60701,7.49,https://canodiy.es/serafil-80/8998-R+60701.html
HILOS,Serafil-80,serafil-80,CONO HILO MARRÓN SERAFIL-80 2400MTS. C/ 0261,R-58079,7.49,https://canodiy.es/serafil-80/8999-R+58079.html
HILOS,Serafil-80,serafil-80,CONO HILO MARRÓN SERAFIL-80 2400MTS. C/ 0264,R-60801,7.49,https://canodiy.es/serafil-80/9000-R+60801.html
HILOS,Serafil-80,serafil-80,CONO HILO MARRÓN SERAFIL-80 2400MTS. C/ 0267,R-53332,7.49,https://canodiy.es/serafil-80/9002-R+53332.html
HILOS,Serafil-80,serafil-80,CONO HILO MARRÓN SERAFIL-80 2400MTS. C/ 0279,R-62279,7.49,https://canodiy.es/serafil-80/9004-R+62279.html
HILOS,Serafil-80,serafil-80,CONO HILO MARRÓN SERAFIL-80 2400MTS. C/ 0281,R-64774,7.49,https://canodiy.es/serafil-80/9005-R+64774.html
HILOS,Serafil-80,serafil-80,CONO HILO MARRÓN SERAFIL-80 2400MTS. C/ 0287,R-62293,7.49,https://canodiy.es/serafil-80/9006-R+62293.html
HILOS,Serafil-80,serafil-80,CONO HILO MARRÓN SERAFIL-80 2400MTS. C/ 0397,R-47805,7.49,https://canodiy.es/serafil-80/9011-R+47805.html
HILOS,Serafil-80,serafil-80,CONO HILO MARRÓN SERAFIL-80 2400MTS. C/ 0399,R-44919,7.49,https://canodiy.es/serafil-80/9012-R+44919.html
HILOS,Serafil-80,serafil-80,CONO HILO MARRÓN SERAFIL-80 2400MTS. C/ 0465,R-53331,7.49,https://canodiy.es/serafil-80/9019-R+53331.html
HILOS,Serafil-80,serafil-80,CONO HILO MARRÓN SERAFIL-80 2400MTS. C/ 0899,R-65015,7.49,https://canodiy.es/serafil-80/9034-R+65015.html
HILOS,Serafil-80,serafil-80,CONO HILO MARRÓN SERAFIL-80 2400MTS. C/ 0975,R-41952,7.49,https://canodiy.es/serafil-80/8343-R+41952.html
HILOS,Serafil-80,serafil-80,CONO HILO MARRÓN SERAFIL-80 2400MTS. C/ 0976,R-65128,7.49,https://canodiy.es/serafil-80/9035-R+65128.html
HILOS,Serafil-80,serafil-80,CONO HILO MARRÓN SERAFIL-80 2400MTS. C/ 1002,R-41724,7.49,https://canodiy.es/serafil-80/9037-R+41724.html
HILOS,Serafil-80,serafil-80,CONO HILO MARRÓN SERAFIL-80 2400MTS. C/ 1003,R-64318,7.49,https://canodiy.es/serafil-80/9038-R+64318.html
HILOS,Serafil-80,serafil-80,CONO HILO MARRÓN SERAFIL-80 2400MTS. C/ 1185,R-52440,7.49,https://canodiy.es/serafil-80/9064-R+52440.html
HILOS,Serafil-80,serafil-80,CONO HILO MARRÓN SERAFIL-80 2400MTS. C/ 1228,R-41333,7.49,https://canodiy.es/serafil-80/9068-R+41333.html
HILOS,Serafil-80,serafil-80,CONO HILO MARRÓN SERAFIL-80 2400MTS. C/ 1380,R-42148,7.49,https://canodiy.es/serafil-80/9077-R+42148.html
HILOS,Serafil-80,serafil-80,CONO HILO MARRÓN SERAFIL-80 2400MTS. C/ 1456,R-40776,7.49,https://canodiy.es/serafil-80/9081-R+40776.html
HILOS,Serafil-80,serafil-80,CONO HILO MARRÓN SERAFIL-80 2400MTS. C/ 3542,R-58910,7.49,https://canodiy.es/serafil-80/9086-R+58910.html
HILOS,Serafil-80,serafil-80,CONO HILO MARRÓN SERAFIL-80 2400MTS. C/ 7767,R-39748,7.49,https://canodiy.es/serafil-80/9089-R+39748.html
HILOS,Serafil-80,serafil-80,CONO HILO MARRÓN SERAFIL-80 2400MTS. C/ 7971,R-39680,7.49,https://canodiy.es/serafil-80/9095-R+39680.html
HILOS,Serafil-80,serafil-80,CONO HILO MARRÓN TEJA SERAFIL-80 2400MTS. C/ 8835,R-53606,7.49,https://canodiy.es/serafil-80/9102-R+53606.html
HILOS,Serafil-80,serafil-80,CONO HILO MORADO SERAFIL-80 2400MTS. C/ 0055,R-47689,7.49,https://canodiy.es/serafil-80/8980-R+47689.html
HILOS,Serafil-80,serafil-80,CONO HILO MORADO SERAFIL-80 2400MTS. C/ 0156,R-60647,7.49,https://canodiy.es/serafil-80/8989-R+60647.html
HILOS,Serafil-80,serafil-80,CONO HILO MORADO SERAFIL-80 2400MTS. C/ 0157,R-42147,7.49,https://canodiy.es/serafil-80/8990-R+42147.html
HILOS,Serafil-80,serafil-80,CONO HILO MORADO SERAFIL-80 2400MTS. C/ 7823,R-58076,7.49,https://canodiy.es/serafil-80/9090-R+58076.html
HILOS,Serafil-80,serafil-80,CONO HILO MORADO SERAFIL-80 2400MTS. C/ 7930,R-50210,7.49,https://canodiy.es/serafil-80/9093-R+50210.html
HILOS,Serafil-80,serafil-80,CONO HILO MORADO SERAFIL-80 2400MTS. C/ 7966,R-41725,7.49,https://canodiy.es/serafil-80/9094-R+41725.html
HILOS,Serafil-80,serafil-80,CONO HILO MORADO VINO SERAFIL-80 2400MTS. C/ 0168,R-36482,7.49,https://canodiy.es/serafil-80/8993-R+36482.html
HILOS,Serafil-80,serafil-80,CONO HILO NARANJA SERAFIL-80 2400MTS. C/ 0123,R-49553,7.49,https://canodiy.es/serafil-80/8988-R+49553.html
HILOS,Serafil-80,serafil-80,CONO HILO NEGRO SERAFIL-80 2400MTS. C/ 4000,R-15466,7.49,https://canodiy.es/serafil-80/9087-R+15466.html
HILOS,Serafil-80,serafil-80,CONO HILO ROJO BURDEOS SERAFIL-80 2400MTS. C/ 0166,R-64878,7.49,https://canodiy.es/serafil-80/8992-R+64878.html
HILOS,Serafil-80,serafil-80,CONO HILO ROJO BURDEOS SERAFIL-80 2400MTS. C/ 1348,R-41336,7.49,https://canodiy.es/serafil-80/9075-R+41336.html
HILOS,Serafil-80,serafil-80,CONO HILO ROJO BURDEOS SERAFIL-80 2400MTS. C/ 7997,R-58078,7.49,https://canodiy.es/serafil-80/9096-R+58078.html
HILOS,Serafil-80,serafil-80,CONO HILO ROJO CARMÍN SERAFIL-80 2400MTS. C/ 0106,R-59881,7.49,https://canodiy.es/serafil-80/8985-R+59881.html
HILOS,Serafil-80,serafil-80,CONO HILO ROJO CORAL SERAFIL-80 2400MTS. C/ 0449,R-49378,7.49,https://canodiy.es/serafil-80/9017-R+49378.html
HILOS,Serafil-80,serafil-80,CONO HILO ROJO FUEGO SERAFIL-80 2400MTS. C/ 0450,R-62100,7.49,https://canodiy.es/serafil-80/9018-R+62100.html
HILOS,Serafil-80,serafil-80,CONO HILO ROJO SERAFIL-80 2400MTS. C/ 0104,R-407,7.49,https://canodiy.es/serafil-80/8984-R+407.html
HILOS,Serafil-80,serafil-80,CONO HILO ROJO SERAFIL-80 2400MTS. C/ 0501,R-64950,7.49,https://canodiy.es/serafil-80/9021-R+64950.html
HILOS,Serafil-80,serafil-80,CONO HILO ROJO SERAFIL-80 2400MTS. C/ 0504,R-50272,7.49,https://canodiy.es/serafil-80/9022-R+50272.html
HILOS,Serafil-80,serafil-80,CONO HILO ROJO SERAFIL-80 2400MTS. C/ 0642,R-40662,7.49,https://canodiy.es/serafil-80/9026-R+40662.html
HILOS,Serafil-80,serafil-80,CONO HILO ROJO SERAFIL-80 2400MTS. C/ 1074,R-63790,7.49,https://canodiy.es/serafil-80/9041-R+63790.html
HILOS,Serafil-80,serafil-80,CONO HILO ROSA CLARO SERAFIL-80 2400MTS. C/ 0097,R-60702,7.49,https://canodiy.es/serafil-80/8983-R+60702.html
HILOS,Serafil-80,serafil-80,CONO HILO ROSA CLARO SERAFIL-80 2400MTS. C/ 0600,R-60648,7.49,https://canodiy.es/serafil-80/9024-R+60648.html
HILOS,Serafil-80,serafil-80,CONO HILO ROSA FUCSIA SERAFIL-80 2400MTS. C/ 1417,R-51539,7.49,https://canodiy.es/serafil-80/9080-R+51539.html
HILOS,Serafil-80,serafil-80,CONO HILO ROSA FUCSIA SERAFIL-80 2400MTS. C/ 1429,R-51246,7.49,https://canodiy.es/serafil-80/7015-R+51246.html
HILOS,Serafil-80,serafil-80,CONO HILO ROSA FUCSIA SERAFIL-80 2400MTS. C/ 8189,R-41334,7.49,https://canodiy.es/serafil-80/9099-R+41334.html
HILOS,Serafil-80,serafil-80,CONO HILO ROSA SALMÓN SERAFIL-80 2400MTS. C/ 7924,R-41437,7.49,https://canodiy.es/serafil-80/9092-R+41437.html
HILOS,Serafil-80,serafil-80,CONO HILO ROSA SERAFIL-80 2400MTS. C/ 0085,R-64773,7.49,https://canodiy.es/serafil-80/8981-R+64773.html
HILOS,Serafil-80,serafil-80,CONO HILO ROSA SERAFIL-80 2400MTS. C/ 1411,R-408,7.49,https://canodiy.es/serafil-80/9079-R+408.html
HILOS,Serafil-80,serafil-80,CONO HILO ROSA SERAFIL-80 2400MTS. C/ 8186,R-51245,7.49,https://canodiy.es/serafil-80/9098-R+51245.html
HILOS,Serafil-80,serafil-80,CONO HILO VERDE CAQUI SERAFIL-80 2400MTS. C/ 8844,R-51330,7.49,https://canodiy.es/serafil-80/9104-R+51330.html
HILOS,Serafil-80,serafil-80,CONO HILO VERDE KAKI SERAFIL-80 2400MTS. C/ 0466,R-47273,7.49,https://canodiy.es/serafil-80/9020-R+47273.html
HILOS,Serafil-80,serafil-80,CONO HILO VERDE OLIVA SERAFIL-80 2400MTS. C/ 1210,R-59880,7.49,https://canodiy.es/serafil-80/9066-R+59880.html
HILOS,Serafil-80,serafil-80,CONO HILO VERDE OSCURO SERAFIL-80 2400MTS. C/ 0425,R-63791,7.49,https://canodiy.es/serafil-80/9016-R+63791.html
HILOS,Serafil-80,serafil-80,CONO HILO VERDE OSCURO SERAFIL-80 2400MTS. C/ 0554,R-40747,7.49,https://canodiy.es/serafil-80/9023-R+40747.html
HILOS,Serafil-80,serafil-80,CONO HILO VERDE OSCURO SERAFIL-80 2400MTS. C/ 8324,R-59752,7.49,https://canodiy.es/serafil-80/9101-R+59752.html
HILOS,Serafil-80,serafil-80,CONO HILO VERDE PISTACHO SERAFIL-80 2400MTS. C/ 8843,R-47274,7.49,https://canodiy.es/serafil-80/9103-R+47274.html
HILOS,Serafil-80,serafil-80,CONO HILO VERDE SERAFIL-80 2400MTS. C/ 0092,R-48533,7.49,https://canodiy.es/serafil-80/8982-R+48533.html
HILOS,Serafil-80,serafil-80,CONO HILO VERDE SERAFIL-80 2400MTS. C/ 0663,R-65286,7.49,https://canodiy.es/serafil-80/9027-R+65286.html
HILOS,Serafil-80,serafil-80,CONO HILO VERDE SERAFIL-80 2400MTS. C/ 0839,R-59751,7.49,https://canodiy.es/serafil-80/9030-R+59751.html
HILOS,Serafil-80,serafil-80,CONO HILO VERDE SERAFIL-80 2400MTS. C/ 0842,R-49892,7.49,https://canodiy.es/serafil-80/9031-R+49892.html
HILOS,Serafil-80,serafil-80,CONO HILO VERDE SERAFIL-80 2400MTS. C/ 1043,R-57931,7.49,https://canodiy.es/serafil-80/9039-R+57931.html
HILOS,Serafil-80,serafil-80,CONO HILO VERDE SERAFIL-80 2400MTS. C/ 1095,R-59879,7.49,https://canodiy.es/serafil-80/9043-R+59879.html
HILOS,Serafil-80,serafil-80,CONO HILO VERDE SERAFIL-80 2400MTS. C/ 1097,R-57547,7.49,https://canodiy.es/serafil-80/9060-R+57547.html
HILOS,Serafil-80,serafil-80,CONO HILO VERDE SERAFIL-80 2400MTS. C/ 1314,R-15172,7.49,https://canodiy.es/serafil-80/9073-R+15172.html
HILOS,Serafil-80,serafil-80,CONO HILO VERDE SERAFIL-80 2400MTS. C/ 8190,R-18838,7.49,https://canodiy.es/serafil-80/9100-R+18838.html
HILOS,Tera 10,tera-10,CONO HILO AMARILLO DORADO TERA 10 1000 MTS. C/0968,R-20322,16.74,https://canodiy.es/tera-10/1896-R+20322.html
HILOS,Tera 10,tera-10,CONO HILO AMARILLO FLUOR TERA 10 1000 MTS. C/3835,R-21859,16.74,https://canodiy.es/tera-10/468-R+21859-4008015451981.html
HILOS,Tera 10,tera-10,CONO HILO AMARILLO TERA 10 1000 MTS. C/0106,R-12107,16.74,https://canodiy.es/tera-10/450-R+12107.html
HILOS,Tera 10,tera-10,CONO HILO AMARILLO TERA 10 1000 MTS. C/0327,R-8677,16.74,https://canodiy.es/tera-10/1885-R+8677.html
HILOS,Tera 10,tera-10,CONO HILO AMARILLO TERA 10 1000 MTS. C/0416,R-41556,16.74,https://canodiy.es/tera-10/1846-R+41556.html
HILOS,Tera 10,tera-10,CONO HILO AZUL CELESTE TERA 10 1000 MTS. C/0276,R-8944,16.74,https://canodiy.es/tera-10/470-R+8944.html
HILOS,Tera 10,tera-10,CONO HILO AZUL MARINO TERA 10 1000 MTS. C/0339,R-4297,16.74,https://canodiy.es/tera-10/1867-R+4297.html
HILOS,Tera 10,tera-10,CONO HILO AZUL MARINO TERA 10 1000 MTS. C/0387,R-22673,16.74,https://canodiy.es/tera-10/1858-R+22673.html
HILOS,Tera 10,tera-10,CONO HILO AZUL MARINO TERA 10 1000 MTS. C/0665,R-18326,16.74,https://canodiy.es/tera-10/1875-R+18326-4008015568290.html
HILOS,Tera 10,tera-10,CONO HILO AZUL OSCURO TERA 10 1000 MTS. C/0013,R-14803,16.74,https://canodiy.es/tera-10/1844-R+14803.html
HILOS,Tera 10,tera-10,CONO HILO AZUL OSCURO TERA 10 1000 MTS. C/0066,R-19341,16.74,https://canodiy.es/tera-10/449-R+19341.html
HILOS,Tera 10,tera-10,CONO HILO AZUL OSCURO TERA 10 1000 MTS. C/0312,R-19295,16.74,https://canodiy.es/tera-10/457-R+19295.html
HILOS,Tera 10,tera-10,CONO HILO AZUL TERA 10 1000 MTS. C/0064,R-41803,16.74,https://canodiy.es/tera-10/1907-R+41803.html
HILOS,Tera 10,tera-10,CONO HILO AZUL TERA 10 1000 MTS. C/0076,R-5924,16.74,https://canodiy.es/tera-10/1902-R+5924.html
HILOS,Tera 10,tera-10,CONO HILO AZUL TERA 10 1000 MTS. C/0112,R-17161,16.74,https://canodiy.es/tera-10/1915-R+17161.html
HILOS,Tera 10,tera-10,CONO HILO AZUL TERA 10 1000 MTS. C/0232,R-10658,16.74,https://canodiy.es/tera-10/1900-R+10658.html
HILOS,Tera 10,tera-10,CONO HILO AZUL TERA 10 1000 MTS. C/0278,R-8678,16.74,https://canodiy.es/tera-10/456-R+8678.html
HILOS,Tera 10,tera-10,CONO HILO AZUL TERA 10 1000 MTS. C/0761,R-8210,16.74,https://canodiy.es/tera-10/1930-R+8210-4008015568320.html
HILOS,Tera 10,tera-10,CONO HILO AZUL TERA 10 1000 MTS. C/1471,R-20232,16.74,https://canodiy.es/tera-10/1910-R+20232.html
HILOS,Tera 10,tera-10,CONO HILO AZUL TERA 10 1000 MTS. C/386,R-20663,16.74,https://canodiy.es/tera-10/466-R+20663-4008015568191.html
HILOS,Tera 10,tera-10,CONO HILO AZUL TURQUESA TERA 10 1000 MTS. C/0715,R-8066,16.74,https://canodiy.es/tera-10/1920-R+8066-4008015504328.html
HILOS,Tera 10,tera-10,CONO HILO BEIG CLARO TERA 10 1000 MTS. C/0414,R-4014,16.74,https://canodiy.es/tera-10/1889-R+4014.html
HILOS,Tera 10,tera-10,CONO HILO BEIG CLARO TERA 10 1000 MTS. C/3791,R-45291,16.74,https://canodiy.es/tera-10/1890-R+45291.html
HILOS,Tera 10,tera-10,CONO HILO BEIG TERA 10 1000 MTS. C/0131,R-4320,16.74,https://canodiy.es/tera-10/1865-R+4320.html
HILOS,Tera 10,tera-10,CONO HILO BEIG TERA 10 1000 MTS. C/0186,R-4134,16.74,https://canodiy.es/tera-10/453-R+4134.html
HILOS,Tera 10,tera-10,CONO HILO BEIG TERA 10 1000 MTS. C/0265,R-22115,16.74,https://canodiy.es/tera-10/1850-R+22115.html
HILOS,Tera 10,tera-10,CONO HILO BEIG TERA 10 1000 MTS. C/0464,R-14111,16.74,https://canodiy.es/tera-10/1848-R+14111-4008015848415.html
HILOS,Tera 10,tera-10,CONO HILO BEIG TERA 10 1000 MTS. C/1334,R-4013,16.74,https://canodiy.es/tera-10/1868-R+4013-4008015568405.html
HILOS,Tera 10,tera-10,CONO HILO BEIGE TERA 10 1000 MTS. C/0722,R-14310,16.74,https://canodiy.es/tera-10/1878-R+14310-4008015782498.html
HILOS,Tera 10,tera-10,CONO HILO BLANCO ROTO TERA 10 1000 MTS. C/0001,R-12073,16.74,https://canodiy.es/tera-10/447-R+12073-4008015848378.html
HILOS,Tera 10,tera-10,CONO HILO BLANCO TERA 10 1000 MTS. C/0111,R-10019,15.61,https://canodiy.es/tera-10/1853-R+10019.html
HILOS,Tera 10,tera-10,CONO HILO BLANCO TERA 10 1000 MTS. C/0800,R-3623,15.61,https://canodiy.es/tera-10/1838-R+3623-4008015344108.html
HILOS,Tera 10,tera-10,CONO HILO GRIS CLARO TERA 10 1000 MTS. C/0299,R-4105,16.74,https://canodiy.es/tera-10/1839-R+4105.html
HILOS,Tera 10,tera-10,CONO HILO GRIS CLARO TERA 10 1000 MTS. C/3969,R-9413,16.74,https://canodiy.es/tera-10/1918-R+9413-4008015568429.html
HILOS,Tera 10,tera-10,CONO HILO GRIS OSCURO TERA 10 1000 MTS. C/1116,R-14112,16.74,https://canodiy.es/tera-10/1860-R+14112-4008015568375.html
HILOS,Tera 10,tera-10,CONO HILO GRIS TERA 10 1000 MTS. C/0035,R-11181,16.74,https://canodiy.es/tera-10/1916-R+11181.html
HILOS,Tera 10,tera-10,CONO HILO GRIS TERA 10 1000 MTS. C/0036,R-4200,16.74,https://canodiy.es/tera-10/1855-R+4200.html
HILOS,Tera 10,tera-10,CONO HILO GRIS TERA 10 1000 MTS. C/0038,R-5762,16.74,https://canodiy.es/tera-10/448-R+5762.html
HILOS,Tera 10,tera-10,CONO HILO GRIS TERA 10 1000 MTS. C/0122,R-12463,16.74,https://canodiy.es/tera-10/1880-R+12463.html
HILOS,Tera 10,tera-10,CONO HILO GRIS TERA 10 1000 MTS. C/0495,R-6466,16.74,https://canodiy.es/tera-10/1931-R+6466-4008015555351.html
HILOS,Tera 10,tera-10,CONO HILO GRIS TERA 10 1000 MTS. C/0634,R-11156,16.74,https://canodiy.es/tera-10/1917-R+11156-4008015344016.html
HILOS,Tera 10,tera-10,CONO HILO GRIS TERA 10 1000 MTS. C/0701,R-4203,16.74,https://canodiy.es/tera-10/464-R+4203-4008015344061.html
HILOS,Tera 10,tera-10,CONO HILO GRIS TERA 10 1000 MTS. C/2613,R-29673,16.74,https://canodiy.es/tera-10/1925-R+29673.html
HILOS,Tera 10,tera-10,CONO HILO LILA TERA 10 1000 MTS. C/0656,R-8654,16.74,https://canodiy.es/tera-10/1901-R+8654-4008015568276.html
HILOS,Tera 10,tera-10,CONO HILO MARRÓN ARENA TERA 10 1000 MTS. C/6298,R-18338,16.74,https://canodiy.es/tera-10/1874-R+18338-4008015848514.html
HILOS,Tera 10,tera-10,CONO HILO MARRÓN CAOBA TERA 10 1000 MTS. C/0448,R-10283,16.74,https://canodiy.es/tera-10/1883-R+10283.html
HILOS,Tera 10,tera-10,CONO HILO MARRÓN CAOBA TERA 10 1000 MTS. C/0649,R-25702,16.74,https://canodiy.es/tera-10/1909-R+25702-4008015848477.html
HILOS,Tera 10,tera-10,CONO HILO MARRÓN CAOBA TERA 10 1000 MTS. C/0650,R-16751,16.74,https://canodiy.es/tera-10/462-R+16751-4008015344023.html
HILOS,Tera 10,tera-10,CONO HILO MARRÓN CAOBA TERA 10 1000 MTS. C/0934,R-10214,16.74,https://canodiy.es/tera-10/1852-R+10214-4008015344146.html
HILOS,Tera 10,tera-10,CONO HILO MARRÓN CAOBA TERA 10 1000 MTS. C/1744,R-29697,16.74,https://canodiy.es/tera-10/1924-R+29697-4008015848552.html
HILOS,Tera 10,tera-10,CONO HILO MARRÓN CAOBA TERA 10 1000 MTS. C/1879,R-28051,16.74,https://canodiy.es/tera-10/1908-R+28051.html
HILOS,Tera 10,tera-10,CONO HILO MARRÓN CAOBA TERA 10 1000 MTS. C/5148,R-29698,16.74,https://canodiy.es/tera-10/1923-R+29698-4008015848569.html
HILOS,Tera 10,tera-10,CONO HILO MARRÓN CLARO TERA 10 1000 MTS. C/0215,R-4145,16.74,https://canodiy.es/tera-10/1856-R+4145.html
HILOS,Tera 10,tera-10,CONO HILO MARRÓN CLARO TERA 10 1000 MTS. C/5643,R-7892,16.74,https://canodiy.es/tera-10/1921-R+7892.html
HILOS,Tera 10,tera-10,CONO HILO MARRÓN OSCURO  TERA 10 1000 MTS. C/0682,R-10755,16.74,https://canodiy.es/tera-10/1851-R+10755-4008015568306.html
HILOS,Tera 10,tera-10,CONO HILO MARRÓN OSCURO TERA 10 1000 MTS. C/0175,R-11108,16.74,https://canodiy.es/tera-10/1861-R+11108.html
HILOS,Tera 10,tera-10,CONO HILO MARRÓN OSCURO TERA 10 1000 MTS. C/0696,R-4078,16.74,https://canodiy.es/tera-10/1845-R+4078-4008015344054.html
HILOS,Tera 10,tera-10,CONO HILO MARRÓN OSCURO TERA 10 1000 MTS. C/0697,R-12480,16.74,https://canodiy.es/tera-10/463-R+12480-4008015791315.html
HILOS,Tera 10,tera-10,CONO HILO MARRÓN OSCURO TERA 10 1000 MTS. C/0780,R-8939,16.74,https://canodiy.es/tera-10/1862-R+8939-4008015555368.html
HILOS,Tera 10,tera-10,CONO HILO MARRÓN OSCURO TERA 10 1000 MTS. C/1213,R-10885,16.74,https://canodiy.es/tera-10/1842-R+10885-4008015568399.html
HILOS,Tera 10,tera-10,CONO HILO MARRÓN TERA 10 1000 MTS. C/0181,R-14472,16.74,https://canodiy.es/tera-10/452-R+14472.html
HILOS,Tera 10,tera-10,CONO HILO MARRÓN TERA 10 1000 MTS. C/0208,R-19906,16.74,https://canodiy.es/tera-10/1871-R+19906.html
HILOS,Tera 10,tera-10,CONO HILO MARRÓN TERA 10 1000 MTS. C/0406,R-19285,16.74,https://canodiy.es/tera-10/1872-R+19285.html
HILOS,Tera 10,tera-10,CONO HILO MARRÓN TERA 10 1000 MTS. C/0438,R-16337,16.74,https://canodiy.es/tera-10/1898-R+16337.html
HILOS,Tera 10,tera-10,CONO HILO MARRÓN TERA 10 1000 MTS. C/0439,R-18181,16.74,https://canodiy.es/tera-10/461-R+18181.html
HILOS,Tera 10,tera-10,CONO HILO MARRÓN TERA 10 1000 MTS. C/0443,R-4201,16.74,https://canodiy.es/tera-10/1888-R+4201.html
HILOS,Tera 10,tera-10,CONO HILO MARRÓN TERA 10 1000 MTS. C/0444,R-21396,16.74,https://canodiy.es/tera-10/1840-R+21396.html
HILOS,Tera 10,tera-10,CONO HILO MARRÓN TERA 10 1000 MTS. C/0446,R-44375,16.74,https://canodiy.es/tera-10/1857-R+44375.html
HILOS,Tera 10,tera-10,CONO HILO MARRÓN TERA 10 1000 MTS. C/0450,R-8376,16.74,https://canodiy.es/tera-10/1843-R+8376-4008015343989.html
HILOS,Tera 10,tera-10,CONO HILO MARRÓN TERA 10 1000 MTS. C/0724,R-4511,16.74,https://canodiy.es/tera-10/465-R+4511-4008015344085.html
HILOS,Tera 10,tera-10,CONO HILO MARRÓN TERA 10 1000 MTS. C/0767,R-31233,16.74,https://canodiy.es/tera-10/1847-R+31233-4008015848453.html
HILOS,Tera 10,tera-10,CONO HILO MARRÓN TERA 10 1000 MTS. C/0776,R-22194,16.74,https://canodiy.es/tera-10/1849-R+22194-4008015848460.html
HILOS,Tera 10,tera-10,CONO HILO MARRÓN TERA 10 1000 MTS. C/0815,R-18527,16.74,https://canodiy.es/tera-10/1914-R+18527-4008015845568.html
HILOS,Tera 10,tera-10,CONO HILO MARRÓN TERA 10 1000 MTS. C/0816,R-20947,16.74,https://canodiy.es/tera-10/1895-R+20947-4008015848446.html
HILOS,Tera 10,tera-10,CONO HILO MARRÓN TERA 10 1000 MTS. C/0831,R-9459,16.74,https://canodiy.es/tera-10/1884-R+9459-4008015491451.html
HILOS,Tera 10,tera-10,CONO HILO MARRÓN TERA 10 1000 MTS. C/0842,R-12236,16.74,https://canodiy.es/tera-10/1881-R+12236-4008015555382.html
HILOS,Tera 10,tera-10,CONO HILO MARRÓN TERA 10 1000 MTS. C/0851,R-13512,16.74,https://canodiy.es/tera-10/1899-R+13512-4008015845551.html
HILOS,Tera 10,tera-10,CONO HILO MARRÓN TERA 10 1000 MTS. C/0969,R-17160,16.74,https://canodiy.es/tera-10/1876-R+17160-4008015555399.html
HILOS,Tera 10,tera-10,CONO HILO MARRÓN TERA 10 1000 MTS. C/1293,R-37758,16.74,https://canodiy.es/tera-10/1891-R+37758-4008015846107.html
HILOS,Tera 10,tera-10,CONO HILO MARRÓN TERA 10 1000 MTS. C/3041,R-17749,16.74,https://canodiy.es/tera-10/1841-R+17749-4008015848538.html
HILOS,Tera 10,tera-10,CONO HILO MARRÓN TERA 10 1000 MTS. C/3830,R-17446,16.74,https://canodiy.es/tera-10/1927-R+17446-4008015845544.html
HILOS,Tera 10,tera-10,CONO HILO MARRÓN TERA 10 1000 MTS. C/4039,R-10403,16.74,https://canodiy.es/tera-10/1882-R+10403-4008015344252.html
HILOS,Tera 10,tera-10,CONO HILO MARRÓN TERA 10 1000 MTS. C/4041,R-4313,16.74,https://canodiy.es/tera-10/1866-R+4313-4008015344269.html
HILOS,Tera 10,tera-10,CONO HILO MORADO OSCURO TERA 10 1000 MTS. C/0032,R-25562,16.74,https://canodiy.es/tera-10/1926-R+25562.html
HILOS,Tera 10,tera-10,CONO HILO MORADO OSCURO TERA 10 1000 MTS. C/0130,R-8061,16.74,https://canodiy.es/tera-10/1863-R+8061.html
HILOS,Tera 10,tera-10,CONO HILO MORADO TERA 10 1000 MTS. C/0575,R-8062,16.74,https://canodiy.es/tera-10/1887-R+8062-4008015568238.html
HILOS,Tera 10,tera-10,CONO HILO MORADO TERA 10 1000 MTS. C/0732,R-5763,16.74,https://canodiy.es/tera-10/1932-R+5763.html
HILOS,Tera 10,tera-10,CONO HILO MORADO TERA 10 1000 MTS. C/3996,R-8063,16.74,https://canodiy.es/tera-10/471-R+8063-4008015568436.html
HILOS,Tera 10,tera-10,CONO HILO MORADO VIOLETA TERA 10 1000 MTS. C/0247,R-8750,16.74,https://canodiy.es/tera-10/455-R+8750.html
HILOS,Tera 10,tera-10,CONO HILO NARANJA TERA 10 1000 MTS. C/0155,R-8749,16.74,https://canodiy.es/tera-10/1854-R+8749.html
HILOS,Tera 10,tera-10,CONO HILO NARANJA TERA 10 1000 MTS. C/0351,R-8632,16.74,https://canodiy.es/tera-10/458-R+8632.html
HILOS,Tera 10,tera-10,CONO HILO NARANJA TERA 10 1000 MTS. C/0589,42268,16.74,https://canodiy.es/tera-10/1869-42268.html
HILOS,Tera 10,tera-10,CONO HILO NARANJA TERA 10 1000 MTS. C/0932,R-18528,16.74,https://canodiy.es/tera-10/1897-R+18528.html
HILOS,Tera 10,tera-10,CONO HILO NARANJA TERA 10 1000 MTS. C/3995,R-5028,16.74,https://canodiy.es/tera-10/1903-R+5028-4008015344245.html
HILOS,Tera 10,tera-10,CONO HILO NEGRO TERA 10 1000 MTS. C/0000,R-3583,16.74,https://canodiy.es/tera-10/446-R+3583-4008015343774.html
HILOS,Tera 10,tera-10,CONO HILO ROJO BURDEOS TERA 10 1000 MTS. C/0221,R-4329,16.74,https://canodiy.es/tera-10/1904-R+4329.html
HILOS,Tera 10,tera-10,CONO HILO ROJO BURDEOS TERA 10 1000 MTS. C/0226,R-21652,16.74,https://canodiy.es/tera-10/1894-R+21652.html
HILOS,Tera 10,tera-10,CONO HILO ROJO BURDEOS TERA 10 1000 MTS. C/0368,R-4675,16.74,https://canodiy.es/tera-10/1864-R+4675.html
HILOS,Tera 10,tera-10,CONO HILO ROJO FLUOR TERA 10 1000 MTS.C/3722,R-21925,16.74,https://canodiy.es/tera-10/467-R+21925-4008015451974.html
HILOS,Tera 10,tera-10,CONO HILO ROJO TERA 10 1000 MTS. C/0012,R-14950,16.74,https://canodiy.es/tera-10/1877-R+14950.html
HILOS,Tera 10,tera-10,CONO HILO ROJO TERA 10 1000 MTS. C/0367,R-5664,16.74,https://canodiy.es/tera-10/1922-R+5664.html
HILOS,Tera 10,tera-10,CONO HILO ROSA CLARO TERA 10 1000 MTS. C/0458,R-8656,16.74,https://canodiy.es/tera-10/1919-R+8656.html
HILOS,Tera 10,tera-10,CONO HILO ROSA FUCSIA TERA 10 1000 MTS. C/0382,R-18508,16.74,https://canodiy.es/tera-10/459-R+18508-4008015848590.html
HILOS,Tera 10,tera-10,CONO HILO ROSA TERA 10 1000 MTS. C/0473,R-13758,16.74,https://canodiy.es/tera-10/1879-R+13758.html
HILOS,Tera 10,tera-10,CONO HILO TERA VERDE PISTACHO 10 1000 MTS. C/0615,R-8048,16.74,https://canodiy.es/tera-10/1716-R+8048-4008015568269.html
HILOS,Tera 10,tera-10,CONO HILO VERDE FLUOR TERA 10 1000 MTS.C/3836,R-21926,16.74,https://canodiy.es/tera-10/469-R+21926-4008015568412.html
HILOS,Tera 10,tera-10,CONO HILO VERDE KAKI TERA 10 1000 MTS. C/0432,R-28623,16.74,https://canodiy.es/tera-10/1892-R+28623.html
HILOS,Tera 10,tera-10,CONO HILO VERDE KAKI TERA 10 1000 MTS. C/0676,R-8201,16.74,https://canodiy.es/tera-10/1886-R+8201.html
HILOS,Tera 10,tera-10,CONO HILO VERDE MARRÓN TERA 10 1000 MTS. C/0673,R-22049,16.74,https://canodiy.es/tera-10/1893-R+22049-4008015848705.html
HILOS,Tera 10,tera-10,CONO HILO VERDE OSCURO TERA 10 1000 MTS. C/0707,R-20516,16.74,https://canodiy.es/tera-10/1870-R+20516-4008015344078.html
HILOS,Tera 10,tera-10,CONO HILO VERDE OSCURO TERA 10 1000 MTS. C/0869,R-19419,16.74,https://canodiy.es/tera-10/1859-R+19419-4008015554835.html
HILOS,Tera 10,tera-10,CONO HILO VERDE OSCURO TERA 10 1000 MTS. C/6078,R-9217,16.74,https://canodiy.es/tera-10/1928-R+9217-4008015568467.html
HILOS,Tera 10,tera-10,CONO HILO VERDE TERA 10 1000 MTS. C/0237,R-8305,16.74,https://canodiy.es/tera-10/454-R+8305.html
HILOS,Tera 10,tera-10,CONO HILO VERDE TERA 10 1000 MTS. C/0239,R-18825,16.74,https://canodiy.es/tera-10/1873-R+18825.html
HILOS,Tera 10,tera-10,CONO HILO VERDE TERA 10 1000 MTS. C/0396,R-7350,16.74,https://canodiy.es/tera-10/460-R+7350.html
HILOS,Tera 10,tera-10,CONO HILO VERDE TERA 10 1000 MTS. C/0597,R-9150,16.74,https://canodiy.es/tera-10/1929-R+9150-4008015568252.html
HILOS,Tera 10,tera-10,CONO HILO VERDE TERA 10 1000 MTS. C/0920,R-18533,16.74,https://canodiy.es/tera-10/1913-R+18533.html
HILOS,Tera 20,tera-20,BOBINA HILO AMARILLO DORADO TERA 20 200 MTS. C/ 0893,R-43330-ONWZW,2.17,https://canodiy.es/tera-20/2888-R+43330+ONWZW.html
HILOS,Tera 20,tera-20,BOBINA HILO AMARILLO DORADO TERA 20 200 MTS. C/ 0968,R-43330-GBYUO,2.17,https://canodiy.es/tera-20/2898-R+43330+GBYUO.html
HILOS,Tera 20,tera-20,BOBINA HILO AMARILLO DORADO TERA 20 600 MTS. C/0893,R-43356-H11KM,6.24,https://canodiy.es/tera-20/3085-R+43356+H11KM.html
HILOS,Tera 20,tera-20,BOBINA HILO AMARILLO DORADO TERA 20 600 MTS. C/0968,R-43356-BX8YY,6.24,https://canodiy.es/tera-20/3098-R+43356+BX8YY.html
HILOS,Tera 20,tera-20,BOBINA HILO AMARILLO FLUOR TERA 20 200 MTS. C/3835,R-43352,2.17,https://canodiy.es/tera-20/416-R+43352.html
HILOS,Tera 20,tera-20,BOBINA HILO AMARILLO FLUOR TERA 20 600 MTS. C/3835,R-43356-31IBS,6.24,https://canodiy.es/tera-20/3636-R+43356+31IBS.html
HILOS,Tera 20,tera-20,BOBINA HILO AMARILLO TERA 20 200 MTS. C/ 0327,R-43330-GZXE5,2.17,https://canodiy.es/tera-20/2779-R+43330+GZXE5.html
HILOS,Tera 20,tera-20,BOBINA HILO AMARILLO TERA 20 200 MTS. C/ 0416,R-43330-YUODO,2.17,https://canodiy.es/tera-20/2799-R+43330+YUODO.html
HILOS,Tera 20,tera-20,BOBINA HILO AMARILLO TERA 20 600 MTS. C/0327,R-43356-3FFPA,6.24,https://canodiy.es/tera-20/3008-R+43356+3FFPA.html
HILOS,Tera 20,tera-20,BOBINA HILO AMARILLO TERA 20 600 MTS. C/0416,R-43356-ZHCSO,6.24,https://canodiy.es/tera-20/3025-R+43356+ZHCSO.html
HILOS,Tera 20,tera-20,BOBINA HILO AMARILLO TERA 20/3 600 MTS. C/0106,R-43360,6.24,https://canodiy.es/tera-20/424-R+43360.html
HILOS,Tera 20,tera-20,BOBINA HILO AZUL CELESTE TERA 20 600 MTS. C/0276,R-43356-EJIKA,6.24,https://canodiy.es/tera-20/3000-R+43356+EJIKA.html
HILOS,Tera 20,tera-20,BOBINA HILO AZUL CELESTE TERA 20/3 200 MTS. C/0276,R-43341,2.17,https://canodiy.es/tera-20/405-R+43341.html
HILOS,Tera 20,tera-20,BOBINA HILO AZUL CLARO TERA 20/3 600 MTS. C/0064,R-43359,6.24,https://canodiy.es/tera-20/423-R+43359.html
HILOS,Tera 20,tera-20,BOBINA HILO AZUL CLARO TERA 30 300 MTS. C/0064,R-43403,2.24,https://canodiy.es/tera-20/474-R+43403.html
HILOS,Tera 20,tera-20,BOBINA HILO AZUL MARINO OSCURO TERA 20 200 MTS. C/ 0387,R-43330-XGLDS,2.17,https://canodiy.es/tera-20/2793-R+43330+XGLDS.html
HILOS,Tera 20,tera-20,BOBINA HILO AZUL MARINO OSCURO TERA 20 200 MTS. C/ 0665,R-43330-P6OKT,2.17,https://canodiy.es/tera-20/2843-R+43330+P6OKT.html
HILOS,Tera 20,tera-20,BOBINA HILO AZUL MARINO OSCURO TERA 20 600 MTS. C/0665,R-43356-X13L4,6.24,https://canodiy.es/tera-20/3058-R+43356+X13L4.html
HILOS,Tera 20,tera-20,BOBINA HILO AZUL MARINO TERA 20 200 MTS. C/ 0013,R-43330-VAXRU,2.17,https://canodiy.es/tera-20/2705-R+43330+VAXRU.html
HILOS,Tera 20,tera-20,BOBINA HILO AZUL MARINO TERA 20 200 MTS. C/ 0339,R-43330-4RB3E,2.17,https://canodiy.es/tera-20/2783-R+43330+4RB3E.html
HILOS,Tera 20,tera-20,BOBINA HILO AZUL MARINO TERA 20 200 MTS. C/ 0593,R-43330-GX9Q2,2.17,https://canodiy.es/tera-20/2830-R+43330+GX9Q2.html
HILOS,Tera 20,tera-20,BOBINA HILO AZUL MARINO TERA 20 200 MTS. C/ 0595,R-43330-NRIMC,2.17,https://canodiy.es/tera-20/2832-R+43330+NRIMC.html
HILOS,Tera 20,tera-20,BOBINA HILO AZUL MARINO TERA 20 600 MTS. C/0339,R-43356-IWXYZ,6.24,https://canodiy.es/tera-20/3012-R+43356+IWXYZ.html
HILOS,Tera 20,tera-20,BOBINA HILO AZUL MARINO TERA 20 600 MTS. C/0387,R-43356-F1AYS,6.24,https://canodiy.es/tera-20/3020-R+43356+F1AYS.html
HILOS,Tera 20,tera-20,BOBINA HILO AZUL OSCURO TERA 20 200 MTS. C/ 0312,R-43330-8Q2M9,2.17,https://canodiy.es/tera-20/2777-R+43330+8Q2M9.html
HILOS,Tera 20,tera-20,BOBINA HILO AZUL OSCURO TERA 20 200 MTS. C/0066,R-43333,2.17,https://canodiy.es/tera-20/397-R+43333.html
HILOS,Tera 20,tera-20,BOBINA HILO AZUL OSCURO TERA 20 600 MTS. C/013,R-43356-VEZA6,6.24,https://canodiy.es/tera-20/2951-R+43356+VEZA6.html
HILOS,Tera 20,tera-20,BOBINA HILO AZUL OSCURO TERA 20 600 MTS. C/0904,R-43356-12E5J,6.24,https://canodiy.es/tera-20/3087-R+43356+12E5J.html
HILOS,Tera 20,tera-20,BOBINA HILO AZUL TERA 20 200 MTS. C/ 0064,R-43330-DJSBZ,2.17,https://canodiy.es/tera-20/2715-R+43330+DJSBZ.html
HILOS,Tera 20,tera-20,BOBINA HILO AZUL TERA 20 200 MTS. C/ 0076,R-43330-NSQ8N,2.17,https://canodiy.es/tera-20/2717-R+43330+NSQ8N.html
HILOS,Tera 20,tera-20,BOBINA HILO AZUL TERA 20 200 MTS. C/ 0112,R-43330-72EVR,2.17,https://canodiy.es/tera-20/2721-R+43330+72EVR.html
HILOS,Tera 20,tera-20,BOBINA HILO AZUL TERA 20 200 MTS. C/ 0232,R-43330-FOACO,2.17,https://canodiy.es/tera-20/2758-R+43330+FOACO.html
HILOS,Tera 20,tera-20,BOBINA HILO AZUL TERA 20 200 MTS. C/ 0761,R-43330-XGFSJ,2.17,https://canodiy.es/tera-20/2861-R+43330+XGFSJ.html
HILOS,Tera 20,tera-20,BOBINA HILO AZUL TERA 20 200 MTS. C/ 1471,R-43330-SUVCQ,2.17,https://canodiy.es/tera-20/2910-R+43330+SUVCQ.html
HILOS,Tera 20,tera-20,BOBINA HILO AZUL TERA 20 600 MTS. C/0076,R-43356-JJRQC,6.24,https://canodiy.es/tera-20/2959-R+43356+JJRQC.html
HILOS,Tera 20,tera-20,BOBINA HILO AZUL TERA 20 600 MTS. C/0112,R-43356-JNWDX,6.24,https://canodiy.es/tera-20/2962-R+43356+JNWDX.html
HILOS,Tera 20,tera-20,BOBINA HILO AZUL TERA 20 600 MTS. C/0232,R-43356-AP0QF,6.24,https://canodiy.es/tera-20/2991-R+43356+AP0QF.html
HILOS,Tera 20,tera-20,BOBINA HILO AZUL TERA 20 600 MTS. C/0278,R-43366,6.24,https://canodiy.es/tera-20/430-R+43366.html
HILOS,Tera 20,tera-20,BOBINA HILO AZUL TERA 20 600 MTS. C/0385,R-43356-FY8XW,6.24,https://canodiy.es/tera-20/3018-R+43356+FY8XW.html
HILOS,Tera 20,tera-20,BOBINA HILO AZUL TERA 20 600 MTS. C/0761,R-43356-BSKJD,6.24,https://canodiy.es/tera-20/3073-R+43356+BSKJD.html
HILOS,Tera 20,tera-20,BOBINA HILO AZUL TERA 20 600 MTS. C/1471,R-43356-LO9T9,6.24,https://canodiy.es/tera-20/3108-R+43356+LO9T9.html
HILOS,Tera 20,tera-20,BOBINA HILO AZUL TERA 20/3 200 MTS. C/0385,R-43343,2.17,https://canodiy.es/tera-20/407-R+43343.html
HILOS,Tera 20,tera-20,BOBINA HILO AZUL TERA 20/3 200 MTS. C/0386,R-43344,2.17,https://canodiy.es/tera-20/408-R+43344.html
HILOS,Tera 20,tera-20,BOBINA HILO AZUL TERA 20/3 600 MTS. C/0386,R-43369,6.24,https://canodiy.es/tera-20/433-R+43369.html
HILOS,Tera 20,tera-20,BOBINA HILO AZUL TURQUESA CLARO TERA 20 600 MTS. C/2086,R-43356-4UVQS,6.24,https://canodiy.es/tera-20/3114-R+43356+4UVQS.html
HILOS,Tera 20,tera-20,BOBINA HILO AZUL TURQUESA OSCURO TERA 20 200 MTS. C/ 0764,R-43330-KQ8XM,2.17,https://canodiy.es/tera-20/2863-R+43330+KQ8XM.html
HILOS,Tera 20,tera-20,BOBINA HILO AZUL TURQUESA OSCURO TERA 20 600 MTS. C/0764,R-43356-JVOD0,6.24,https://canodiy.es/tera-20/3075-R+43356+JVOD0.html
HILOS,Tera 20,tera-20,BOBINA HILO AZUL TURQUESA TERA 20 200 MTS. C/ 0332,R-43330-YNVGV,2.17,https://canodiy.es/tera-20/2781-R+43330+YNVGV.html
HILOS,Tera 20,tera-20,BOBINA HILO AZUL TURQUESA TERA 20 200 MTS. C/ 0715,R-43330-8LY7T,2.17,https://canodiy.es/tera-20/2855-R+43330+8LY7T.html
HILOS,Tera 20,tera-20,BOBINA HILO AZUL TURQUESA TERA 20 600 MTS. C/0332,R-43356-JARAS,6.24,https://canodiy.es/tera-20/3010-R+43356+JARAS.html
HILOS,Tera 20,tera-20,BOBINA HILO AZUL TURQUESA TERA 20 600 MTS. C/0715,R-43356-FF5MU,6.24,https://canodiy.es/tera-20/3067-R+43356+FF5MU.html
HILOS,Tera 20,tera-20,BOBINA HILO AZUL TURQUESA TERA 20 600 MTS. C/0924,R-43356-30RXJ,6.24,https://canodiy.es/tera-20/6555-R+43356+30RXJ.html
HILOS,Tera 20,tera-20,BOBINA HILO BEIG CLARO TERA 20 200 MTS. C/ 0414,R-43330-IYZII,2.17,https://canodiy.es/tera-20/2797-R+43330+IYZII.html
HILOS,Tera 20,tera-20,BOBINA HILO BEIG CLARO TERA 20 200 MTS. C/ 3791,R-43330-GUSSO,2.17,https://canodiy.es/tera-20/2920-R+43330+GUSSO.html
HILOS,Tera 20,tera-20,BOBINA HILO BEIG CLARO TERA 20 600 MTS. C/0414,R-43356-2FFO9,6.24,https://canodiy.es/tera-20/3022-R+43356+2FFO9.html
HILOS,Tera 20,tera-20,BOBINA HILO BEIG CLARO TERA 20 600 MTS. C/3791,R-43356-CUMLC,6.24,https://canodiy.es/tera-20/3119-R+43356+CUMLC.html
HILOS,Tera 20,tera-20,BOBINA HILO BEIG TERA 20 200 MTS. C/ 0131,R-43330-EIILH,2.17,https://canodiy.es/tera-20/2729-R+43330+EIILH.html
HILOS,Tera 20,tera-20,BOBINA HILO BEIG TERA 20 200 MTS. C/ 0263,R-43330-EIJOP,2.17,https://canodiy.es/tera-20/2762-R+43330+EIJOP.html
HILOS,Tera 20,tera-20,BOBINA HILO BEIG TERA 20 200 MTS. C/ 0265,R-43330-NJPJQ,2.17,https://canodiy.es/tera-20/2764-R+43330+NJPJQ.html
HILOS,Tera 20,tera-20,BOBINA HILO BEIG TERA 20 200 MTS. C/ 0591,R-43330-N3G2Q,2.17,https://canodiy.es/tera-20/2828-R+43330+N3G2Q.html
HILOS,Tera 20,tera-20,BOBINA HILO BEIG TERA 20 200 MTS. C/ 1334,R-43330-LPZP3,2.17,https://canodiy.es/tera-20/2908-R+43330+LPZP3.html
HILOS,Tera 20,tera-20,BOBINA HILO BEIG TERA 20 200 MTS. C/ 6556,R-43330-UTEUU,2.17,https://canodiy.es/tera-20/2939-R+43330+UTEUU.html
HILOS,Tera 20,tera-20,BOBINA HILO BEIG TERA 20 200 MTS. C/ 9444,R-43330-YOED3,2.17,https://canodiy.es/tera-20/2945-R+43330+YOED3.html
HILOS,Tera 20,tera-20,BOBINA HILO BEIG TERA 20 600 MTS. C/0131,R-43356-NMSVT,6.24,https://canodiy.es/tera-20/2970-R+43356+NMSVT.html
HILOS,Tera 20,tera-20,BOBINA HILO BEIG TERA 20 600 MTS. C/0186,R-43363,6.24,https://canodiy.es/tera-20/427-R+43363.html
HILOS,Tera 20,tera-20,BOBINA HILO BEIG TERA 20 600 MTS. C/0263,R-43356-Z4DY4,6.24,https://canodiy.es/tera-20/2995-R+43356+Z4DY4.html
HILOS,Tera 20,tera-20,BOBINA HILO BEIG TERA 20 600 MTS. C/0464,R-43356-9LY4P,6.24,https://canodiy.es/tera-20/3039-R+43356+9LY4P.html
HILOS,Tera 20,tera-20,BOBINA HILO BEIG TERA 20 600 MTS. C/0591,R-43356-DVU9R-MJQN5,6.24,https://canodiy.es/tera-20/3047-R+43356+DVU9R+MJQN5.html
HILOS,Tera 20,tera-20,BOBINA HILO BEIG TERA 20 600 MTS. C/0722,R-43356-CXVIT,6.24,https://canodiy.es/tera-20/3069-R+43356+CXVIT.html
HILOS,Tera 20,tera-20,BOBINA HILO BEIG TERA 20 600 MTS. C/1334,R-43356-ROAMF,6.24,https://canodiy.es/tera-20/3106-R+43356+ROAMF.html
HILOS,Tera 20,tera-20,BOBINA HILO BEIGE TERA 20 200 MTS. C/ 0722,R-43330-RG8XJ,2.17,https://canodiy.es/tera-20/2857-R+43330+RG8XJ.html
HILOS,Tera 20,tera-20,BOBINA HILO BEIGE TERA 20 200 MTS. C/ 0868,R-43330-ZKRWL,2.17,https://canodiy.es/tera-20/2882-R+43330+ZKRWL.html
HILOS,Tera 20,tera-20,BOBINA HILO BEIGE TERA 20 600 MTS. C/0868,R-43356-V7FNB,6.24,https://canodiy.es/tera-20/3083-R+43356+V7FNB.html
HILOS,Tera 20,tera-20,BOBINA HILO BLANCO ROTO TERA 20 200 MTS. C/0001,R-43331,2.17,https://canodiy.es/tera-20/395-R+43331.html
HILOS,Tera 20,tera-20,BOBINA HILO BLANCO ROTO TERA 20 600 MTS. C/0001,R-43357,6.24,https://canodiy.es/tera-20/421-R+43357.html
HILOS,Tera 20,tera-20,BOBINA HILO BLANCO ROTO TERA 20 600 MTS. C/0111,R-43356-N9U15,5.48,https://canodiy.es/tera-20/6196-R+43356+N9U15.html
HILOS,Tera 20,tera-20,BOBINA HILO BLANCO TERA 20 200 MTS. C/ 0111,R-43330-ESJAF,1.94,https://canodiy.es/tera-20/2719-R+43330+ESJAF.html
HILOS,Tera 20,tera-20,BOBINA HILO BLANCO TERA 20/3 200 MTS. C/0800,R-43350,1.94,https://canodiy.es/tera-20/414-R+43350.html
HILOS,Tera 20,tera-20,BOBINA HILO BLANCO TERA 20/3 600 MTS. C/0800,R-43376,5.48,https://canodiy.es/tera-20/440-R+43376.html
HILOS,Tera 20,tera-20,BOBINA HILO GRIS CLARO TERA 20 200 MTS. C/ 0299,R-43330-NJTNV,2.17,https://canodiy.es/tera-20/2773-R+43330+NJTNV.html
HILOS,Tera 20,tera-20,BOBINA HILO GRIS CLARO TERA 20 600 MTS. C/0299,R-43356-ZPZU2,6.24,https://canodiy.es/tera-20/3004-R+43356+ZPZU2.html
HILOS,Tera 20,tera-20,BOBINA HILO GRIS CLARO TERA 20 600 MTS. C/3969,R-43356-ZUN0E,6.24,https://canodiy.es/tera-20/3124-R+43356+ZUN0E.html
HILOS,Tera 20,tera-20,BOBINA HILO GRIS OSCURO TERA 20 200 MTS. C/ 0036,R-43330-ZBZQK,2.17,https://canodiy.es/tera-20/2711-R+43330+ZBZQK.html
HILOS,Tera 20,tera-20,BOBINA HILO GRIS OSCURO TERA 20 200 MTS. C/ 1116,R-43330-U7EM8,2.17,https://canodiy.es/tera-20/2902-R+43330+U7EM8.html
HILOS,Tera 20,tera-20,BOBINA HILO GRIS OSCURO TERA 20 600 MTS. C/0036,R-43356-K3KIW,6.24,https://canodiy.es/tera-20/2957-R+43356+K3KIW.html
HILOS,Tera 20,tera-20,BOBINA HILO GRIS TERA 20 200 MTS. C/ 0035,R-43330-QRHCA,2.17,https://canodiy.es/tera-20/2709-R+43330+QRHCA.html
HILOS,Tera 20,tera-20,BOBINA HILO GRIS TERA 20 200 MTS. C/ 0122,R-43330-MHM2H,2.17,https://canodiy.es/tera-20/2723-R+43330+MHM2H.html
HILOS,Tera 20,tera-20,BOBINA HILO GRIS TERA 20 200 MTS. C/ 0495,R-43330-EHHIA,2.17,https://canodiy.es/tera-20/2819-R+43330+EHHIA.html
HILOS,Tera 20,tera-20,BOBINA HILO GRIS TERA 20 200 MTS. C/ 0634,R-43330-KXW2C,2.17,https://canodiy.es/tera-20/2838-R+43330+KXW2C.html
HILOS,Tera 20,tera-20,BOBINA HILO GRIS TERA 20 200 MTS. C/ 2613,R-43330-X3LQB,2.17,https://canodiy.es/tera-20/2916-R+43330+X3LQB.html
HILOS,Tera 20,tera-20,BOBINA HILO GRIS TERA 20 200 MTS. C/ 3969,R-43330-O6HZH-VQIVR,2.17,https://canodiy.es/tera-20/2924-R+43330+O6HZH+VQIVR.html
HILOS,Tera 20,tera-20,BOBINA HILO GRIS TERA 20 200 MTS. C/0038,R-43332,2.17,https://canodiy.es/tera-20/396-R+43332.html
HILOS,Tera 20,tera-20,BOBINA HILO GRIS TERA 20 600 MTS. C/0035,R-43356-BAX2H,6.24,https://canodiy.es/tera-20/2955-R+43356+BAX2H.html
HILOS,Tera 20,tera-20,BOBINA HILO GRIS TERA 20 600 MTS. C/0122,R-43356-VKMWS,6.24,https://canodiy.es/tera-20/2964-R+43356+VKMWS.html
HILOS,Tera 20,tera-20,BOBINA HILO GRIS TERA 20 600 MTS. C/0495,R-43356-UINVR,6.24,https://canodiy.es/tera-20/3041-R+43356+UINVR.html
HILOS,Tera 20,tera-20,BOBINA HILO GRIS TERA 20 600 MTS. C/0634,R-43356-7JSLA,6.24,https://canodiy.es/tera-20/3052-R+43356+7JSLA.html
HILOS,Tera 20,tera-20,BOBINA HILO GRIS TERA 20 600 MTS. C/0701,R-43374,6.24,https://canodiy.es/tera-20/438-R+43374.html
HILOS,Tera 20,tera-20,BOBINA HILO GRIS TERA 20/3 200 MTS. C/0701,R-43348,2.17,https://canodiy.es/tera-20/412-R+43348.html
HILOS,Tera 20,tera-20,BOBINA HILO GRIS TERA 20/3 600 MTS. C/0038,R-43358,6.24,https://canodiy.es/tera-20/422-R+43358.html
HILOS,Tera 20,tera-20,BOBINA HILO LILA TERA 20 200 MTS. C/ 0656,R-43330-APAMT,2.17,https://canodiy.es/tera-20/2841-R+43330+APAMT.html
HILOS,Tera 20,tera-20,BOBINA HILO LILA TERA 20 600 MTS. C/0656,R-43356-W6GJN,6.24,https://canodiy.es/tera-20/3054-R+43356+W6GJN.html
HILOS,Tera 20,tera-20,BOBINA HILO MARRÓN ARENA TERA 20 600 MTS. C/6298,R-43356-9DB7K,6.24,https://canodiy.es/tera-20/3130-R+43356+9DB7K.html
HILOS,Tera 20,tera-20,BOBINA HILO MARRÓN CAOBA TERA 20 200 MTS. C/ 0227,R-43330-TCX8B,2.17,https://canodiy.es/tera-20/2754-R+43330+TCX8B.html
HILOS,Tera 20,tera-20,BOBINA HILO MARRÓN CAOBA TERA 20 200 MTS. C/ 0448,R-43330-K5MPJ,2.17,https://canodiy.es/tera-20/2811-R+43330+K5MPJ.html
HILOS,Tera 20,tera-20,BOBINA HILO MARRÓN CAOBA TERA 20 200 MTS. C/ 0649,R-43330-7DA7M,2.17,https://canodiy.es/tera-20/2839-R+43330+7DA7M.html
HILOS,Tera 20,tera-20,BOBINA HILO MARRÓN CAOBA TERA 20 200 MTS. C/ 0934,R-43330-RG7VE,2.17,https://canodiy.es/tera-20/2896-R+43330+RG7VE.html
HILOS,Tera 20,tera-20,BOBINA HILO MARRÓN CAOBA TERA 20 200 MTS. C/ 1744,R-43330-LCSDX,2.17,https://canodiy.es/tera-20/2912-R+43330+LCSDX.html
HILOS,Tera 20,tera-20,BOBINA HILO MARRÓN CAOBA TERA 20 200 MTS. C/1879,R-43330-2GAE9,2.17,https://canodiy.es/tera-20/2914-R+43330+2GAE9.html
HILOS,Tera 20,tera-20,BOBINA HILO MARRÓN CAOBA TERA 20 600 MTS. C/0227,R-43356-OIIW0,6.24,https://canodiy.es/tera-20/2990-R+43356+OIIW0.html
HILOS,Tera 20,tera-20,BOBINA HILO MARRÓN CAOBA TERA 20 600 MTS. C/0448,R-43356-UKLQB,6.24,https://canodiy.es/tera-20/6296-R+43356+UKLQB.html
HILOS,Tera 20,tera-20,BOBINA HILO MARRÓN CAOBA TERA 20 600 MTS. C/0934,R-43356-X24OG,6.24,https://canodiy.es/tera-20/3096-R+43356+X24OG.html
HILOS,Tera 20,tera-20,BOBINA HILO MARRÓN CAOBA TERA 20 600 MTS. C/1744,R-43356-H1AUE,6.24,https://canodiy.es/tera-20/3110-R+43356+H1AUE.html
HILOS,Tera 20,tera-20,BOBINA HILO MARRÓN CAOBA TERA 20 600 MTS. C/1879,R-43356-L8NQG,6.24,https://canodiy.es/tera-20/3112-R+43356+L8NQG.html
HILOS,Tera 20,tera-20,BOBINA HILO MARRÓN CAOBA TERA 20/3 200 MTS. C/0650,R-43346,2.17,https://canodiy.es/tera-20/410-R+43346.html
HILOS,Tera 20,tera-20,BOBINA HILO MARRÓN CAOBA TERA 20/3 600 MTS. C/0649,R-43359-JHAOT,6.24,https://canodiy.es/tera-20/2260-R+43359+JHAOT.html
HILOS,Tera 20,tera-20,BOBINA HILO MARRÓN CLARO  TERA 20 200 MTS. C/ 5643,R-43330-9M5HL,2.17,https://canodiy.es/tera-20/2933-R+43330+9M5HL.html
HILOS,Tera 20,tera-20,BOBINA HILO MARRÓN CLARO TERA 20 200 MTS. C/ 0215,R-43330-LIJZF,2.17,https://canodiy.es/tera-20/2746-R+43330+LIJZF.html
HILOS,Tera 20,tera-20,BOBINA HILO MARRÓN CLARO TERA 20 600 MTS. C/0215,R-43356-RE9T5,6.24,https://canodiy.es/tera-20/2985-R+43356+RE9T5.html
HILOS,Tera 20,tera-20,BOBINA HILO MARRÓN CLARO TERA 20 600 MTS. C/5643,R-43356-KDAET,6.24,https://canodiy.es/tera-20/3128-R+43356+KDAET.html
HILOS,Tera 20,tera-20,BOBINA HILO MARRÓN OSCURO TERA 20 200 MTS. C/ 0175,R-43330-B4DKJ,2.17,https://canodiy.es/tera-20/2742-R+43330+B4DKJ.html
HILOS,Tera 20,tera-20,BOBINA HILO MARRÓN OSCURO TERA 20 200 MTS. C/ 0682,R-43330-HP79J,2.17,https://canodiy.es/tera-20/2849-R+43330+HP79J.html
HILOS,Tera 20,tera-20,BOBINA HILO MARRÓN OSCURO TERA 20 200 MTS. C/ 0696,R-43330-ZAJQ0,2.17,https://canodiy.es/tera-20/2851-R+43330+ZAJQ0.html
HILOS,Tera 20,tera-20,BOBINA HILO MARRÓN OSCURO TERA 20 200 MTS. C/ 0780,R-43330-1SCBW,2.17,https://canodiy.es/tera-20/2870-R+43330+1SCBW.html
HILOS,Tera 20,tera-20,BOBINA HILO MARRÓN OSCURO TERA 20 200 MTS. C/ 1213,R-43330-NLTUN,2.17,https://canodiy.es/tera-20/2904-R+43330+NLTUN.html
HILOS,Tera 20,tera-20,BOBINA HILO MARRÓN OSCURO TERA 20 200 MTS. C/ 5662,R-43330-OIJXD,2.17,https://canodiy.es/tera-20/2935-R+43330+OIJXD.html
HILOS,Tera 20,tera-20,BOBINA HILO MARRÓN OSCURO TERA 20 200 MTS. C/ 8399,R-43330-T4M6J,2.17,https://canodiy.es/tera-20/2943-R+43330+T4M6J.html
HILOS,Tera 20,tera-20,BOBINA HILO MARRÓN OSCURO TERA 20 600 MTS. C/0175,R-43356-IIKB9,6.24,https://canodiy.es/tera-20/2981-R+43356+IIKB9.html
HILOS,Tera 20,tera-20,BOBINA HILO MARRÓN OSCURO TERA 20 600 MTS. C/0682,R-43356-Q5NGH,6.24,https://canodiy.es/tera-20/3062-R+43356+Q5NGH.html
HILOS,Tera 20,tera-20,BOBINA HILO MARRÓN OSCURO TERA 20 600 MTS. C/0696,R-43356-GZFCJ,6.24,https://canodiy.es/tera-20/3064-R+43356+GZFCJ.html
HILOS,Tera 20,tera-20,BOBINA HILO MARRÓN OSCURO TERA 20 600 MTS. C/0697,R-43373,6.24,https://canodiy.es/tera-20/437-R+43373.html
HILOS,Tera 20,tera-20,BOBINA HILO MARRÓN OSCURO TERA 20 600 MTS. C/1213,R-43356-XVYBE,6.24,https://canodiy.es/tera-20/3102-R+43356+XVYBE.html
HILOS,Tera 20,tera-20,BOBINA HILO MARRÓN OSCURO TERA 20 600 MTS. C/8399,R-43356-2QA7P,6.24,https://canodiy.es/tera-20/3134-R+43356+2QA7P.html
HILOS,Tera 20,tera-20,BOBINA HILO MARRÓN OSCURO TERA 20/3 200 MTS. C/0697,R-43347,2.17,https://canodiy.es/tera-20/411-R+43347.html
HILOS,Tera 20,tera-20,BOBINA HILO MARRÓN TERA 20 200 MTS. C/ 0124,R-43330-6KRPQ,2.17,https://canodiy.es/tera-20/2725-R+43330+6KRPQ.html
HILOS,Tera 20,tera-20,BOBINA HILO MARRÓN TERA 20 200 MTS. C/ 0160,R-43330-86FXQ,2.17,https://canodiy.es/tera-20/2736-R+43330+86FXQ.html
HILOS,Tera 20,tera-20,BOBINA HILO MARRÓN TERA 20 200 MTS. C/ 0172,R-43330-FMOZH,2.17,https://canodiy.es/tera-20/2738-R+43330+FMOZH.html
HILOS,Tera 20,tera-20,BOBINA HILO MARRÓN TERA 20 200 MTS. C/ 0208,R-43330-PHJQI,2.17,https://canodiy.es/tera-20/2744-R+43330+PHJQI.html
HILOS,Tera 20,tera-20,BOBINA HILO MARRÓN TERA 20 200 MTS. C/ 0216,R-43330-JIQN6,2.17,https://canodiy.es/tera-20/2748-R+43330+JIQN6.html
HILOS,Tera 20,tera-20,BOBINA HILO MARRÓN TERA 20 200 MTS. C/ 0230,R-43330-F6DJF,2.17,https://canodiy.es/tera-20/2756-R+43330+F6DJF.html
HILOS,Tera 20,tera-20,BOBINA HILO MARRÓN TERA 20 200 MTS. C/ 0406,R-43330-3N8SO,2.17,https://canodiy.es/tera-20/2795-R+43330+3N8SO.html
HILOS,Tera 20,tera-20,BOBINA HILO MARRÓN TERA 20 200 MTS. C/ 0438,R-43330-LSINB,2.17,https://canodiy.es/tera-20/2803-R+43330+LSINB.html
HILOS,Tera 20,tera-20,BOBINA HILO MARRÓN TERA 20 200 MTS. C/ 0443,R-43330-DRCSG,2.17,https://canodiy.es/tera-20/2805-R+43330+DRCSG.html
HILOS,Tera 20,tera-20,BOBINA HILO MARRÓN TERA 20 200 MTS. C/ 0444,R-43330-96NKF,2.17,https://canodiy.es/tera-20/2807-R+43330+96NKF.html
HILOS,Tera 20,tera-20,BOBINA HILO MARRÓN TERA 20 200 MTS. C/ 0446,R-43330-NBWHD,2.17,https://canodiy.es/tera-20/2809-R+43330+NBWHD.html
HILOS,Tera 20,tera-20,BOBINA HILO MARRÓN TERA 20 200 MTS. C/ 0450,R-43330-A3L0E,2.17,https://canodiy.es/tera-20/2813-R+43330+A3L0E.html
HILOS,Tera 20,tera-20,BOBINA HILO MARRÓN TERA 20 200 MTS. C/ 0452,R-43330-RZCIV,2.17,https://canodiy.es/tera-20/2815-R+43330+RZCIV.html
HILOS,Tera 20,tera-20,BOBINA HILO MARRÓN TERA 20 200 MTS. C/ 0673,R-43330-MLSRE,2.17,https://canodiy.es/tera-20/2845-R+43330+MLSRE.html
HILOS,Tera 20,tera-20,BOBINA HILO MARRÓN TERA 20 200 MTS. C/ 0767,R-43330-CWUFL,2.17,https://canodiy.es/tera-20/2865-R+43330+CWUFL.html
HILOS,Tera 20,tera-20,BOBINA HILO MARRÓN TERA 20 200 MTS. C/ 0776,R-43330-BY9BW,2.17,https://canodiy.es/tera-20/2868-R+43330+BY9BW.html
HILOS,Tera 20,tera-20,BOBINA HILO MARRÓN TERA 20 200 MTS. C/ 0815,R-43330-P5MGI,2.17,https://canodiy.es/tera-20/2872-R+43330+P5MGI.html
HILOS,Tera 20,tera-20,BOBINA HILO MARRÓN TERA 20 200 MTS. C/ 0831,R-43330-8AQWI,2.17,https://canodiy.es/tera-20/2874-R+43330+8AQWI.html
HILOS,Tera 20,tera-20,BOBINA HILO MARRÓN TERA 20 200 MTS. C/ 0842,R-43330-G4HNO,2.17,https://canodiy.es/tera-20/2878-R+43330+G4HNO.html
HILOS,Tera 20,tera-20,BOBINA HILO MARRÓN TERA 20 200 MTS. C/ 0851,R-43330-2AKSD,2.17,https://canodiy.es/tera-20/2880-R+43330+2AKSD.html
HILOS,Tera 20,tera-20,BOBINA HILO MARRÓN TERA 20 200 MTS. C/ 0969,R-43330-P5CQS,2.17,https://canodiy.es/tera-20/2900-R+43330+P5CQS.html
HILOS,Tera 20,tera-20,BOBINA HILO MARRÓN TERA 20 200 MTS. C/ 1293,R-43330-MFGQS,2.17,https://canodiy.es/tera-20/2906-R+43330+MFGQS.html
HILOS,Tera 20,tera-20,BOBINA HILO MARRÓN TERA 20 200 MTS. C/ 3041,R-43330-WKR6B,2.17,https://canodiy.es/tera-20/2918-R+43330+WKR6B.html
HILOS,Tera 20,tera-20,BOBINA HILO MARRÓN TERA 20 200 MTS. C/ 3830,R-43330-O6HZH,2.17,https://canodiy.es/tera-20/2922-R+43330+O6HZH.html
HILOS,Tera 20,tera-20,BOBINA HILO MARRÓN TERA 20 200 MTS. C/ 3973,R-43330-ZB2TT,2.17,https://canodiy.es/tera-20/2926-R+43330+ZB2TT.html
HILOS,Tera 20,tera-20,BOBINA HILO MARRÓN TERA 20 200 MTS. C/ 4039,R-43330-GXAR6,2.17,https://canodiy.es/tera-20/2930-R+43330+GXAR6.html
HILOS,Tera 20,tera-20,BOBINA HILO MARRÓN TERA 20 600 MTS. C/0124,R-43356-EVLKD,6.24,https://canodiy.es/tera-20/2966-R+43356+EVLKD.html
HILOS,Tera 20,tera-20,BOBINA HILO MARRÓN TERA 20 600 MTS. C/0160,R-43356-UD3HX,6.24,https://canodiy.es/tera-20/2976-R+43356+UD3HX.html
HILOS,Tera 20,tera-20,BOBINA HILO MARRÓN TERA 20 600 MTS. C/0208,R-43356-8XRI2,6.24,https://canodiy.es/tera-20/2983-R+43356+8XRI2.html
HILOS,Tera 20,tera-20,BOBINA HILO MARRÓN TERA 20 600 MTS. C/0438,R-43356-C6LZO,6.24,https://canodiy.es/tera-20/3029-R+43356+C6LZO.html
HILOS,Tera 20,tera-20,BOBINA HILO MARRÓN TERA 20 600 MTS. C/0443,R-43356-ALM5W,6.24,https://canodiy.es/tera-20/3031-R+43356+ALM5W.html
HILOS,Tera 20,tera-20,BOBINA HILO MARRÓN TERA 20 600 MTS. C/0446,R-43356-FIRX6,6.24,https://canodiy.es/tera-20/3033-R+43356+FIRX6.html
HILOS,Tera 20,tera-20,BOBINA HILO MARRÓN TERA 20 600 MTS. C/0450,R-43356-U6GLW,6.24,https://canodiy.es/tera-20/3035-R+43356+U6GLW.html
HILOS,Tera 20,tera-20,BOBINA HILO MARRÓN TERA 20 600 MTS. C/0452,R-43356-IPXO8,6.24,https://canodiy.es/tera-20/3037-R+43356+IPXO8.html
HILOS,Tera 20,tera-20,BOBINA HILO MARRÓN TERA 20 600 MTS. C/0724,R-43375,6.24,https://canodiy.es/tera-20/439-R+43375.html
HILOS,Tera 20,tera-20,BOBINA HILO MARRÓN TERA 20 600 MTS. C/0816,R-43356-JKRW2,6.24,https://canodiy.es/tera-20/3077-R+43356+JKRW2.html
HILOS,Tera 20,tera-20,BOBINA HILO MARRÓN TERA 20 600 MTS. C/0831,R-43356-QZBIW,6.24,https://canodiy.es/tera-20/3079-R+43356+QZBIW.html
HILOS,Tera 20,tera-20,BOBINA HILO MARRÓN TERA 20 600 MTS. C/0969,R-43356-B2DOX,6.24,https://canodiy.es/tera-20/3100-R+43356+B2DOX.html
HILOS,Tera 20,tera-20,BOBINA HILO MARRÓN TERA 20 600 MTS. C/1293,R-43356-QJRGD,6.24,https://canodiy.es/tera-20/3104-R+43356+QJRGD.html
HILOS,Tera 20,tera-20,BOBINA HILO MARRÓN TERA 20 600 MTS. C/3041,R-43356-IIQPE,6.24,https://canodiy.es/tera-20/3116-R+43356+IIQPE.html
HILOS,Tera 20,tera-20,BOBINA HILO MARRÓN TERA 20 600 MTS. C/3830,R-43356-ULTG6,6.24,https://canodiy.es/tera-20/3121-R+43356+ULTG6.html
HILOS,Tera 20,tera-20,BOBINA HILO MARRÓN TERA 20 600 MTS. C/4039,R-43356-PHINA,6.24,https://canodiy.es/tera-20/3126-R+43356+PHINA.html
HILOS,Tera 20,tera-20,BOBINA HILO MARRÓN TERA 20/3 200 MTS. C/0439,R-43345,2.17,https://canodiy.es/tera-20/409-R+43345.html
HILOS,Tera 20,tera-20,BOBINA HILO MARRÓN TERA 20/3 200 MTS. C/0724,R-43349,2.17,https://canodiy.es/tera-20/413-R+43349.html
HILOS,Tera 20,tera-20,BOBINA HILO MARRÓN TERA 20/3 600 MTS. C/0181,R-43362,6.24,https://canodiy.es/tera-20/426-R+43362.html
HILOS,Tera 20,tera-20,BOBINA HILO MARRÓN TERA 20/3 600 MTS. C/0439,R-43371,6.24,https://canodiy.es/tera-20/435-R+43371.html
HILOS,Tera 20,tera-20,BOBINA HILO MORADO OSCURO TERA 20 200 MTS. C/ 0032,R-43330-ABXFJ,2.17,https://canodiy.es/tera-20/2707-R+43330+ABXFJ.html
HILOS,Tera 20,tera-20,BOBINA HILO MORADO OSCURO TERA 20 200 MTS. C/ 0130,R-43330-GNXMV,2.17,https://canodiy.es/tera-20/2727-R+43330+GNXMV.html
HILOS,Tera 20,tera-20,BOBINA HILO MORADO OSCURO TERA 20 200 MTS. C/ 0575,R-43330-JGBKC,2.17,https://canodiy.es/tera-20/2821-R+43330+JGBKC.html
HILOS,Tera 20,tera-20,BOBINA HILO MORADO OSCURO TERA 20 600 MTS. C/0032,R-43356-3OAX8,6.24,https://canodiy.es/tera-20/2953-R+43356+3OAX8.html
HILOS,Tera 20,tera-20,BOBINA HILO MORADO OSCURO TERA 20 600 MTS. C/0130,R-43356-0SCZZ,6.24,https://canodiy.es/tera-20/2968-R+43356+0SCZZ.html
HILOS,Tera 20,tera-20,BOBINA HILO MORADO TERA 20 600 MTS. C/0732,R-43356-6PYHS,6.24,https://canodiy.es/tera-20/3071-R+43356+6PYHS.html
HILOS,Tera 20,tera-20,BOBINA HILO MORADO TERA 20 600 MTS. C/3996,R-43381,6.24,https://canodiy.es/tera-20/445-R+43381.html
HILOS,Tera 20,tera-20,BOBINA HILO MORADO TERA 20/3 200 MTS. C/3996,R-43355,2.17,https://canodiy.es/tera-20/419-R+43355.html
HILOS,Tera 20,tera-20,BOBINA HILO MORADO VIOLETA TERA 20 200 MTS. C/0247,R-43339,2.17,https://canodiy.es/tera-20/403-R+43339.html
HILOS,Tera 20,tera-20,BOBINA HILO MORADO VIOLETA TERA 20 600 MTS. C/0247,R-43365,6.24,https://canodiy.es/tera-20/429-R+43365.html
HILOS,Tera 20,tera-20,BOBINA HILO NARANJA FLUOR TERA 20 600 MTS. C/3871,R-43380,6.24,https://canodiy.es/tera-20/444-R+43380.html
HILOS,Tera 20,tera-20,BOBINA HILO NARANJA FLUOR TERA 20/3 200 MTS. C/3871,R-43354,2.17,https://canodiy.es/tera-20/418-R+43354.html
HILOS,Tera 20,tera-20,BOBINA HILO NARANJA OSCURO TERA 20 200 MTS. C/ 7996,R-43330-5UHMP,2.17,https://canodiy.es/tera-20/2941-R+43330+5UHMP.html
HILOS,Tera 20,tera-20,BOBINA HILO NARANJA OSCURO TERA 20 600 MTS. C/7996,R-43356-IAPCC,6.24,https://canodiy.es/tera-20/3132-R+43356+IAPCC.html
HILOS,Tera 20,tera-20,BOBINA HILO NARANJA TERA 20 200 MTS. C/ 0300,R-43330-NNW1Y,2.17,https://canodiy.es/tera-20/2775-R+43330+NNW1Y.html
HILOS,Tera 20,tera-20,BOBINA HILO NARANJA TERA 20 200 MTS. C/ 0362,R-43330-WE5EG,2.17,https://canodiy.es/tera-20/2785-R+43330+WE5EG.html
HILOS,Tera 20,tera-20,BOBINA HILO NARANJA TERA 20 200 MTS. C/ 0589,R-43330-M0U6E,2.17,https://canodiy.es/tera-20/2825-R+43330+M0U6E.html
HILOS,Tera 20,tera-20,BOBINA HILO NARANJA TERA 20 200 MTS. C/ 3995,R-43330-PJJW6,2.17,https://canodiy.es/tera-20/2928-R+43330+PJJW6.html
HILOS,Tera 20,tera-20,BOBINA HILO NARANJA TERA 20 200 MTS. C/0155,R-43330-MJPM1,2.17,https://canodiy.es/tera-20/2734-R+43330+MJPM1.html
HILOS,Tera 20,tera-20,BOBINA HILO NARANJA TERA 20 600 MTS. C/0155,R-43356-BRKCJ,6.24,https://canodiy.es/tera-20/2974-R+43356+BRKCJ.html
HILOS,Tera 20,tera-20,BOBINA HILO NARANJA TERA 20 600 MTS. C/0300,R-43356-ROX21,6.24,https://canodiy.es/tera-20/3006-R+43356+ROX21.html
HILOS,Tera 20,tera-20,BOBINA HILO NARANJA TERA 20 600 MTS. C/0589,R-43356-DVU9R,6.24,https://canodiy.es/tera-20/3045-R+43356+DVU9R.html
HILOS,Tera 20,tera-20,BOBINA HILO NARANJA TERA 20 600 MTS. C/0932,R-43356-NPYJG,6.24,https://canodiy.es/tera-20/8757-R+43356+NPYJG.html
HILOS,Tera 20,tera-20,BOBINA HILO NARANJA TERA 20/3 200 MTS. C/0351,R-43342,2.17,https://canodiy.es/tera-20/406-R+43342.html
HILOS,Tera 20,tera-20,BOBINA HILO NARANJA TERA 20/3 600 MTS. C/0351,R-43368,6.24,https://canodiy.es/tera-20/432-R+43368.html
HILOS,Tera 20,tera-20,BOBINA HILO NEGRO TERA 20 200 MTS. C/ 0000,R-43330,2.17,https://canodiy.es/tera-20/394-R+43330.html
HILOS,Tera 20,tera-20,BOBINA HILO NEGRO TERA 20 600 MTS. C/0000,R-43356,6.24,https://canodiy.es/tera-20/420-R+43356.html
HILOS,Tera 20,tera-20,BOBINA HILO ROJO BURDEOS TERA 20 200 MTS. C/ 0174,R-43330-RCZH3,2.17,https://canodiy.es/tera-20/2740-R+43330+RCZH3.html
HILOS,Tera 20,tera-20,BOBINA HILO ROJO BURDEOS TERA 20 200 MTS. C/ 0221,R-43330-0IHTF,2.17,https://canodiy.es/tera-20/2750-R+43330+0IHTF.html
HILOS,Tera 20,tera-20,BOBINA HILO ROJO BURDEOS TERA 20 200 MTS. C/ 0226,R-43330-TSBOE,2.17,https://canodiy.es/tera-20/2752-R+43330+TSBOE.html
HILOS,Tera 20,tera-20,BOBINA HILO ROJO BURDEOS TERA 20 200 MTS. C/ 0368,R-43330-NSEFP,2.17,https://canodiy.es/tera-20/2788-R+43330+NSEFP.html
HILOS,Tera 20,tera-20,BOBINA HILO ROJO BURDEOS TERA 20 600 MTS. C/0174,R-43356-0GFFZ,6.24,https://canodiy.es/tera-20/2979-R+43356+0GFFZ.html
HILOS,Tera 20,tera-20,BOBINA HILO ROJO BURDEOS TERA 20 600 MTS. C/0226,R-43356-ZJSSZ,6.24,https://canodiy.es/tera-20/2987-R+43356+ZJSSZ.html
HILOS,Tera 20,tera-20,BOBINA HILO ROJO BURDEOS TERA 20 600 MTS. C/0368,R-43356-WP8BA,6.24,https://canodiy.es/tera-20/3016-R+43356+WP8BA.html
HILOS,Tera 20,tera-20,BOBINA HILO ROJO CAOBA TERA 20 200 MTS. C/ 0837,R-43330-9FGLP,2.17,https://canodiy.es/tera-20/2876-R+43330+9FGLP.html
HILOS,Tera 20,tera-20,BOBINA HILO ROJO CAOBA TERA 20 600 MTS. C/0837,R-43356-DQ1CZ,6.24,https://canodiy.es/tera-20/3081-R+43356+DQ1CZ.html
HILOS,Tera 20,tera-20,BOBINA HILO ROJO FLUOR TERA 20 200 MTS. C/3722,R-43351,2.17,https://canodiy.es/tera-20/415-R+43351.html
HILOS,Tera 20,tera-20,BOBINA HILO ROJO FLUOR TERA 20 600 MTS. C/3722,R-43377,6.24,https://canodiy.es/tera-20/441-R+43377.html
HILOS,Tera 20,tera-20,BOBINA HILO ROJO TERA 20 200 MTS. C/ 0012,R-43330-VBXYQ,2.17,https://canodiy.es/tera-20/2703-R+43330+VBXYQ.html
HILOS,Tera 20,tera-20,BOBINA HILO ROJO TERA 20 200 MTS. C/ 0367,R-43330-BWOZO,2.17,https://canodiy.es/tera-20/2787-R+43330+BWOZO.html
HILOS,Tera 20,tera-20,BOBINA HILO ROJO TERA 20 600 MTS. C/0012,R-43356-PM5GZ,6.24,https://canodiy.es/tera-20/2949-R+43356+PM5GZ.html
HILOS,Tera 20,tera-20,BOBINA HILO ROJO TERA 20 600 MTS. C/0367,R-43356-SRLE7,6.24,https://canodiy.es/tera-20/3014-R+43356+SRLE7.html
HILOS,Tera 20,tera-20,BOBINA HILO ROJO TERA 20/3 600 MTS. C/0156,R-43361,6.24,https://canodiy.es/tera-20/425-R+43361.html
HILOS,Tera 20,tera-20,BOBINA HILO ROSA CLARO TERA 20 600 MTS. C/0658,R-43356-VKTDR,6.24,https://canodiy.es/tera-20/3056-R+43356+VKTDR.html
HILOS,Tera 20,tera-20,BOBINA HILO ROSA CLARO TERA 20/3 200 MTS. C/0458,R-43345-SBZ98,2.17,https://canodiy.es/tera-20/2263-R+43345+SBZ98.html
HILOS,Tera 20,tera-20,BOBINA HILO ROSA FUXIA TERA 20 200 MTS. C/ 0382,R-43330-KM3OV,2.17,https://canodiy.es/tera-20/2790-R+43330+KM3OV.html
HILOS,Tera 20,tera-20,BOBINA HILO ROSA OSCURO TERA 20 200 MTS. C/ 0052,R-43330-2JLF1,2.17,https://canodiy.es/tera-20/2713-R+43330+2JLF1.html
HILOS,Tera 20,tera-20,BOBINA HILO ROSA TERA 20 200 MTS. C/ 0473,R-43330-2JKEX,2.17,https://canodiy.es/tera-20/2817-R+43330+2JKEX.html
HILOS,Tera 20,tera-20,BOBINA HILO VERDE FLUOR TERA 20 200 MTS. C/3836,R-43353,2.17,https://canodiy.es/tera-20/417-R+43353.html
HILOS,Tera 20,tera-20,BOBINA HILO VERDE FLUOR TERA 20 600 MTS. C/3836,R-43379,6.24,https://canodiy.es/tera-20/443-R+43379.html
HILOS,Tera 20,tera-20,BOBINA HILO VERDE KAKI TERA 20 200 MTS. C/ 0269,R-43330-PAQVT,2.17,https://canodiy.es/tera-20/2766-R+43330+PAQVT.html
HILOS,Tera 20,tera-20,BOBINA HILO VERDE KAKI TERA 20 200 MTS. C/ 0432,R-43330-UKSCR,2.17,https://canodiy.es/tera-20/2801-R+43330+UKSCR.html
HILOS,Tera 20,tera-20,BOBINA HILO VERDE KAKI TERA 20 200 MTS. C/ 0676,R-43330-RHB07,2.17,https://canodiy.es/tera-20/2847-R+43330+RHB07.html
HILOS,Tera 20,tera-20,BOBINA HILO VERDE KAKI TERA 20 600 MTS. C/0269,R-43356-MAWBO,6.24,https://canodiy.es/tera-20/2998-R+43356+MAWBO.html
HILOS,Tera 20,tera-20,BOBINA HILO VERDE KAKI TERA 20 600 MTS. C/0432,R-43356-PVUDU,6.24,https://canodiy.es/tera-20/3027-R+43356+PVUDU.html
HILOS,Tera 20,tera-20,BOBINA HILO VERDE KAKI TERA 20 600 MTS. C/0676,R-43356-QRIFI,6.24,https://canodiy.es/tera-20/3060-R+43356+QRIFI.html
HILOS,Tera 20,tera-20,BOBINA HILO VERDE OSCURO TERA 20 200 MTS. C/ 0707,R-43330-13F8M,2.17,https://canodiy.es/tera-20/2853-R+43330+13F8M.html
HILOS,Tera 20,tera-20,BOBINA HILO VERDE OSCURO TERA 20 200 MTS. C/ 0869,R-43330-4REHI,2.17,https://canodiy.es/tera-20/2884-R+43330+4REHI.html
HILOS,Tera 20,tera-20,BOBINA HILO VERDE OSCURO TERA 20 200 MTS. C/ 6078,R-43330-3LNJB,2.17,https://canodiy.es/tera-20/2937-R+43330+3LNJB.html
HILOS,Tera 20,tera-20,BOBINA HILO VERDE OSCURO TERA 20 600 MTS. C/0869,R-43356-LGFOJ,6.24,https://canodiy.es/tera-20/8175-R+43356+LGFOJ.html
HILOS,Tera 20,tera-20,BOBINA HILO VERDE PISTACHO TERA 20 200 MTS. C/ 0615,R-43330-HECPW,2.17,https://canodiy.es/tera-20/2836-R+43330+HECPW.html
HILOS,Tera 20,tera-20,BOBINA HILO VERDE TERA 20 200 MTS. C/ 0153,R-43330-LFGSY,2.17,https://canodiy.es/tera-20/2732-R+43330+LFGSY.html
HILOS,Tera 20,tera-20,BOBINA HILO VERDE TERA 20 200 MTS. C/ 0239,R-43330-VIQUF,2.17,https://canodiy.es/tera-20/2760-R+43330+VIQUF.html
HILOS,Tera 20,tera-20,BOBINA HILO VERDE TERA 20 200 MTS. C/ 0283,R-43330-YYBSK,2.17,https://canodiy.es/tera-20/2770-R+43330+YYBSK.html
HILOS,Tera 20,tera-20,BOBINA HILO VERDE TERA 20 200 MTS. C/ 0585,R-43330-GDANT,2.17,https://canodiy.es/tera-20/2823-R+43330+GDANT.html
HILOS,Tera 20,tera-20,BOBINA HILO VERDE TERA 20 200 MTS. C/ 0597,R-43330-BHMSY,2.17,https://canodiy.es/tera-20/2834-R+43330+BHMSY.html
HILOS,Tera 20,tera-20,BOBINA HILO VERDE TERA 20 200 MTS. C/ 0914,R-43330-4NT3U,2.17,https://canodiy.es/tera-20/2887-R+43330+4NT3U.html
HILOS,Tera 20,tera-20,BOBINA HILO VERDE TERA 20 200 MTS. C/ 0920,R-43330-7KQNK,2.17,https://canodiy.es/tera-20/2890-R+43330+7KQNK.html
HILOS,Tera 20,tera-20,BOBINA HILO VERDE TERA 20 200 MTS. C/ 0931,R-43330-YZ5OI,2.17,https://canodiy.es/tera-20/2894-R+43330+YZ5OI.html
HILOS,Tera 20,tera-20,BOBINA HILO VERDE TERA 20 600 MTS. C/0153,R-43356-W7MVN,6.24,https://canodiy.es/tera-20/2972-R+43356+W7MVN.html
HILOS,Tera 20,tera-20,BOBINA HILO VERDE TERA 20 600 MTS. C/0239,R-43356-349N1,6.24,https://canodiy.es/tera-20/2993-R+43356+349N1.html
HILOS,Tera 20,tera-20,BOBINA HILO VERDE TERA 20 600 MTS. C/0283,R-43356-GSBIA,6.24,https://canodiy.es/tera-20/3002-R+43356+GSBIA.html
HILOS,Tera 20,tera-20,BOBINA HILO VERDE TERA 20 600 MTS. C/0585,R-43356-9BR3U,6.24,https://canodiy.es/tera-20/3043-R+43356+9BR3U.html
HILOS,Tera 20,tera-20,BOBINA HILO VERDE TERA 20 600 MTS. C/0597,R-43356-SM473,6.24,https://canodiy.es/tera-20/3048-R+43356+SM473.html
HILOS,Tera 20,tera-20,BOBINA HILO VERDE TERA 20 600 MTS. C/0914,R-43356-9VQ6W,6.24,https://canodiy.es/tera-20/3089-R+43356+9VQ6W.html
HILOS,Tera 20,tera-20,BOBINA HILO VERDE TERA 20 600 MTS. C/0920,R-43356-83DP1,5.66,https://canodiy.es/tera-20/3091-R+43356+83DP1.html
HILOS,Tera 20,tera-20,BOBINA HILO VERDE TERA 20 600 MTS. C/0925,R-43378,6.24,https://canodiy.es/tera-20/442-R+43378.html
HILOS,Tera 20,tera-20,BOBINA HILO VERDE TERA 20 600 MTS. C/0931,R-43356-4SDDW,6.24,https://canodiy.es/tera-20/3093-R+43356+4SDDW.html
HILOS,Tera 20,tera-20,BOBINA HILO VERDE TERA 20/3 600 MTS. C/0237,R-43364,6.24,https://canodiy.es/tera-20/428-R+43364.html
HILOS,Tera 20,tera-20,BOBINA HILO VERDE TERA 20/3 600 MTS. C/0396,R-43370,6.24,https://canodiy.es/tera-20/434-R+43370.html
HILOS,Tera 20,tera-20,BOBINA HILO VERDE TERA 30 300 MTS. C/0237,R-43407,2.24,https://canodiy.es/tera-20/478-R+43407.html
HILOS,Tera 20,tera-20,BOBINA HILO VERDE TURQUESA TERA 20 200 MTS. C/ 0924,R-43330-LZ5JG,2.17,https://canodiy.es/tera-20/2892-R+43330+LZ5JG.html
HILOS,Tera 20,tera-20,CONO HILO NEGRO TERA 20/3 2000 MTS. C/0000,R-3495,17.9,https://canodiy.es/tera-20/5545-R+3495.html
HILOS,Tera 20,tera-20,CONOS HILO MARRÓN TERA 20/3 2000 MTS. C/3041,R-48879,17.9,https://canodiy.es/tera-20/7469-R+48879.html
HILOS,Tera 30,tera-30,BOBINA HILO AMARILLO DORADO TERA 30 300 MTS  C/0893,R-43253-4IQIZ,2.24,https://canodiy.es/tera-30/3460-R+43253+4IQIZ.html
HILOS,Tera 30,tera-30,BOBINA HILO AMARILLO DORADO TERA 30 300 MTS  C/0968,R-43253-NF7YM,2.24,https://canodiy.es/tera-30/3471-R+43253+NF7YM.html
HILOS,Tera 30,tera-30,BOBINA HILO AMARILLO DORADO TERA 30/3 900 MTS. C/0968,R-43426-YSL5D,6.42,https://canodiy.es/tera-30/3580-R+43426+YSL5D.html
HILOS,Tera 30,tera-30,BOBINA HILO AMARILLO FLUOR TERA 30 300 MTS. C/3835,R-43422,2.24,https://canodiy.es/tera-30/493-R+43422.html
HILOS,Tera 30,tera-30,BOBINA HILO AMARILLO FLUOR TERA 30/3 900 MTS. C/3835,R-43451,6.42,https://canodiy.es/tera-30/518-R+43451.html
HILOS,Tera 30,tera-30,BOBINA HILO AMARILLO TERA 30 300 MTS  C/0327,R-43253-7Q7PA,2.24,https://canodiy.es/tera-30/3253-R+43253+7Q7PA.html
HILOS,Tera 30,tera-30,BOBINA HILO AMARILLO TERA 30 300 MTS  C/0415,R-43253-CQ1FG,2.24,https://canodiy.es/tera-30/3331-R+43253+CQ1FG.html
HILOS,Tera 30,tera-30,BOBINA HILO AMARILLO TERA 30 300 MTS  C/0416,R-43253-X9OYR,2.24,https://canodiy.es/tera-30/3378-R+43253+X9OYR.html
HILOS,Tera 30,tera-30,BOBINA HILO AMARILLO TERA 30 300 MTS. C/0106,R-43404,2.24,https://canodiy.es/tera-30/475-R+43404.html
HILOS,Tera 30,tera-30,BOBINA HILO AMARILLO TERA 30/3 900 MTS. C/0327,R-43450,6.42,https://canodiy.es/tera-30/517-R+43450.html
HILOS,Tera 30,tera-30,BOBINA HILO AZUL CELESTE TERA 30 300 MTS. C/0276,R-43416,2.24,https://canodiy.es/tera-30/487-R+43416.html
HILOS,Tera 30,tera-30,BOBINA HILO AZUL CLARO TERA 30/3 900 MTS. C/0064,R-43428,6.42,https://canodiy.es/tera-30/499-R+43428.html
HILOS,Tera 30,tera-30,BOBINA HILO AZUL MARINO TERA 30 300 MTS  C/0339,R-43253-VJT66,2.24,https://canodiy.es/tera-30/3257-R+43253+VJT66.html
HILOS,Tera 30,tera-30,BOBINA HILO AZUL MARINO TERA 30 300 MTS  C/0387,R-43253-OAXCN,2.24,https://canodiy.es/tera-30/3329-R+43253+OAXCN.html
HILOS,Tera 30,tera-30,BOBINA HILO AZUL MARINO TERA 30 300 MTS  C/0593,R-43253-2Q1RR,2.24,https://canodiy.es/tera-30/3408-R+43253+2Q1RR.html
HILOS,Tera 30,tera-30,BOBINA HILO AZUL MARINO TERA 30 300 MTS  C/0665,R-43253-XO8X0,2.24,https://canodiy.es/tera-30/3422-R+43253+XO8X0.html
HILOS,Tera 30,tera-30,BOBINA HILO AZUL MARINO TERA 30/3 900 MTS. C/0339,R-43426-L6HB8,6.42,https://canodiy.es/tera-30/3588-R+43426+L6HB8.html
HILOS,Tera 30,tera-30,BOBINA HILO AZUL MARINO TERA 30/3 900 MTS. C/0593,R-43426-ESI2S,6.42,https://canodiy.es/tera-30/3602-R+43426+ESI2S.html
HILOS,Tera 30,tera-30,BOBINA HILO AZUL MARINO TERA 30/3 900 MTS. C/0665,R-43426-BOESA,6.42,https://canodiy.es/tera-30/3556-R+43426+BOESA.html
HILOS,Tera 30,tera-30,BOBINA HILO AZUL OSCURO TERA 30 300 MTS  C/0013,R-43253-MTKQI,2.24,https://canodiy.es/tera-30/3185-R+43253+MTKQI.html
HILOS,Tera 30,tera-30,BOBINA HILO AZUL OSCURO TERA 30 300 MTS  C/0066,R-43253-DYXN0,2.24,https://canodiy.es/tera-30/3194-R+43253+DYXN0.html
HILOS,Tera 30,tera-30,BOBINA HILO AZUL OSCURO TERA 30 300 MTS  C/0904,R-43253-NSNRI,2.24,https://canodiy.es/tera-30/3462-R+43253+NSNRI.html
HILOS,Tera 30,tera-30,BOBINA HILO AZUL OSCURO TERA 30 300 MTS. C/0312,R-43410,2.24,https://canodiy.es/tera-30/481-R+43410.html
HILOS,Tera 30,tera-30,BOBINA HILO AZUL OSCURO TERA 30/3 900 MTS. C/0013,R-43426-KC3UG,6.42,https://canodiy.es/tera-30/3600-R+43426+KC3UG.html
HILOS,Tera 30,tera-30,BOBINA HILO AZUL OSCURO TERA 30/3 900 MTS. C/0112,R-43437,6.42,https://canodiy.es/tera-30/505-R+43437.html
HILOS,Tera 30,tera-30,BOBINA HILO AZUL OSCURO TERA 30/3 900 MTS. C/0312,R-43439,6.42,https://canodiy.es/tera-30/507-R+43439.html
HILOS,Tera 30,tera-30,BOBINA HILO AZUL OSCURO TERA 30/3 900 MTS. C/0904,R-43426-HFFXL,6.42,https://canodiy.es/tera-30/6199-R+43426+HFFXL.html
HILOS,Tera 30,tera-30,BOBINA HILO AZUL TERA 30 300 MTS  C/0076,R-43253-HOBDS,2.24,https://canodiy.es/tera-30/3197-R+43253+HOBDS.html
HILOS,Tera 30,tera-30,BOBINA HILO AZUL TERA 30 300 MTS  C/0232,R-43253-TVWAE,2.24,https://canodiy.es/tera-30/3235-R+43253+TVWAE.html
HILOS,Tera 30,tera-30,BOBINA HILO AZUL TERA 30 300 MTS  C/0761,R-43253-UPGQE,2.24,https://canodiy.es/tera-30/3439-R+43253+UPGQE.html
HILOS,Tera 30,tera-30,BOBINA HILO AZUL TERA 30 300 MTS  C/1471,R-43253-7WPFU,2.24,https://canodiy.es/tera-30/3483-R+43253+7WPFU.html
HILOS,Tera 30,tera-30,BOBINA HILO AZUL TERA 30 300 MTS. C/0385,R-43412,2.24,https://canodiy.es/tera-30/483-R+43412.html
HILOS,Tera 30,tera-30,BOBINA HILO AZUL TERA 30 300 MTS. C/0386,R-43409,2.24,https://canodiy.es/tera-30/480-R+43409.html
HILOS,Tera 30,tera-30,BOBINA HILO AZUL TERA 30/3 900 MTS. C/0076,R-43426-JTLZI,6.42,https://canodiy.es/tera-30/6632-R+43426+JTLZI.html
HILOS,Tera 30,tera-30,BOBINA HILO AZUL TERA 30/3 900 MTS. C/0232,R-43442,6.42,https://canodiy.es/tera-30/510-R+43442.html
HILOS,Tera 30,tera-30,BOBINA HILO AZUL TERA 30/3 900 MTS. C/0278,R-43426-0BPSX,6.42,https://canodiy.es/tera-30/3635-R+43426+0BPSX.html
HILOS,Tera 30,tera-30,BOBINA HILO AZUL TERA 30/3 900 MTS. C/0386,R-43426-ECQM0,6.42,https://canodiy.es/tera-30/3612-R+43426+ECQM0.html
HILOS,Tera 30,tera-30,BOBINA HILO AZUL TERA 30/3 900 MTS. C/1471,R-43426-TUSVJ,6.42,https://canodiy.es/tera-30/3631-R+43426+TUSVJ.html
HILOS,Tera 30,tera-30,BOBINA HILO AZUL TURQUESA CLARO TERA 30 300 MTS  C/2086,R-43253-WO9ZG,2.24,https://canodiy.es/tera-30/3487-R+43253+WO9ZG.html
HILOS,Tera 30,tera-30,BOBINA HILO AZUL TURQUESA OSCURO TERA 30 300 MTS  C/0764,R-43253-XYV5V,2.24,https://canodiy.es/tera-30/3442-R+43253+XYV5V.html
HILOS,Tera 30,tera-30,BOBINA HILO AZUL TURQUESA TERA 30 300 MTS  C/0332,R-43253-YKLJF,2.24,https://canodiy.es/tera-30/3255-R+43253+YKLJF.html
HILOS,Tera 30,tera-30,BOBINA HILO AZUL TURQUESA TERA 30 300 MTS  C/0715,R-43253-X4LRG,2.24,https://canodiy.es/tera-30/3433-R+43253+X4LRG.html
HILOS,Tera 30,tera-30,BOBINA HILO AZUL TURQUESA TERA 30/3 900 MTS. C/0332,R-43426-RULMU,6.42,https://canodiy.es/tera-30/8170-R+43426+RULMU.html
HILOS,Tera 30,tera-30,BOBINA HILO BEIG CLARO TERA 30 300 MTS  C/0414,R-43253-ACU9Z,2.24,https://canodiy.es/tera-30/3376-R+43253+ACU9Z.html
HILOS,Tera 30,tera-30,BOBINA HILO BEIG CLARO TERA 30 300 MTS  C/3791,R-43253-5BRAD,2.24,https://canodiy.es/tera-30/3493-R+43253+5BRAD.html
HILOS,Tera 30,tera-30,BOBINA HILO BEIG CLARO TERA 30/3 900 MTS. C/0414,R-43453,6.42,https://canodiy.es/tera-30/520-R+43453.html
HILOS,Tera 30,tera-30,BOBINA HILO BEIG TERA 30 300 MTS  C/0131,R-43253-OECDL,2.24,https://canodiy.es/tera-30/3207-R+43253+OECDL.html
HILOS,Tera 30,tera-30,BOBINA HILO BEIG TERA 30 300 MTS  C/0263,R-43253-ITKZK,2.24,https://canodiy.es/tera-30/3239-R+43253+ITKZK.html
HILOS,Tera 30,tera-30,BOBINA HILO BEIG TERA 30 300 MTS  C/1334,R-43253-CDAVP,2.24,https://canodiy.es/tera-30/3481-R+43253+CDAVP.html
HILOS,Tera 30,tera-30,BOBINA HILO BEIG TERA 30 300 MTS. C/0186,R-43538,2.24,https://canodiy.es/tera-30/601-R+43538.html
HILOS,Tera 30,tera-30,BOBINA HILO BEIG TERA 30/3 900 MTS. C/0131,R-43426-HRCH2,6.42,https://canodiy.es/tera-30/3616-R+43426+HRCH2.html
HILOS,Tera 30,tera-30,BOBINA HILO BEIG TERA 30/3 900 MTS. C/0186,R-43435,6.42,https://canodiy.es/tera-30/503-R+43435.html
HILOS,Tera 30,tera-30,BOBINA HILO BEIG TERA 30/3 900 MTS. C/0265,R-43426-GIQSP,6.42,https://canodiy.es/tera-30/3586-R+43426+GIQSP.html
HILOS,Tera 30,tera-30,BOBINA HILO BEIG TERA 30/3 900 MTS. C/1334,R-43426-VPHSI,6.42,https://canodiy.es/tera-30/3590-R+43426+VPHSI.html
HILOS,Tera 30,tera-30,BOBINA HILO BEIG TERA 30/3 900 MTS. C/6556,R-43426-HXRV5,6.42,https://canodiy.es/tera-30/3596-R+43426+HXRV5.html
HILOS,Tera 30,tera-30,BOBINA HILO BEIGE TERA 30 300 MTS  C/0464,R-43253-ESKDM,2.24,https://canodiy.es/tera-30/3396-R+43253+ESKDM.html
HILOS,Tera 30,tera-30,BOBINA HILO BEIGE TERA 30 300 MTS  C/0591,R-43253-VE4DG,2.24,https://canodiy.es/tera-30/3406-R+43253+VE4DG.html
HILOS,Tera 30,tera-30,BOBINA HILO BEIGE TERA 30 300 MTS  C/0722,R-43253-L5MOF,2.24,https://canodiy.es/tera-30/3435-R+43253+L5MOF.html
HILOS,Tera 30,tera-30,BOBINA HILO BEIGE TERA 30 300 MTS  C/0868,R-43253-CLTL9,2.24,https://canodiy.es/tera-30/3456-R+43253+CLTL9.html
HILOS,Tera 30,tera-30,BOBINA HILO BEIGE TERA 30 300 MTS  C/6556,R-43253-F5FHY,2.24,https://canodiy.es/tera-30/3507-R+43253+F5FHY.html
HILOS,Tera 30,tera-30,BOBINA HILO BEIGE TERA 30 300 MTS  C/9444,R-43253-TKJO4,2.24,https://canodiy.es/tera-30/3509-R+43253+TKJO4.html
HILOS,Tera 30,tera-30,BOBINA HILO BEIGE TERA 30/3 900 MTS. C/0464,R-43426-QHMUO,6.42,https://canodiy.es/tera-30/3550-R+43426+QHMUO.html
HILOS,Tera 30,tera-30,BOBINA HILO BEIGE TERA 30/3 900 MTS. C/0722,R-43426-XLMOV,6.42,https://canodiy.es/tera-30/3568-R+43426+XLMOV.html
HILOS,Tera 30,tera-30,BOBINA HILO BEIGE TERA 30/3 900 MTS. C/0868,R-43426-P11ZS,6.42,https://canodiy.es/tera-30/3574-R+43426+P11ZS.html
HILOS,Tera 30,tera-30,BOBINA HILO BEIGE TERA 30/3 900 MTS. C/9444,R-43426-Y6DAX,6.42,https://canodiy.es/tera-30/3559-R+43426+Y6DAX.html
HILOS,Tera 30,tera-30,BOBINA HILO BLANCO ROTO TERA 30 300 MTS  C/0111,R-43253-RFCXA,2.01,https://canodiy.es/tera-30/3199-R+43253+RFCXA.html
HILOS,Tera 30,tera-30,BOBINA HILO BLANCO ROTO TERA 30 300 MTS. C/0001,R-43388,2.24,https://canodiy.es/tera-30/472-R+43388.html
HILOS,Tera 30,tera-30,BOBINA HILO BLANCO ROTO TERA 30/3 900 MTS. C/0001,R-43426-CJSCB,6.42,https://canodiy.es/tera-30/3548-R+43426+CJSCB-9999999010866.html
HILOS,Tera 30,tera-30,BOBINA HILO BLANCO ROTO TERA 30/3 900 MTS. C/0111,R-43426-YIID2,5.64,https://canodiy.es/tera-30/3618-R+43426+YIID2.html
HILOS,Tera 30,tera-30,BOBINA HILO BLANCO TERA 30 300 MTS. C/0800,R-43420,2.01,https://canodiy.es/tera-30/491-R+43420.html
HILOS,Tera 30,tera-30,BOBINA HILO BLANCO TERA 30/3 900 MTS. C/0800,R-43449,5.64,https://canodiy.es/tera-30/516-R+43449.html
HILOS,Tera 30,tera-30,BOBINA HILO GRIS CLARO TERA 30 300 MTS  C/0299,R-43253-JJPRN,2.24,https://canodiy.es/tera-30/3249-R+43253+JJPRN.html
HILOS,Tera 30,tera-30,BOBINA HILO GRIS OSCURO TERA 30 300 MTS  C/0036,R-43253-XRDKW,2.24,https://canodiy.es/tera-30/3189-R+43253+XRDKW.html
HILOS,Tera 30,tera-30,BOBINA HILO GRIS OSCURO TERA 30 300 MTS  C/1116,R-43253-VZD6M,2.24,https://canodiy.es/tera-30/3475-R+43253+VZD6M.html
HILOS,Tera 30,tera-30,BOBINA HILO GRIS OSCURO TERA 30/3 900 MTS. C/0036,R-43426-YFH2D,6.42,https://canodiy.es/tera-30/3544-R+43426+YFH2D.html
HILOS,Tera 30,tera-30,BOBINA HILO GRIS TERA 30 300 MTS  C/0035,R-43253-QPAMD,2.24,https://canodiy.es/tera-30/3187-R+43253+QPAMD.html
HILOS,Tera 30,tera-30,BOBINA HILO GRIS TERA 30 300 MTS  C/0122,R-43253-1KUYJ,2.24,https://canodiy.es/tera-30/3201-R+43253+1KUYJ.html
HILOS,Tera 30,tera-30,BOBINA HILO GRIS TERA 30 300 MTS  C/0495,R-43253-Q6FSP,2.24,https://canodiy.es/tera-30/3163-R+43253+Q6FSP.html
HILOS,Tera 30,tera-30,BOBINA HILO GRIS TERA 30 300 MTS  C/0634,R-43253-0137L,2.24,https://canodiy.es/tera-30/3412-R+43253+0137L.html
HILOS,Tera 30,tera-30,BOBINA HILO GRIS TERA 30 300 MTS  C/2613,R-43253-EXYGD,2.24,https://canodiy.es/tera-30/3489-R+43253+EXYGD.html
HILOS,Tera 30,tera-30,BOBINA HILO GRIS TERA 30 300 MTS  C/3969,R-43253-UKTEW,2.24,https://canodiy.es/tera-30/3495-R+43253+UKTEW.html
HILOS,Tera 30,tera-30,BOBINA HILO GRIS TERA 30 300 MTS. C/0038,R-43402,2.24,https://canodiy.es/tera-30/473-R+43402.html
HILOS,Tera 30,tera-30,BOBINA HILO GRIS TERA 30 300 MTS. C/0701,R-43418,2.24,https://canodiy.es/tera-30/489-R+43418.html
HILOS,Tera 30,tera-30,BOBINA HILO GRIS TERA 30/3 900 MTS. C/0035,R-43432,6.42,https://canodiy.es/tera-30/501-R+43432.html
HILOS,Tera 30,tera-30,BOBINA HILO GRIS TERA 30/3 900 MTS. C/0038,R-43426-KRA61,6.42,https://canodiy.es/tera-30/5184-R+43426+KRA61.html
HILOS,Tera 30,tera-30,BOBINA HILO GRIS TERA 30/3 900 MTS. C/0122,R-43426-S5GOD,6.42,https://canodiy.es/tera-30/3608-R+43426+S5GOD.html
HILOS,Tera 30,tera-30,BOBINA HILO GRIS TERA 30/3 900 MTS. C/0701,R-43426-MAWEV,6.42,https://canodiy.es/tera-30/3604-R+43426+MAWEV.html
HILOS,Tera 30,tera-30,BOBINA HILO GRIS TERA 30/3 900 MTS. C/3969,R-43426-SBSTI,6.42,https://canodiy.es/tera-30/7988-R+43426+SBSTI.html
HILOS,Tera 30,tera-30,BOBINA HILO LILA TERA 30 300 MTS  C/0656,R-43253-LXSQG,2.24,https://canodiy.es/tera-30/3418-R+43253+LXSQG.html
HILOS,Tera 30,tera-30,BOBINA HILO MARRÒN TERA 30 300 MTS  C/0772,R-43253-COYX3,2.24,https://canodiy.es/tera-30/3443-R+43253+COYX3.html
HILOS,Tera 30,tera-30,BOBINA HILO MARRÓN ARENA TERA 30 300 MTS  C/6298,R-43253-XP9A3,2.24,https://canodiy.es/tera-30/3505-R+43253+XP9A3.html
HILOS,Tera 30,tera-30,BOBINA HILO MARRÓN CAOBA TERA 30 300 MTS  C/0227,R-43253-AUHGY,2.24,https://canodiy.es/tera-30/3231-R+43253+AUHGY.html
HILOS,Tera 30,tera-30,BOBINA HILO MARRÓN CAOBA TERA 30 300 MTS  C/0448,R-43253-A9QMD,2.24,https://canodiy.es/tera-30/3388-R+43253+A9QMD.html
HILOS,Tera 30,tera-30,BOBINA HILO MARRÓN CAOBA TERA 30 300 MTS  C/0649,R-43253-8RJOU,2.24,https://canodiy.es/tera-30/3414-R+43253+8RJOU.html
HILOS,Tera 30,tera-30,BOBINA HILO MARRÓN CAOBA TERA 30 300 MTS  C/0650,R-43253-NTHKY,2.24,https://canodiy.es/tera-30/3416-R+43253+NTHKY.html
HILOS,Tera 30,tera-30,BOBINA HILO MARRÓN CAOBA TERA 30 300 MTS  C/1744,R-43253-U3DC3,2.24,https://canodiy.es/tera-30/3485-R+43253+U3DC3.html
HILOS,Tera 30,tera-30,BOBINA HILO MARRÓN CAOBA TERA 30/3 900 MTS. C/0448,R-43426-DZZQD,6.42,https://canodiy.es/tera-30/3538-R+43426+DZZQD.html
HILOS,Tera 30,tera-30,BOBINA HILO MARRÓN CAOBA TERA 30/3 900 MTS. C/0650,R-43445,6.42,https://canodiy.es/tera-30/512-R+43445.html
HILOS,Tera 30,tera-30,BOBINA HILO MARRÓN CLARO TERA 30 300 MTS  C/0215,R-43253-HCRIM,2.24,https://canodiy.es/tera-30/3223-R+43253+HCRIM.html
HILOS,Tera 30,tera-30,BOBINA HILO MARRÓN CLARO TERA 30/3 900 MTS. C/0215,R-43426-DLUL6,6.42,https://canodiy.es/tera-30/3554-R+43426+DLUL6.html
HILOS,Tera 30,tera-30,BOBINA HILO MARRÓN OSCURO TERA 30 300 MTS  C/0175,R-43253-GJQ1M,2.24,https://canodiy.es/tera-30/3219-R+43253+GJQ1M.html
HILOS,Tera 30,tera-30,BOBINA HILO MARRÓN OSCURO TERA 30 300 MTS  C/0682,R-43253-VJPZ2,2.24,https://canodiy.es/tera-30/3426-R+43253+VJPZ2.html
HILOS,Tera 30,tera-30,BOBINA HILO MARRÓN OSCURO TERA 30 300 MTS  C/0696,R-43253-UZ2RX,2.24,https://canodiy.es/tera-30/3428-R+43253+UZ2RX.html
HILOS,Tera 30,tera-30,BOBINA HILO MARRÓN OSCURO TERA 30 300 MTS  C/0780,R-43253-4HHWS,2.24,https://canodiy.es/tera-30/3447-R+43253+4HHWS.html
HILOS,Tera 30,tera-30,BOBINA HILO MARRÓN OSCURO TERA 30 300 MTS  C/1213,R-43253-8ZXUW,2.24,https://canodiy.es/tera-30/3477-R+43253+8ZXUW.html
HILOS,Tera 30,tera-30,BOBINA HILO MARRÓN OSCURO TERA 30 300 MTS  C/5662,R-43253-QX1T5,2.24,https://canodiy.es/tera-30/3501-R+43253+QX1T5.html
HILOS,Tera 30,tera-30,BOBINA HILO MARRÓN OSCURO TERA 30 300 MTS  C/8399,R-43253-NLTTL,2.24,https://canodiy.es/tera-30/3511-R+43253+NLTTL.html
HILOS,Tera 30,tera-30,BOBINA HILO MARRÓN OSCURO TERA 30 300 MTS. C/0697,R-43417,2.24,https://canodiy.es/tera-30/488-R+43417.html
HILOS,Tera 30,tera-30,BOBINA HILO MARRÓN OSCURO TERA 30 900 MTS. C/0175,R-43441,6.42,https://canodiy.es/tera-30/509-R+43441.html
HILOS,Tera 30,tera-30,BOBINA HILO MARRÓN OSCURO TERA 30/3 900 MTS. C/0696,R-43426-RSLM2,6.42,https://canodiy.es/tera-30/3570-R+43426+RSLM2.html
HILOS,Tera 30,tera-30,BOBINA HILO MARRÓN OSCURO TERA 30/3 900 MTS. C/0697,R-43446,6.42,https://canodiy.es/tera-30/513-R+43446.html
HILOS,Tera 30,tera-30,BOBINA HILO MARRÓN OSCURO TERA 30/3 900 MTS. C/1213,R-43426-F7FNP,6.42,https://canodiy.es/tera-30/3594-R+43426+F7FNP.html
HILOS,Tera 30,tera-30,BOBINA HILO MARRÓN TERA 30 300 MTS  C/0124,R-43253-MDZQY,2.24,https://canodiy.es/tera-30/3203-R+43253+MDZQY.html
HILOS,Tera 30,tera-30,BOBINA HILO MARRÓN TERA 30 300 MTS  C/0160,R-43253-OTSE7,2.24,https://canodiy.es/tera-30/3213-R+43253+OTSE7.html
HILOS,Tera 30,tera-30,BOBINA HILO MARRÓN TERA 30 300 MTS  C/0172,R-43253-YKRYS,2.24,https://canodiy.es/tera-30/3215-R+43253+YKRYS.html
HILOS,Tera 30,tera-30,BOBINA HILO MARRÓN TERA 30 300 MTS  C/0208,R-43253-CZABT,2.24,https://canodiy.es/tera-30/3221-R+43253+CZABT.html
HILOS,Tera 30,tera-30,BOBINA HILO MARRÓN TERA 30 300 MTS  C/0216,R-43253-4M4L5,2.24,https://canodiy.es/tera-30/3225-R+43253+4M4L5.html
HILOS,Tera 30,tera-30,BOBINA HILO MARRÓN TERA 30 300 MTS  C/0230,R-43253-HC314,2.24,https://canodiy.es/tera-30/3233-R+43253+HC314.html
HILOS,Tera 30,tera-30,BOBINA HILO MARRÓN TERA 30 300 MTS  C/0438,R-43253-N3COJ,2.24,https://canodiy.es/tera-30/3382-R+43253+N3COJ.html
HILOS,Tera 30,tera-30,BOBINA HILO MARRÓN TERA 30 300 MTS  C/0443,R-43253-10NWO,2.24,https://canodiy.es/tera-30/3384-R+43253+10NWO.html
HILOS,Tera 30,tera-30,BOBINA HILO MARRÓN TERA 30 300 MTS  C/0444,R-43253-CMTIQ,2.24,https://canodiy.es/tera-30/7468-R+43253+CMTIQ.html
HILOS,Tera 30,tera-30,BOBINA HILO MARRÓN TERA 30 300 MTS  C/0446,R-43253-MXZWN,2.24,https://canodiy.es/tera-30/3386-R+43253+MXZWN.html
HILOS,Tera 30,tera-30,BOBINA HILO MARRÓN TERA 30 300 MTS  C/0450,R-43253-NUHL5,2.24,https://canodiy.es/tera-30/3390-R+43253+NUHL5.html
HILOS,Tera 30,tera-30,BOBINA HILO MARRÓN TERA 30 300 MTS  C/0452,R-43253-R2BEI,2.24,https://canodiy.es/tera-30/3392-R+43253+R2BEI.html
HILOS,Tera 30,tera-30,BOBINA HILO MARRÓN TERA 30 300 MTS  C/0724,R-43253-NAKL7,2.02,https://canodiy.es/tera-30/7346-R+43253+NAKL7.html
HILOS,Tera 30,tera-30,BOBINA HILO MARRÓN TERA 30 300 MTS  C/0776,R-43253-78F8J,2.24,https://canodiy.es/tera-30/3445-R+43253+78F8J.html
HILOS,Tera 30,tera-30,BOBINA HILO MARRÓN TERA 30 300 MTS  C/0815,R-43253-TYWHY,2.24,https://canodiy.es/tera-30/3449-R+43253+TYWHY.html
HILOS,Tera 30,tera-30,BOBINA HILO MARRÓN TERA 30 300 MTS  C/0851,R-43253-IJPUW,2.24,https://canodiy.es/tera-30/3453-R+43253+IJPUW.html
HILOS,Tera 30,tera-30,BOBINA HILO MARRÓN TERA 30 300 MTS  C/0969,R-43253-VKSCQ,2.24,https://canodiy.es/tera-30/3473-R+43253+VKSCQ.html
HILOS,Tera 30,tera-30,BOBINA HILO MARRÓN TERA 30 300 MTS  C/1293,R-43253-ZWQNR,2.24,https://canodiy.es/tera-30/3479-R+43253+ZWQNR.html
HILOS,Tera 30,tera-30,BOBINA HILO MARRÓN TERA 30 300 MTS  C/3041,R-43253-DJIKB,2.24,https://canodiy.es/tera-30/3491-R+43253+DJIKB.html
HILOS,Tera 30,tera-30,BOBINA HILO MARRÓN TERA 30 300 MTS  C/4041,R-43253-FIILG,2.24,https://canodiy.es/tera-30/3499-R+43253+FIILG.html
HILOS,Tera 30,tera-30,BOBINA HILO MARRÓN TERA 30 300 MTS. C/0181,R-43406,2.24,https://canodiy.es/tera-30/477-R+43406.html
HILOS,Tera 30,tera-30,BOBINA HILO MARRÓN TERA 30 300 MTS. C/0439,R-43415,2.24,https://canodiy.es/tera-30/486-R+43415.html
HILOS,Tera 30,tera-30,BOBINA HILO MARRÓN TERA 30 300 MTS. C/0842,R-43425,2.24,https://canodiy.es/tera-30/496-R+43425.html
HILOS,Tera 30,tera-30,BOBINA HILO MARRÓN TERA 30/3 900 MTS. C/0124,R-43426-FZ4TL,6.42,https://canodiy.es/tera-30/3610-R+43426+FZ4TL.html
HILOS,Tera 30,tera-30,BOBINA HILO MARRÓN TERA 30/3 900 MTS. C/0172,R-43426-DGBXR,6.42,https://canodiy.es/tera-30/3576-R+43426+DGBXR.html
HILOS,Tera 30,tera-30,BOBINA HILO MARRÓN TERA 30/3 900 MTS. C/0181,R-43433,6.42,https://canodiy.es/tera-30/502-R+43433.html
HILOS,Tera 30,tera-30,BOBINA HILO MARRÓN TERA 30/3 900 MTS. C/0216,R-43426-S3FOG,6.42,https://canodiy.es/tera-30/3614-R+43426+S3FOG.html
HILOS,Tera 30,tera-30,BOBINA HILO MARRÓN TERA 30/3 900 MTS. C/0406,R-43426-X3CYA,6.42,https://canodiy.es/tera-30/3540-R+43426+X3CYA.html
HILOS,Tera 30,tera-30,BOBINA HILO MARRÓN TERA 30/3 900 MTS. C/0438,R-43426-IPHLB,6.42,https://canodiy.es/tera-30/3561-R+43426+IPHLB.html
HILOS,Tera 30,tera-30,BOBINA HILO MARRÓN TERA 30/3 900 MTS. C/0439,R-43444,6.42,https://canodiy.es/tera-30/511-R+43444.html
HILOS,Tera 30,tera-30,BOBINA HILO MARRÓN TERA 30/3 900 MTS. C/0444,R-43426-QSJFD,6.42,https://canodiy.es/tera-30/3627-R+43426+QSJFD.html
HILOS,Tera 30,tera-30,BOBINA HILO MARRÓN TERA 30/3 900 MTS. C/0446,R-43454,6.42,https://canodiy.es/tera-30/521-R+43454.html
HILOS,Tera 30,tera-30,BOBINA HILO MARRÓN TERA 30/3 900 MTS. C/0450,R-43426-L8NPE,6.42,https://canodiy.es/tera-30/3542-R+43426+L8NPE.html
HILOS,Tera 30,tera-30,BOBINA HILO MARRÓN TERA 30/3 900 MTS. C/0452,R-43426-EO8AK,6.42,https://canodiy.es/tera-30/3626-R+43426+EO8AK.html
HILOS,Tera 30,tera-30,BOBINA HILO MARRÓN TERA 30/3 900 MTS. C/0724,R-43448,6.42,https://canodiy.es/tera-30/515-R+43448.html
HILOS,Tera 30,tera-30,BOBINA HILO MARRÓN TERA 30/3 900 MTS. C/0831,R-43426-UTJ8L,6.42,https://canodiy.es/tera-30/3624-R+43426+UTJ8L.html
HILOS,Tera 30,tera-30,BOBINA HILO MARRÓN TERA 30/3 900 MTS. C/0969,R-43426-AWXM1,6.42,https://canodiy.es/tera-30/3572-R+43426+AWXM1.html
HILOS,Tera 30,tera-30,BOBINA HILO MARRÓN TERA 30/3 900 MTS. C/1293,R-43426-CZDET,6.42,https://canodiy.es/tera-30/3629-R+43426+CZDET.html
HILOS,Tera 30,tera-30,BOBINA HILO MORADO OSCURO TERA 30 300 MTS  C/0130,R-43253-NQIGK,2.24,https://canodiy.es/tera-30/3205-R+43253+NQIGK.html
HILOS,Tera 30,tera-30,BOBINA HILO MORADO OSCURO TERA 30 900 MTS. C/0130,R-43438,6.42,https://canodiy.es/tera-30/506-R+43438.html
HILOS,Tera 30,tera-30,BOBINA HILO MORADO TERA 30 300 MTS  C/0575,R-43253-BZ35L,2.24,https://canodiy.es/tera-30/3400-R+43253+BZ35L.html
HILOS,Tera 30,tera-30,BOBINA HILO MORADO TERA 30 300 MTS  C/0732,R-43253-7IQGR,2.24,https://canodiy.es/tera-30/3437-R+43253+7IQGR.html
HILOS,Tera 30,tera-30,BOBINA HILO MORADO TERA 30/3 900 MTS. C/0732,R-43426-DOYXX,6.42,https://canodiy.es/tera-30/3584-R+43426+DOYXX.html
HILOS,Tera 30,tera-30,BOBINA HILO MORADO TERA 30/3 900 MTS. C/3996,R-43426-XLMOU,6.42,https://canodiy.es/tera-30/3564-R+43426+XLMOU.html
HILOS,Tera 30,tera-30,BOBINA HILO MORADO VIOLETA TERA 30 300 MTS. C/0247,R-43408,2.24,https://canodiy.es/tera-30/479-R+43408.html
HILOS,Tera 30,tera-30,BOBINA HILO NARANJA FLUOR TERA 30 300 MTS. C/3871,R-43424,2.24,https://canodiy.es/tera-30/495-R+43424.html
HILOS,Tera 30,tera-30,BOBINA HILO NARANJA OSCURO TERA 30 300 MTS  C/7996,R-43253-H6KOJ,2.24,https://canodiy.es/tera-30/3513-R+43253+H6KOJ.html
HILOS,Tera 30,tera-30,BOBINA HILO NARANJA OSCURO TERA 30/3 900 MTS. C/7996,R-43426-FYZO0,6.42,https://canodiy.es/tera-30/3546-R+43426+FYZO0.html
HILOS,Tera 30,tera-30,BOBINA HILO NARANJA TERA 30 300 MTS  C/0155,R-43253-ZPYQR,2.24,https://canodiy.es/tera-30/3211-R+43253+ZPYQR.html
HILOS,Tera 30,tera-30,BOBINA HILO NARANJA TERA 30 300 MTS  C/0300,R-43253-0M7IP,2.24,https://canodiy.es/tera-30/3251-R+43253+0M7IP.html
HILOS,Tera 30,tera-30,BOBINA HILO NARANJA TERA 30 300 MTS  C/0351,R-43253-ITEOL,2.24,https://canodiy.es/tera-30/3259-R+43253+ITEOL.html
HILOS,Tera 30,tera-30,BOBINA HILO NARANJA TERA 30 300 MTS  C/0362,R-43253-XBSLI,2.24,https://canodiy.es/tera-30/3264-R+43253+XBSLI.html
HILOS,Tera 30,tera-30,BOBINA HILO NARANJA TERA 30 300 MTS  C/0589,R-43253-9RATJ,2.24,https://canodiy.es/tera-30/3404-R+43253+9RATJ.html
HILOS,Tera 30,tera-30,BOBINA HILO NARANJA TERA 30 300 MTS  C/0932,R-43253-DP0EY,2.24,https://canodiy.es/tera-30/3470-R+43253+DP0EY.html
HILOS,Tera 30,tera-30,BOBINA HILO NARANJA TERA 30 300 MTS  C/3995,R-43253-PSIED,2.24,https://canodiy.es/tera-30/3497-R+43253+PSIED.html
HILOS,Tera 30,tera-30,BOBINA HILO NARANJA TERA 30/3 900 MTS. C/0351,R-43440,6.42,https://canodiy.es/tera-30/508-R+43440.html
HILOS,Tera 30,tera-30,BOBINA HILO NARANJA TERA 30/3 900 MTS. C/0589,R-43426-YYCSL,6.42,https://canodiy.es/tera-30/3552-R+43426+YYCSL.html
HILOS,Tera 30,tera-30,BOBINA HILO NEGRO TERA 30 300 MTS  C/0000,R-43253,2.24,https://canodiy.es/tera-30/367-R+43253.html
HILOS,Tera 30,tera-30,BOBINA HILO NEGRO TERA 30/3 900 MTS. C/0000,R-43426,6.42,https://canodiy.es/tera-30/497-R+43426.html
HILOS,Tera 30,tera-30,BOBINA HILO ROJO BURDEOS TERA 30 300 MTS  C/0174,R-43253-RIKQD,2.24,https://canodiy.es/tera-30/3217-R+43253+RIKQD.html
HILOS,Tera 30,tera-30,BOBINA HILO ROJO BURDEOS TERA 30 300 MTS  C/0221,R-43253-CNVUW,2.24,https://canodiy.es/tera-30/3227-R+43253+CNVUW.html
HILOS,Tera 30,tera-30,BOBINA HILO ROJO BURDEOS TERA 30 300 MTS  C/0226,R-43253-VBOCQ,2.24,https://canodiy.es/tera-30/3229-R+43253+VBOCQ.html
HILOS,Tera 30,tera-30,BOBINA HILO ROJO BURDEOS TERA 30 300 MTS  C/0368,R-43253-DP9KN,2.24,https://canodiy.es/tera-30/3268-R+43253+DP9KN.html
HILOS,Tera 30,tera-30,BOBINA HILO ROJO BURDEOS TERA 30/3 900 MTS. C/0368,R-43426-9EEFA,6.42,https://canodiy.es/tera-30/3566-R+43426+9EEFA.html
HILOS,Tera 30,tera-30,BOBINA HILO ROJO CAOBA TERA 30 300 MTS  C/0837,R-43253-Q48CG,2.24,https://canodiy.es/tera-30/3451-R+43253+Q48CG.html
HILOS,Tera 30,tera-30,BOBINA HILO ROJO FLUOR TERA 30 300 MTS. C/3722,R-43421,2.24,https://canodiy.es/tera-30/492-R+43421.html
HILOS,Tera 30,tera-30,BOBINA HILO ROJO TERA 30 300 MTS  C/0012,R-43253-Y7FIL,2.24,https://canodiy.es/tera-30/3183-R+43253+Y7FIL.html
HILOS,Tera 30,tera-30,BOBINA HILO ROJO TERA 30 300 MTS  C/0367,R-43253-QX91O,2.24,https://canodiy.es/tera-30/3266-R+43253+QX91O.html
HILOS,Tera 30,tera-30,BOBINA HILO ROJO TERA 30 300 MTS. C/0156,R-43405,2.24,https://canodiy.es/tera-30/476-R+43405.html
HILOS,Tera 30,tera-30,BOBINA HILO ROJO TERA 30/3 900 MTS. C/0012,R-43431,6.42,https://canodiy.es/tera-30/500-R+43431.html
HILOS,Tera 30,tera-30,BOBINA HILO ROJO TERA 30/3 900 MTS. C/0156,R-43426-QEWDQ,6.42,https://canodiy.es/tera-30/3582-R+43426+QEWDQ.html
HILOS,Tera 30,tera-30,BOBINA HILO ROJO TERA 30/3 900 MTS. C/0367,R-43452,6.42,https://canodiy.es/tera-30/519-R+43452.html
HILOS,Tera 30,tera-30,BOBINA HILO ROSA CLARO TERA 30 300 MTS  C/0458,R-43253-QVVFW,2.24,https://canodiy.es/tera-30/3394-R+43253+QVVFW.html
HILOS,Tera 30,tera-30,BOBINA HILO ROSA CLARO TERA 30 300 MTS  C/0658,R-43253-BD6RH,2.24,https://canodiy.es/tera-30/3420-R+43253+BD6RH.html
HILOS,Tera 30,tera-30,BOBINA HILO ROSA FUCSIA TERA 30/3 300 MTS. C/0382,R-43413,2.24,https://canodiy.es/tera-30/484-R+43413.html
HILOS,Tera 30,tera-30,BOBINA HILO ROSA OSCURO TERA 30 300 MTS  C/0052,R-43253-PHGQN,2.24,https://canodiy.es/tera-30/3191-R+43253+PHGQN.html
HILOS,Tera 30,tera-30,BOBINA HILO ROSA TERA 30 300 MTS  C/0473,R-43253-KZYAL,2.24,https://canodiy.es/tera-30/3398-R+43253+KZYAL.html
HILOS,Tera 30,tera-30,BOBINA HILO ROSA TERA 30/3 900 MTS. C/0658,R-43426-KXAKD,6.42,https://canodiy.es/tera-30/5182-R+43426+KXAKD.html
HILOS,Tera 30,tera-30,BOBINA HILO VERDE FLUOR TERA 30 300 MTS. C/3836,R-43423,2.24,https://canodiy.es/tera-30/494-R+43423.html
HILOS,Tera 30,tera-30,BOBINA HILO VERDE FLUOR TERA 30/3 900 MTS. C/3836,R-43426-LZ2EX,6.42,https://canodiy.es/tera-30/3633-R+43426+LZ2EX.html
HILOS,Tera 30,tera-30,BOBINA HILO VERDE KAKI TERA 30 300 MTS  C/0269,R-43253-RQI7L,2.24,https://canodiy.es/tera-30/3247-R+43253+RQI7L.html
HILOS,Tera 30,tera-30,BOBINA HILO VERDE KAKI TERA 30 300 MTS  C/0432,R-43253-DDSSP,2.24,https://canodiy.es/tera-30/3380-R+43253+DDSSP.html
HILOS,Tera 30,tera-30,BOBINA HILO VERDE KAKI TERA 30 300 MTS  C/0676,R-43253-6F2YF,2.24,https://canodiy.es/tera-30/3424-R+43253+6F2YF.html
HILOS,Tera 30,tera-30,BOBINA HILO VERDE KAKI TERA 30/3 900 MTS. C/0269,R-43447,6.42,https://canodiy.es/tera-30/514-R+43447.html
HILOS,Tera 30,tera-30,BOBINA HILO VERDE OSCURO TERA 30 300 MTS  C/0707,R-43253-NQKKW,2.24,https://canodiy.es/tera-30/3430-R+43253+NQKKW.html
HILOS,Tera 30,tera-30,BOBINA HILO VERDE OSCURO TERA 30 300 MTS  C/0869,R-43253-OYWR8,2.24,https://canodiy.es/tera-30/3458-R+43253+OYWR8.html
HILOS,Tera 30,tera-30,BOBINA HILO VERDE OSCURO TERA 30 300 MTS  C/6078,R-43253-XSFPF,2.24,https://canodiy.es/tera-30/3503-R+43253+XSFPF.html
HILOS,Tera 30,tera-30,BOBINA HILO VERDE OSCURO TERA 30/3 900 MTS. C/0869,R-43426-LSB96,6.42,https://canodiy.es/tera-30/3578-R+43426+LSB96.html
HILOS,Tera 30,tera-30,BOBINA HILO VERDE OSCURO TERA 30/3 900 MTS. C/6078,R-43426-NF6YN,6.42,https://canodiy.es/tera-30/3598-R+43426+NF6YN.html
HILOS,Tera 30,tera-30,BOBINA HILO VERDE PISTACHO TERA 30/3 900 MTS. C/0615,R-43426-0DT7T,6.42,https://canodiy.es/tera-30/3622-R+43426+0DT7T.html
HILOS,Tera 30,tera-30,BOBINA HILO VERDE TERA 30 300 MTS  C/0153,R-43253-JLTZA,2.24,https://canodiy.es/tera-30/3209-R+43253+JLTZA.html
HILOS,Tera 30,tera-30,BOBINA HILO VERDE TERA 30 300 MTS  C/0239,R-43253-8JGQ4,2.24,https://canodiy.es/tera-30/3237-R+43253+8JGQ4.html
HILOS,Tera 30,tera-30,BOBINA HILO VERDE TERA 30 300 MTS  C/0585,R-43253-9X0AO,2.24,https://canodiy.es/tera-30/3402-R+43253+9X0AO.html
HILOS,Tera 30,tera-30,BOBINA HILO VERDE TERA 30 300 MTS  C/0597,R-43253-NAWBM,2.24,https://canodiy.es/tera-30/3410-R+43253+NAWBM.html
HILOS,Tera 30,tera-30,BOBINA HILO VERDE TERA 30 300 MTS  C/0914,R-43253-AHHKG,2.24,https://canodiy.es/tera-30/3165-R+43253+AHHKG.html
HILOS,Tera 30,tera-30,BOBINA HILO VERDE TERA 30 300 MTS  C/0920,R-43253-7MVXB,2.24,https://canodiy.es/tera-30/3464-R+43253+7MVXB.html
HILOS,Tera 30,tera-30,BOBINA HILO VERDE TERA 30 300 MTS  C/0931,R-43253-GWORS,2.24,https://canodiy.es/tera-30/3468-R+43253+GWORS.html
HILOS,Tera 30,tera-30,BOBINA HILO VERDE TERA 30 300 MTS. C/0396,R-43414,2.24,https://canodiy.es/tera-30/485-R+43414.html
HILOS,Tera 30,tera-30,BOBINA HILO VERDE TERA 30 300 MTS. C/0925,R-43419,2.24,https://canodiy.es/tera-30/490-R+43419.html
HILOS,Tera 30,tera-30,BOBINA HILO VERDE TERA 30/3 900 MTS. C/0237,R-43436,6.42,https://canodiy.es/tera-30/504-R+43436.html
HILOS,Tera 30,tera-30,BOBINA HILO VERDE TERA 30/3 900 MTS. C/0283,R-43426-WWX6V,6.42,https://canodiy.es/tera-30/3592-R+43426+WWX6V.html
HILOS,Tera 30,tera-30,BOBINA HILO VERDE TERA 30/3 900 MTS. C/0920,R-43426-PY7AE,6.42,https://canodiy.es/tera-30/3620-R+43426+PY7AE.html
HILOS,Tera 30,tera-30,BOBINA HILO VERDE TERA 30/3 900 MTS. C/0925,R-43427,6.42,https://canodiy.es/tera-30/498-R+43427.html
HILOS,Tera 30,tera-30,BOBINA HILO VERDE TURQUESA TERA 30 300 MTS  C/0924,R-43253-IPGJ4,2.24,https://canodiy.es/tera-30/3466-R+43253+IPGJ4.html
HILOS,Tera 30,tera-30,BOBINA HILO VERDE TURQUESA TERA 30/3 900 MTS. C/0924,R-43426-NBWIF,6.42,https://canodiy.es/tera-30/3606-R+43426+NBWIF.html
HILOS,Tera 30,tera-30,CONO HILO NEGRO TERA 30/3 3000 MTS. C/0000,R-22691,18.73,https://canodiy.es/tera-30/8896-R+22691.html
HILOS,Tera 40,tera-40,BOBINA HILO AMARILLO DORADO TERA 40 1200 MTS. C/0893,R-43481-MN6ML,6.54,https://canodiy.es/tera-40/4161-R+43481+MN6ML.html
HILOS,Tera 40,tera-40,BOBINA HILO AMARILLO DORADO TERA 40 400 MTS. C/0893,R-43455-RULKP,2.29,https://canodiy.es/tera-40/3991-R+43455+RULKP.html
HILOS,Tera 40,tera-40,BOBINA HILO AMARILLO DORADO TERA 40 400 MTS. C/0968,R-43455-HIIFS,2.29,https://canodiy.es/tera-40/3963-R+43455+HIIFS.html
HILOS,Tera 40,tera-40,BOBINA HILO AMARILLO FLUOR TERA 40 1200 MTS. C/3835,R-43504,6.54,https://canodiy.es/tera-40/570-R+43504.html
HILOS,Tera 40,tera-40,BOBINA HILO AMARILLO FLUOR TERA 40/3 400 MTS. C/3835,R-43477,2.29,https://canodiy.es/tera-40/544-R+43477.html
HILOS,Tera 40,tera-40,BOBINA HILO AMARILLO TERA 40 1200 MTS. C/0106,R-43485,6.54,https://canodiy.es/tera-40/552-R+43485.html
HILOS,Tera 40,tera-40,BOBINA HILO AMARILLO TERA 40 1200 MTS. C/0327,R-43481-FVPPG,6.54,https://canodiy.es/tera-40/4069-R+43481+FVPPG.html
HILOS,Tera 40,tera-40,BOBINA HILO AMARILLO TERA 40 1200 MTS. C/0416,R-43481-PBRZ6,6.54,https://canodiy.es/tera-40/4083-R+43481+PBRZ6.html
HILOS,Tera 40,tera-40,BOBINA HILO AMARILLO TERA 40 400 MTS. C/0106,R-43459,2.29,https://canodiy.es/tera-40/526-R+43459.html
HILOS,Tera 40,tera-40,BOBINA HILO AMARILLO TERA 40 400 MTS. C/0327,R-43455-FKUAV,2.29,https://canodiy.es/tera-40/3989-R+43455+FKUAV.html
HILOS,Tera 40,tera-40,BOBINA HILO AMARILLO TERA 40 400 MTS. C/0415,R-43455-F9GTB,2.29,https://canodiy.es/tera-40/3935-R+43455+F9GTB.html
HILOS,Tera 40,tera-40,BOBINA HILO AMARILLO TERA 40 400 MTS. C/0416,R-43455-SFE6O,2.29,https://canodiy.es/tera-40/3905-R+43455+SFE6O.html
HILOS,Tera 40,tera-40,BOBINA HILO AZUL CELESTE TERA 40 1200 MTS. C/0276,R-43497,6.54,https://canodiy.es/tera-40/563-R+43497.html
HILOS,Tera 40,tera-40,BOBINA HILO AZUL CELESTE TERA 40 400 MTS. C/0276,R-43455-4CUHW,2.29,https://canodiy.es/tera-40/3987-R+43455+4CUHW.html
HILOS,Tera 40,tera-40,BOBINA HILO AZUL CLARO TERA 40 1200 MTS. C/0064,R-43503,6.54,https://canodiy.es/tera-40/569-R+43503.html
HILOS,Tera 40,tera-40,BOBINA HILO AZUL CLARO TERA 40 400 MTS. C/0064,R-43455-SQ9IV,2.29,https://canodiy.es/tera-40/3853-R+43455+SQ9IV.html
HILOS,Tera 40,tera-40,BOBINA HILO AZUL MARINO TERA 40 1200 MTS. C/0593,R-43481-94ERA,6.54,https://canodiy.es/tera-40/4110-R+43481+94ERA.html
HILOS,Tera 40,tera-40,BOBINA HILO AZUL MARINO TERA 40 1200 MTS. C/0665,R-43481-7ZEQ6,6.54,https://canodiy.es/tera-40/4124-R+43481+7ZEQ6.html
HILOS,Tera 40,tera-40,BOBINA HILO AZUL MARINO TERA 40 400 MTS. C/0013,R-43455-KFCHX,2.29,https://canodiy.es/tera-40/3887-R+43455+KFCHX.html
HILOS,Tera 40,tera-40,BOBINA HILO AZUL MARINO TERA 40 400 MTS. C/0339,R-43455-M25HZ,2.29,https://canodiy.es/tera-40/3899-R+43455+M25HZ.html
HILOS,Tera 40,tera-40,BOBINA HILO AZUL MARINO TERA 40 400 MTS. C/0387,R-43455-TLNYY,2.29,https://canodiy.es/tera-40/3857-R+43455+TLNYY.html
HILOS,Tera 40,tera-40,BOBINA HILO AZUL MARINO TERA 40 400 MTS. C/0593,R-43455-5GIUL,2.29,https://canodiy.es/tera-40/3925-R+43455+5GIUL.html
HILOS,Tera 40,tera-40,BOBINA HILO AZUL MARINO TERA 40 400 MTS. C/0595,R-43455-YHOJD,2.29,https://canodiy.es/tera-40/3967-R+43455+YHOJD.html
HILOS,Tera 40,tera-40,BOBINA HILO AZUL MARINO TERA 40 400 MTS. C/0665,R-43455-QPALB,2.29,https://canodiy.es/tera-40/3660-R+43455+QPALB.html
HILOS,Tera 40,tera-40,BOBINA HILO AZUL OSCURO TERA 40 1200 MTS. C/0013,R-43481-08OK9,6.54,https://canodiy.es/tera-40/4029-R+43481+08OK9.html
HILOS,Tera 40,tera-40,BOBINA HILO AZUL OSCURO TERA 40 1200 MTS. C/0066,R-43484,6.54,https://canodiy.es/tera-40/551-R+43484.html
HILOS,Tera 40,tera-40,BOBINA HILO AZUL OSCURO TERA 40 1200 MTS. C/0312,R-43492,6.54,https://canodiy.es/tera-40/559-R+43492.html
HILOS,Tera 40,tera-40,BOBINA HILO AZUL OSCURO TERA 40 1200 MTS. C/0904,R-43481-H5MXE,6.54,https://canodiy.es/tera-40/4163-R+43481+H5MXE.html
HILOS,Tera 40,tera-40,BOBINA HILO AZUL OSCURO TERA 40 400 MTS. C/0066,R-43458,2.29,https://canodiy.es/tera-40/525-R+43458.html
HILOS,Tera 40,tera-40,BOBINA HILO AZUL OSCURO TERA 40 400 MTS. C/0312,R-43466,2.29,https://canodiy.es/tera-40/533-R+43466.html
HILOS,Tera 40,tera-40,BOBINA HILO AZUL TERA 40 1200 MTS. C/0076,R-43481-EGF4Y,6.54,https://canodiy.es/tera-40/4037-R+43481+EGF4Y.html
HILOS,Tera 40,tera-40,BOBINA HILO AZUL TERA 40 1200 MTS. C/0112,R-43481-CHGID,6.54,https://canodiy.es/tera-40/4043-R+43481+CHGID.html
HILOS,Tera 40,tera-40,BOBINA HILO AZUL TERA 40 1200 MTS. C/0232,R-43481-WPHQC,6.54,https://canodiy.es/tera-40/4061-R+43481+WPHQC.html
HILOS,Tera 40,tera-40,BOBINA HILO AZUL TERA 40 1200 MTS. C/0278,R-43491,6.54,https://canodiy.es/tera-40/558-R+43491.html
HILOS,Tera 40,tera-40,BOBINA HILO AZUL TERA 40 1200 MTS. C/0385,R-43481-XM4U1,6.54,https://canodiy.es/tera-40/8177-R+43481+XM4U1.html
HILOS,Tera 40,tera-40,BOBINA HILO AZUL TERA 40 1200 MTS. C/0386,R-43481-TWYGU,6.54,https://canodiy.es/tera-40/4075-R+43481+TWYGU.html
HILOS,Tera 40,tera-40,BOBINA HILO AZUL TERA 40 1200 MTS. C/0761,R-43481-TO68Y,6.54,https://canodiy.es/tera-40/4141-R+43481+TO68Y.html
HILOS,Tera 40,tera-40,BOBINA HILO AZUL TERA 40 1200 MTS. C/1471,R-43481-B9PIX,6.54,https://canodiy.es/tera-40/4179-R+43481+B9PIX.html
HILOS,Tera 40,tera-40,BOBINA HILO AZUL TERA 40 400 MTS. C/0076,R-43455-FYCYR,2.29,https://canodiy.es/tera-40/3859-R+43455+FYCYR.html
HILOS,Tera 40,tera-40,BOBINA HILO AZUL TERA 40 400 MTS. C/0112,R-43455-UXYGT,2.29,https://canodiy.es/tera-40/3885-R+43455+UXYGT.html
HILOS,Tera 40,tera-40,BOBINA HILO AZUL TERA 40 400 MTS. C/0232,R-43455-49OQT,2.29,https://canodiy.es/tera-40/3654-R+43455+49OQT.html
HILOS,Tera 40,tera-40,BOBINA HILO AZUL TERA 40 400 MTS. C/0278,R-43465,2.29,https://canodiy.es/tera-40/532-R+43465.html
HILOS,Tera 40,tera-40,BOBINA HILO AZUL TERA 40 400 MTS. C/0385,R-43455-UUV0F,2.29,https://canodiy.es/tera-40/3999-R+43455+UUV0F.html
HILOS,Tera 40,tera-40,BOBINA HILO AZUL TERA 40 400 MTS. C/0386,R-43455-VD5GR,2.29,https://canodiy.es/tera-40/3694-R+43455+VD5GR.html
HILOS,Tera 40,tera-40,BOBINA HILO AZUL TERA 40 400 MTS. C/0761,R-43455-QRIGN,2.29,https://canodiy.es/tera-40/3656-R+43455+QRIGN.html
HILOS,Tera 40,tera-40,BOBINA HILO AZUL TERA 40 400 MTS. C/1471,R-43455-4KNIB,2.29,https://canodiy.es/tera-40/4022-R+43455+4KNIB.html
HILOS,Tera 40,tera-40,BOBINA HILO AZUL TURQUESA CLARO TERA 40 400 MTS. C/2086,R-43455-ITKYG,2.29,https://canodiy.es/tera-40/3911-R+43455+ITKYG.html
HILOS,Tera 40,tera-40,BOBINA HILO AZUL TURQUESA OSCURO TERA 40 400 MTS. C/0764,R-43455-B6DQ9,2.29,https://canodiy.es/tera-40/3686-R+43455+B6DQ9.html
HILOS,Tera 40,tera-40,BOBINA HILO AZUL TURQUESA TERA 40 1200 MTS. C/0332,R-43481-LOYH9,6.54,https://canodiy.es/tera-40/4071-R+43481+LOYH9.html
HILOS,Tera 40,tera-40,BOBINA HILO AZUL TURQUESA TERA 40 1200 MTS. C/0764,R-43481-GHASE,6.54,https://canodiy.es/tera-40/4143-R+43481+GHASE.html
HILOS,Tera 40,tera-40,BOBINA HILO AZUL TURQUESA TERA 40 400 MTS. C/0332,R-43455-AXWOF,2.29,https://canodiy.es/tera-40/3672-R+43455+AXWOF.html
HILOS,Tera 40,tera-40,BOBINA HILO AZUL TURQUESA TERA 40 400 MTS. C/0715,R-43455-AOCSG,2.29,https://canodiy.es/tera-40/3706-R+43455+AOCSG.html
HILOS,Tera 40,tera-40,BOBINA HILO BEIG CLARO TERA 40 1200 MTS. C/0414,R-43481-OJSKM,6.54,https://canodiy.es/tera-40/4081-R+43481+OJSKM.html
HILOS,Tera 40,tera-40,BOBINA HILO BEIG CLARO TERA 40 1200 MTS. C/3791,R-43481-EEVY0,6.54,https://canodiy.es/tera-40/4189-R+43481+EEVY0.html
HILOS,Tera 40,tera-40,BOBINA HILO BEIG CLARO TERA 40 400 MTS. C/0414,R-43455-VZA3P,2.29,https://canodiy.es/tera-40/3897-R+43455+VZA3P.html
HILOS,Tera 40,tera-40,BOBINA HILO BEIG CLARO TERA 40 400 MTS. C/3791,R-43455-ZLSZR,2.29,https://canodiy.es/tera-40/3965-R+43455+ZLSZR.html
HILOS,Tera 40,tera-40,BOBINA HILO BEIG TERA 40 1200 MTS. C/0131,R-43481-WIHD5,6.54,https://canodiy.es/tera-40/4045-R+43481+WIHD5.html
HILOS,Tera 40,tera-40,BOBINA HILO BEIG TERA 40 1200 MTS. C/0186,R-43488,6.54,https://canodiy.es/tera-40/555-R+43488.html
HILOS,Tera 40,tera-40,BOBINA HILO BEIG TERA 40 1200 MTS. C/0265,R-43481-59HG0,6.54,https://canodiy.es/tera-40/4063-R+43481+59HG0.html
HILOS,Tera 40,tera-40,BOBINA HILO BEIG TERA 40 1200 MTS. C/0464,R-43481-SKJQD,6.54,https://canodiy.es/tera-40/4098-R+43481+SKJQD.html
HILOS,Tera 40,tera-40,BOBINA HILO BEIG TERA 40 1200 MTS. C/0591,R-43481-RKRGC,6.54,https://canodiy.es/tera-40/4107-R+43481+RKRGC.html
HILOS,Tera 40,tera-40,BOBINA HILO BEIG TERA 40 1200 MTS. C/0722,R-43481-CBOK6,6.54,https://canodiy.es/tera-40/4139-R+43481+CBOK6.html
HILOS,Tera 40,tera-40,BOBINA HILO BEIG TERA 40 1200 MTS. C/0868,R-43481-DYYQG,6.54,https://canodiy.es/tera-40/4157-R+43481+DYYQG.html
HILOS,Tera 40,tera-40,BOBINA HILO BEIG TERA 40 1200 MTS. C/1334,R-43481-CHGJH,6.54,https://canodiy.es/tera-40/4177-R+43481+CHGJH.html
HILOS,Tera 40,tera-40,BOBINA HILO BEIG TERA 40 400 MTS. C/0131,R-43455-Z4E6G,2.29,https://canodiy.es/tera-40/3997-R+43455+Z4E6G.html
HILOS,Tera 40,tera-40,BOBINA HILO BEIG TERA 40 400 MTS. C/0186,R-43462,2.29,https://canodiy.es/tera-40/529-R+43462.html
HILOS,Tera 40,tera-40,BOBINA HILO BEIG TERA 40 400 MTS. C/0263,R-43455-6INFV,2.29,https://canodiy.es/tera-40/3684-R+43455+6INFV.html
HILOS,Tera 40,tera-40,BOBINA HILO BEIG TERA 40 400 MTS. C/0265,R-43455-B0IAI,2.29,https://canodiy.es/tera-40/4013-R+43455+B0IAI.html
HILOS,Tera 40,tera-40,BOBINA HILO BEIG TERA 40 400 MTS. C/0464,R-43455-ZAKSH,2.29,https://canodiy.es/tera-40/3680-R+43455+ZAKSH.html
HILOS,Tera 40,tera-40,BOBINA HILO BEIG TERA 40 400 MTS. C/0591,R-43455-TQ8GN,2.29,https://canodiy.es/tera-40/3710-R+43455+TQ8GN.html
HILOS,Tera 40,tera-40,BOBINA HILO BEIG TERA 40 400 MTS. C/0722,R-43455-GTNHV,2.29,https://canodiy.es/tera-40/3937-R+43455+GTNHV.html
HILOS,Tera 40,tera-40,BOBINA HILO BEIG TERA 40 400 MTS. C/0868,R-43455-XQAEG,2.29,https://canodiy.es/tera-40/3640-R+43455+XQAEG.html
HILOS,Tera 40,tera-40,BOBINA HILO BEIG TERA 40 400 MTS. C/1334,R-43455-CE8RG,2.29,https://canodiy.es/tera-40/4003-R+43455+CE8RG.html
HILOS,Tera 40,tera-40,BOBINA HILO BEIG TERA 40 400 MTS. C/4879,R-43455-EEDYT,2.29,https://canodiy.es/tera-40/3955-R+43455+EEDYT.html
HILOS,Tera 40,tera-40,BOBINA HILO BEIG TERA 40 400 MTS. C/6556,R-43455-TVU2W,2.29,https://canodiy.es/tera-40/3688-R+43455+TVU2W.html
HILOS,Tera 40,tera-40,BOBINA HILO BEIG TERA 40 400 MTS. C/9444,R-43455-9QJES,2.29,https://canodiy.es/tera-40/3957-R+43455+9QJES.html
HILOS,Tera 40,tera-40,BOBINA HILO BLANCO ROTI TERA 40 400 MTS. C/0111,R-43455-EXYFC,2.04,https://canodiy.es/tera-40/3893-R+43455+EXYFC.html
HILOS,Tera 40,tera-40,BOBINA HILO BLANCO ROTO TERA 40 1200 MTS. C/0001,R-43482,6.54,https://canodiy.es/tera-40/549-R+43482.html
HILOS,Tera 40,tera-40,BOBINA HILO BLANCO ROTO TERA 40 1200 MTS. C/0111,R-43481-RUMMW,5.75,https://canodiy.es/tera-40/4039-R+43481+RUMMW.html
HILOS,Tera 40,tera-40,BOBINA HILO BLANCO ROTO TERA 40 400 MTS. C/0001,R-43456,2.29,https://canodiy.es/tera-40/523-R+43456.html
HILOS,Tera 40,tera-40,BOBINA HILO BLANCO TERA 40 1200 MTS. C/0800,R-43502,5.75,https://canodiy.es/tera-40/568-R+43502.html
HILOS,Tera 40,tera-40,BOBINA HILO BLANCO TERA 40 400 MTS. C/0800,R-43475,2.04,https://canodiy.es/tera-40/542-R+43475.html
HILOS,Tera 40,tera-40,BOBINA HILO GRIS CLARO TERA 40 1200 MTS. C/3969,R-43481-3P6TT,6.54,https://canodiy.es/tera-40/4191-R+43481+3P6TT.html
HILOS,Tera 40,tera-40,BOBINA HILO GRIS CLARO TERA 40 400 MTS. C/0299,R-43455-FIPSS,2.29,https://canodiy.es/tera-40/3945-R+43455+FIPSS.html
HILOS,Tera 40,tera-40,BOBINA HILO GRIS OSCURO TERA 40 1200 MTS. C/0036,R-43481-JDXRC,6.54,https://canodiy.es/tera-40/4033-R+43481+JDXRC.html
HILOS,Tera 40,tera-40,BOBINA HILO GRIS OSCURO TERA 40 1200 MTS. C/1116,R-43481-TRI7O,6.54,https://canodiy.es/tera-40/4173-R+43481+TRI7O.html
HILOS,Tera 40,tera-40,BOBINA HILO GRIS OSCURO TERA 40 400 MTS. C/1116,R-43455-TSQSG,2.29,https://canodiy.es/tera-40/3648-R+43455+TSQSG.html
HILOS,Tera 40,tera-40,BOBINA HILO GRIS TERA 40 1200 MTS. C/0035,R-43481-U1DEG,6.54,https://canodiy.es/tera-40/4031-R+43481+U1DEG.html
HILOS,Tera 40,tera-40,BOBINA HILO GRIS TERA 40 1200 MTS. C/0038,R-43483,6.54,https://canodiy.es/tera-40/550-R+43483.html
HILOS,Tera 40,tera-40,BOBINA HILO GRIS TERA 40 1200 MTS. C/0495,R-43481-PHHM6,6.54,https://canodiy.es/tera-40/4100-R+43481+PHHM6.html
HILOS,Tera 40,tera-40,BOBINA HILO GRIS TERA 40 1200 MTS. C/0634,R-43481-NVO5H,6.54,https://canodiy.es/tera-40/4118-R+43481+NVO5H.html
HILOS,Tera 40,tera-40,BOBINA HILO GRIS TERA 40 1200 MTS. C/0701,R-43500,6.54,https://canodiy.es/tera-40/566-R+43500.html
HILOS,Tera 40,tera-40,BOBINA HILO GRIS TERA 40 1200 MTS. C/2613,R-43481-Y2BVV,6.54,https://canodiy.es/tera-40/4185-R+43481+Y2BVV.html
HILOS,Tera 40,tera-40,BOBINA HILO GRIS TERA 40 400 MTS. C/0035,R-43455-EHMNE,2.29,https://canodiy.es/tera-40/3662-R+43455+EHMNE.html
HILOS,Tera 40,tera-40,BOBINA HILO GRIS TERA 40 400 MTS. C/0036,R-43455-9XQEQ,2.29,https://canodiy.es/tera-40/3650-R+43455+9XQEQ.html
HILOS,Tera 40,tera-40,BOBINA HILO GRIS TERA 40 400 MTS. C/0038,R-43457,2.29,https://canodiy.es/tera-40/524-R+43457.html
HILOS,Tera 40,tera-40,BOBINA HILO GRIS TERA 40 400 MTS. C/0122,R-43455-87H57,2.29,https://canodiy.es/tera-40/3851-R+43455+87H57.html
HILOS,Tera 40,tera-40,BOBINA HILO GRIS TERA 40 400 MTS. C/0495,R-43455-SE9SX,2.29,https://canodiy.es/tera-40/4005-R+43455+SE9SX.html
HILOS,Tera 40,tera-40,BOBINA HILO GRIS TERA 40 400 MTS. C/0634,R-43455-GJRW3,2.29,https://canodiy.es/tera-40/3943-R+43455+GJRW3.html
HILOS,Tera 40,tera-40,BOBINA HILO GRIS TERA 40 400 MTS. C/0701,R-43473,2.29,https://canodiy.es/tera-40/540-R+43473.html
HILOS,Tera 40,tera-40,BOBINA HILO GRIS TERA 40 400 MTS. C/2613,R-43455-HXSZF,2.29,https://canodiy.es/tera-40/4001-R+43455+HXSZF.html
HILOS,Tera 40,tera-40,BOBINA HILO GRIS TERA 40 400 MTS. C/3969,R-43455-I9OYC,2.29,https://canodiy.es/tera-40/3977-R+43455+I9OYC.html
HILOS,Tera 40,tera-40,BOBINA HILO LILA TERA 40 1200 MTS. C/0656,R-43481-5BVFP,6.54,https://canodiy.es/tera-40/3353-R+43481+5BVFP.html
HILOS,Tera 40,tera-40,BOBINA HILO LILA TERA 40 400 MTS. C/0656,R-43455-Q9PJJ,2.29,https://canodiy.es/tera-40/3915-R+43455+Q9PJJ.html
HILOS,Tera 40,tera-40,BOBINA HILO MARRÓN ARENA TERA 40 1200 MTS. C/6298,R-43481-FOVOD,6.54,https://canodiy.es/tera-40/4203-R+43481+FOVOD.html
HILOS,Tera 40,tera-40,BOBINA HILO MARRÓN ARENA TERA 40 400 MTS. C/6298,R-43455-TQGZF,2.29,https://canodiy.es/tera-40/3949-R+43455+TQGZF.html
HILOS,Tera 40,tera-40,BOBINA HILO MARRÓN CAOBA TERA 40 1200 MTS. C/0448,R-43481-5PATL,6.54,https://canodiy.es/tera-40/4092-R+43481+5PATL.html
HILOS,Tera 40,tera-40,BOBINA HILO MARRÓN CAOBA TERA 40 1200 MTS. C/0650,R-43498,6.54,https://canodiy.es/tera-40/564-R+43498.html
HILOS,Tera 40,tera-40,BOBINA HILO MARRÓN CAOBA TERA 40 1200 MTS. C/0934,R-43481-YJLKM,6.54,https://canodiy.es/tera-40/4171-R+43481+YJLKM.html
HILOS,Tera 40,tera-40,BOBINA HILO MARRÓN CAOBA TERA 40 1200 MTS. C/1744,R-43481-G5NZL,6.54,https://canodiy.es/tera-40/4181-R+43481+G5NZL.html
HILOS,Tera 40,tera-40,BOBINA HILO MARRÓN CAOBA TERA 40 1200 MTS. C/1879,R-43481-BD3N7,6.54,https://canodiy.es/tera-40/4183-R+43481+BD3N7.html
HILOS,Tera 40,tera-40,BOBINA HILO MARRÓN CAOBA TERA 40 1200 MTS. C/5148,R-43481-ZBYT1,6.54,https://canodiy.es/tera-40/4199-R+43481+ZBYT1.html
HILOS,Tera 40,tera-40,BOBINA HILO MARRÓN CAOBA TERA 40 400 MTS. C/0227,R-43455-DSEUF,2.29,https://canodiy.es/tera-40/3931-R+43455+DSEUF.html
HILOS,Tera 40,tera-40,BOBINA HILO MARRÓN CAOBA TERA 40 400 MTS. C/0448,R-43455-XKJIF,2.29,https://canodiy.es/tera-40/3895-R+43455+XKJIF.html
HILOS,Tera 40,tera-40,BOBINA HILO MARRÓN CAOBA TERA 40 400 MTS. C/0650,R-43471,2.29,https://canodiy.es/tera-40/538-R+43471.html
HILOS,Tera 40,tera-40,BOBINA HILO MARRÓN CAOBA TERA 40 400 MTS. C/0934,R-43455-O3DQO,2.29,https://canodiy.es/tera-40/3843-R+43455+O3DQO.html
HILOS,Tera 40,tera-40,BOBINA HILO MARRÓN CAOBA TERA 40 400 MTS. C/1744,R-43455-TBRQ8,2.29,https://canodiy.es/tera-40/3927-R+43455+TBRQ8.html
HILOS,Tera 40,tera-40,BOBINA HILO MARRÓN CAOBA TERA 40 400 MTS. C/1879,R-43455-ZE3YD,2.29,https://canodiy.es/tera-40/4018-R+43455+ZE3YD.html
HILOS,Tera 40,tera-40,BOBINA HILO MARRÓN CAOBA TERA 40 400 MTS. C/5148,R-43455-KXW4F,2.29,https://canodiy.es/tera-40/3877-R+43455+KXW4F.html
HILOS,Tera 40,tera-40,BOBINA HILO MARRÓN CLARO TERA 40 400 MTS. C/0215,R-43455-ZZCX7,2.29,https://canodiy.es/tera-40/3909-R+43455+ZZCX7.html
HILOS,Tera 40,tera-40,BOBINA HILO MARRÓN CLARO TERA 40 400 MTS. C/5643,R-43455-QHGOF,2.29,https://canodiy.es/tera-40/4020-R+43455+QHGOF.html
HILOS,Tera 40,tera-40,BOBINA HILO MARRÓN OSCURO TERA 40 1200 MTS. C/0696,R-43481-LX158,6.54,https://canodiy.es/tera-40/4135-R+43481+LX158.html
HILOS,Tera 40,tera-40,BOBINA HILO MARRÓN OSCURO TERA 40 1200 MTS. C/0697,R-43499,6.54,https://canodiy.es/tera-40/565-R+43499.html
HILOS,Tera 40,tera-40,BOBINA HILO MARRÓN OSCURO TERA 40 1200 MTS. C/0780,R-43481-JF8DO,6.54,https://canodiy.es/tera-40/4147-R+43481+JF8DO.html
HILOS,Tera 40,tera-40,BOBINA HILO MARRÓN OSCURO TERA 40 1200 MTS. C/1213,R-43481-MNW6D,6.54,https://canodiy.es/tera-40/4175-R+43481+MNW6D.html
HILOS,Tera 40,tera-40,BOBINA HILO MARRÓN OSCURO TERA 40 1200 MTS. C/8399,R-43481-SO9DH,6.54,https://canodiy.es/tera-40/4205-R+43481+SO9DH.html
HILOS,Tera 40,tera-40,BOBINA HILO MARRÓN OSCURO TERA 40 400 MTS. C/0175,R-43455-V5CEH,2.29,https://canodiy.es/tera-40/3690-R+43455+V5CEH.html
HILOS,Tera 40,tera-40,BOBINA HILO MARRÓN OSCURO TERA 40 400 MTS. C/0696,R-43455-OD2R8,2.29,https://canodiy.es/tera-40/4027-R+43455+OD2R8.html
HILOS,Tera 40,tera-40,BOBINA HILO MARRÓN OSCURO TERA 40 400 MTS. C/0697,R-43472,2.29,https://canodiy.es/tera-40/539-R+43472.html
HILOS,Tera 40,tera-40,BOBINA HILO MARRÓN OSCURO TERA 40 400 MTS. C/0780,R-43455-ZOVJ5,2.29,https://canodiy.es/tera-40/3698-R+43455+ZOVJ5.html
HILOS,Tera 40,tera-40,BOBINA HILO MARRÓN OSCURO TERA 40 400 MTS. C/1213,R-43455-K1CYQ,2.29,https://canodiy.es/tera-40/3666-R+43455+K1CYQ.html
HILOS,Tera 40,tera-40,BOBINA HILO MARRÓN OSCURO TERA 40 400 MTS. C/8399,R-43455-PGB02,2.29,https://canodiy.es/tera-40/3951-R+43455+PGB02.html
HILOS,Tera 40,tera-40,BOBINA HILO MARRÓN TERA 40 1200 MTS. C/0124,R-43481-FQIUA,6.54,https://canodiy.es/tera-40/4041-R+43481+FQIUA.html
HILOS,Tera 40,tera-40,BOBINA HILO MARRÓN TERA 40 1200 MTS. C/0172,R-43481-K1EZS,6.54,https://canodiy.es/tera-40/4050-R+43481+K1EZS.html
HILOS,Tera 40,tera-40,BOBINA HILO MARRÓN TERA 40 1200 MTS. C/0175,R-43481-2OZIT,6.54,https://canodiy.es/tera-40/4052-R+43481+2OZIT.html
HILOS,Tera 40,tera-40,BOBINA HILO MARRÓN TERA 40 1200 MTS. C/0181,R-43487,6.54,https://canodiy.es/tera-40/554-R+43487.html
HILOS,Tera 40,tera-40,BOBINA HILO MARRÓN TERA 40 1200 MTS. C/0208,R-43481-B5ENR,6.54,https://canodiy.es/tera-40/4054-R+43481+B5ENR.html
HILOS,Tera 40,tera-40,BOBINA HILO MARRÓN TERA 40 1200 MTS. C/0215,R-43481-ZCZYI,6.54,https://canodiy.es/tera-40/4056-R+43481+ZCZYI.html
HILOS,Tera 40,tera-40,BOBINA HILO MARRÓN TERA 40 1200 MTS. C/0406,R-43481-GB118,6.54,https://canodiy.es/tera-40/4079-R+43481+GB118.html
HILOS,Tera 40,tera-40,BOBINA HILO MARRÓN TERA 40 1200 MTS. C/0438,R-43481-NUMUS,6.54,https://canodiy.es/tera-40/8962-R+43481+NUMUS.html
HILOS,Tera 40,tera-40,BOBINA HILO MARRÓN TERA 40 1200 MTS. C/0439,R-43481-X0P66,6.54,https://canodiy.es/tera-40/4085-R+43481+X0P66.html
HILOS,Tera 40,tera-40,BOBINA HILO MARRÓN TERA 40 1200 MTS. C/0443,R-43481-IYYD1,6.54,https://canodiy.es/tera-40/4087-R+43481+IYYD1.html
HILOS,Tera 40,tera-40,BOBINA HILO MARRÓN TERA 40 1200 MTS. C/0446,R-43481-JD25D-UASLH,6.54,https://canodiy.es/tera-40/4090-R+43481+JD25D+UASLH.html
HILOS,Tera 40,tera-40,BOBINA HILO MARRÓN TERA 40 1200 MTS. C/0450,R-43481-EUKI5,6.54,https://canodiy.es/tera-40/4094-R+43481+EUKI5.html
HILOS,Tera 40,tera-40,BOBINA HILO MARRÓN TERA 40 1200 MTS. C/0452,R-43481-MGJXF,6.54,https://canodiy.es/tera-40/4096-R+43481+MGJXF.html
HILOS,Tera 40,tera-40,BOBINA HILO MARRÓN TERA 40 1200 MTS. C/0673,R-43481-HUKBC,6.54,https://canodiy.es/tera-40/4130-R+43481+HUKBC.html
HILOS,Tera 40,tera-40,BOBINA HILO MARRÓN TERA 40 1200 MTS. C/0724,R-43501,6.54,https://canodiy.es/tera-40/567-R+43501.html
HILOS,Tera 40,tera-40,BOBINA HILO MARRÓN TERA 40 1200 MTS. C/0767,R-43481-KN2KI,6.54,https://canodiy.es/tera-40/4145-R+43481+KN2KI.html
HILOS,Tera 40,tera-40,BOBINA HILO MARRÓN TERA 40 1200 MTS. C/0831,R-43481-IF2CU,6.54,https://canodiy.es/tera-40/4149-R+43481+IF2CU.html
HILOS,Tera 40,tera-40,BOBINA HILO MARRÓN TERA 40 1200 MTS. C/0842,R-43481-7AW0W,6.54,https://canodiy.es/tera-40/4153-R+43481+7AW0W.html
HILOS,Tera 40,tera-40,BOBINA HILO MARRÓN TERA 40 1200 MTS. C/0851,R-43481-YILEX,6.54,https://canodiy.es/tera-40/4155-R+43481+YILEX.html
HILOS,Tera 40,tera-40,BOBINA HILO MARRÓN TERA 40 1200 MTS. C/3041,R-43481-WVQOT,6.54,https://canodiy.es/tera-40/4187-R+43481+WVQOT.html
HILOS,Tera 40,tera-40,BOBINA HILO MARRÓN TERA 40 1200 MTS. C/4039,R-43481-UAXVB,6.54,https://canodiy.es/tera-40/4195-R+43481+UAXVB.html
HILOS,Tera 40,tera-40,BOBINA HILO MARRÓN TERA 40 1200 MTS. C/4041,R-43481-UVMNZ,6.54,https://canodiy.es/tera-40/4197-R+43481+UVMNZ.html
HILOS,Tera 40,tera-40,BOBINA HILO MARRÓN TERA 40 400 MTS. C/0124,R-43455-2VWT4,2.29,https://canodiy.es/tera-40/3907-R+43455+2VWT4.html
HILOS,Tera 40,tera-40,BOBINA HILO MARRÓN TERA 40 400 MTS. C/0160,R-43455-U5CHS,2.29,https://canodiy.es/tera-40/3658-R+43455+U5CHS.html
HILOS,Tera 40,tera-40,BOBINA HILO MARRÓN TERA 40 400 MTS. C/0172,R-43455-RX9XF,2.29,https://canodiy.es/tera-40/3696-R+43455+RX9XF.html
HILOS,Tera 40,tera-40,BOBINA HILO MARRÓN TERA 40 400 MTS. C/0181,R-43461,2.29,https://canodiy.es/tera-40/528-R+43461.html
HILOS,Tera 40,tera-40,BOBINA HILO MARRÓN TERA 40 400 MTS. C/0208,R-43455-TRCRR,2.29,https://canodiy.es/tera-40/3676-R+43455+TRCRR.html
HILOS,Tera 40,tera-40,BOBINA HILO MARRÓN TERA 40 400 MTS. C/0216,R-43455-1CSDK,2.29,https://canodiy.es/tera-40/3973-R+43455+1CSDK.html
HILOS,Tera 40,tera-40,BOBINA HILO MARRÓN TERA 40 400 MTS. C/0230,R-43455-ZJRQS,2.29,https://canodiy.es/tera-40/3642-R+43455+ZJRQS.html
HILOS,Tera 40,tera-40,BOBINA HILO MARRÓN TERA 40 400 MTS. C/0406,R-43455-JZCT8,2.29,https://canodiy.es/tera-40/3875-R+43455+JZCT8.html
HILOS,Tera 40,tera-40,BOBINA HILO MARRÓN TERA 40 400 MTS. C/0438,R-43455-AVVIU,2.29,https://canodiy.es/tera-40/3704-R+43455+AVVIU.html
HILOS,Tera 40,tera-40,BOBINA HILO MARRÓN TERA 40 400 MTS. C/0439,R-43470,2.29,https://canodiy.es/tera-40/537-R+43470.html
HILOS,Tera 40,tera-40,BOBINA HILO MARRÓN TERA 40 400 MTS. C/0443,R-43455-2AP43,2.29,https://canodiy.es/tera-40/3993-R+43455+2AP43.html
HILOS,Tera 40,tera-40,BOBINA HILO MARRÓN TERA 40 400 MTS. C/0444,R-43455-O2275,2.29,https://canodiy.es/tera-40/4025-R+43455+O2275.html
HILOS,Tera 40,tera-40,BOBINA HILO MARRÓN TERA 40 400 MTS. C/0446,R-43455-YVY83,2.29,https://canodiy.es/tera-40/3638-R+43455+YVY83.html
HILOS,Tera 40,tera-40,BOBINA HILO MARRÓN TERA 40 400 MTS. C/0450,R-43455-CO0F3,2.29,https://canodiy.es/tera-40/3961-R+43455+CO0F3.html
HILOS,Tera 40,tera-40,BOBINA HILO MARRÓN TERA 40 400 MTS. C/0452,R-43455-ZIQLH,2.29,https://canodiy.es/tera-40/3670-R+43455+ZIQLH.html
HILOS,Tera 40,tera-40,BOBINA HILO MARRÓN TERA 40 400 MTS. C/0673,R-43455-FUPOJ,2.29,https://canodiy.es/tera-40/3881-R+43455+FUPOJ.html
HILOS,Tera 40,tera-40,BOBINA HILO MARRÓN TERA 40 400 MTS. C/0682,R-43455-T5CIT,2.29,https://canodiy.es/tera-40/3714-R+43455+T5CIT.html
HILOS,Tera 40,tera-40,BOBINA HILO MARRÓN TERA 40 400 MTS. C/0724,R-43474,2.29,https://canodiy.es/tera-40/541-R+43474.html
HILOS,Tera 40,tera-40,BOBINA HILO MARRÓN TERA 40 400 MTS. C/0767,R-43455-H3KPN,2.29,https://canodiy.es/tera-40/3879-R+43455+H3KPN.html
HILOS,Tera 40,tera-40,BOBINA HILO MARRÓN TERA 40 400 MTS. C/0772,R-43455-DM1WU,2.29,https://canodiy.es/tera-40/3700-R+43455+DM1WU.html
HILOS,Tera 40,tera-40,BOBINA HILO MARRÓN TERA 40 400 MTS. C/0776,R-43455-VVNNX,2.29,https://canodiy.es/tera-40/3983-R+43455+VVNNX.html
HILOS,Tera 40,tera-40,BOBINA HILO MARRÓN TERA 40 400 MTS. C/0815,R-43455-HO7YT,2.29,https://canodiy.es/tera-40/3652-R+43455+HO7YT.html
HILOS,Tera 40,tera-40,BOBINA HILO MARRÓN TERA 40 400 MTS. C/0816,R-43455-BBV8V,2.29,https://canodiy.es/tera-40/3644-R+43455+BBV8V.html
HILOS,Tera 40,tera-40,BOBINA HILO MARRÓN TERA 40 400 MTS. C/0831,R-43455-0N7JR,2.29,https://canodiy.es/tera-40/3845-R+43455+0N7JR.html
HILOS,Tera 40,tera-40,BOBINA HILO MARRÓN TERA 40 400 MTS. C/0842,R-43455-SCROW,2.29,https://canodiy.es/tera-40/3873-R+43455+SCROW.html
HILOS,Tera 40,tera-40,BOBINA HILO MARRÓN TERA 40 400 MTS. C/0969,R-43455-9CQVA,2.29,https://canodiy.es/tera-40/3678-R+43455+9CQVA.html
HILOS,Tera 40,tera-40,BOBINA HILO MARRÓN TERA 40 400 MTS. C/1293,R-43455-B0IBM,2.29,https://canodiy.es/tera-40/3855-R+43455+B0IBM.html
HILOS,Tera 40,tera-40,BOBINA HILO MARRÓN TERA 40 400 MTS. C/3830,R-43455-2KLEU,2.29,https://canodiy.es/tera-40/3947-R+43455+2KLEU.html
HILOS,Tera 40,tera-40,BOBINA HILO MARRÓN TERA 40 400 MTS. C/3973,R-43455-06NJA,2.29,https://canodiy.es/tera-40/4009-R+43455+06NJA.html
HILOS,Tera 40,tera-40,BOBINA HILO MARRÓN TERA 40 400 MTS. C/4039,R-43455-Q9OII,2.29,https://canodiy.es/tera-40/3975-R+43455+Q9OII.html
HILOS,Tera 40,tera-40,BOBINA HILO MARRÓN TERA 40 400 MTS. C/4041,R-43455-IGFSY,2.29,https://canodiy.es/tera-40/3869-R+43455+IGFSY.html
HILOS,Tera 40,tera-40,BOBINA HILO MARRÓN TERA 40 400 MTS. C/5662,R-43455-GUSQI,2.29,https://canodiy.es/tera-40/3941-R+43455+GUSQI.html
HILOS,Tera 40,tera-40,BOBINA HILO MORADO OSCURO TERA 40 400 MTS. C/0032,R-43455-R4GTU,2.29,https://canodiy.es/tera-40/3903-R+43455+R4GTU.html
HILOS,Tera 40,tera-40,BOBINA HILO MORADO OSCURO TERA 40 400 MTS. C/0324,R-43455-LWTQF,2.29,https://canodiy.es/tera-40/3669-R+43455+LWTQF.html
HILOS,Tera 40,tera-40,BOBINA HILO MORADO TERA 40 1200 MTS. C/0732,R-43481-ZC5YC,6.54,https://canodiy.es/tera-40/3359-R+43481+ZC5YC.html
HILOS,Tera 40,tera-40,BOBINA HILO MORADO TERA 40 1200 MTS. C/3996,R-43508,6.54,https://canodiy.es/tera-40/574-R+43508.html
HILOS,Tera 40,tera-40,BOBINA HILO MORADO TERA 40 400 MTS. C/0130,R-43455-TOAEI,2.29,https://canodiy.es/tera-40/3847-R+43455+TOAEI.html
HILOS,Tera 40,tera-40,BOBINA HILO MORADO TERA 40 400 MTS. C/0575,R-43455-XZZJW,2.29,https://canodiy.es/tera-40/3953-R+43455+XZZJW.html
HILOS,Tera 40,tera-40,BOBINA HILO MORADO TERA 40 400 MTS. C/0732,R-43455-MNU6J,2.29,https://canodiy.es/tera-40/3692-R+43455+MNU6J.html
HILOS,Tera 40,tera-40,BOBINA HILO MORADO TERA 40/3 400 MTS. C/3996,R-43480,2.29,https://canodiy.es/tera-40/547-R+43480.html
HILOS,Tera 40,tera-40,BOBINA HILO MORADO VIOLETA TERA 40 1200 MTS. C/0247,R-43490,6.54,https://canodiy.es/tera-40/557-R+43490.html
HILOS,Tera 40,tera-40,BOBINA HILO MORADO VIOLETA TERA 40 400 MTS. C/0247,R-43464,2.29,https://canodiy.es/tera-40/531-R+43464.html
HILOS,Tera 40,tera-40,BOBINA HILO MSRRÓN TERA 40 1200 MTS. C/0444,R-43481-JD25D,6.54,https://canodiy.es/tera-40/4088-R+43481+JD25D.html
HILOS,Tera 40,tera-40,BOBINA HILO NARANJA FLUOR TERA 40 1200 MTS. C/3871,R-43506,6.54,https://canodiy.es/tera-40/572-R+43506.html
HILOS,Tera 40,tera-40,BOBINA HILO NARANJA FLUOR TERA 40 400 MTS. C/3871,R-43479,2.29,https://canodiy.es/tera-40/546-R+43479.html
HILOS,Tera 40,tera-40,BOBINA HILO NARANJA OSCURO TERA 40 400 MTS. C/7996,R-43455-OLUUN,2.29,https://canodiy.es/tera-40/3933-R+43455+OLUUN.html
HILOS,Tera 40,tera-40,BOBINA HILO NARANJA TERA 40 1200 MTS. C/0155,R-43481-NVO1B,6.54,https://canodiy.es/tera-40/4048-R+43481+NVO1B.html
HILOS,Tera 40,tera-40,BOBINA HILO NARANJA TERA 40 1200 MTS. C/0300,R-43481-GJT6L,6.54,https://canodiy.es/tera-40/4067-R+43481+GJT6L.html
HILOS,Tera 40,tera-40,BOBINA HILO NARANJA TERA 40 1200 MTS. C/0351,R-43493,6.54,https://canodiy.es/tera-40/560-R+43493.html
HILOS,Tera 40,tera-40,BOBINA HILO NARANJA TERA 40 1200 MTS. C/0589,R-43481-Y2AUS,6.54,https://canodiy.es/tera-40/4103-R+43481+Y2AUS.html
HILOS,Tera 40,tera-40,BOBINA HILO NARANJA TERA 40 1200 MTS. C/0932,R-43481-S4M8O,6.54,https://canodiy.es/tera-40/4169-R+43481+S4M8O.html
HILOS,Tera 40,tera-40,BOBINA HILO NARANJA TERA 40 1200 MTS. C/3995,R-43481-AZZUS,6.54,https://canodiy.es/tera-40/4193-R+43481+AZZUS.html
HILOS,Tera 40,tera-40,BOBINA HILO NARANJA TERA 40 400 MTS. C/0155,R-43455-YZ1J3,2.29,https://canodiy.es/tera-40/3901-R+43455+YZ1J3.html
HILOS,Tera 40,tera-40,BOBINA HILO NARANJA TERA 40 400 MTS. C/0300,R-43455-37MMK,2.29,https://canodiy.es/tera-40/3919-R+43455+37MMK.html
HILOS,Tera 40,tera-40,BOBINA HILO NARANJA TERA 40 400 MTS. C/0351,R-43467,2.29,https://canodiy.es/tera-40/534-R+43467.html
HILOS,Tera 40,tera-40,BOBINA HILO NARANJA TERA 40 400 MTS. C/0362,R-43455-HTEPR,2.29,https://canodiy.es/tera-40/4007-R+43455+HTEPR.html
HILOS,Tera 40,tera-40,BOBINA HILO NARANJA TERA 40 400 MTS. C/0589,R-43455-6JPKD,2.29,https://canodiy.es/tera-40/3849-R+43455+6JPKD.html
HILOS,Tera 40,tera-40,BOBINA HILO NARANJA TERA 40 400 MTS. C/0932,R-43455-GKJK5,2.29,https://canodiy.es/tera-40/3995-R+43455+GKJK5.html
HILOS,Tera 40,tera-40,BOBINA HILO NARANJA TERA 40 400 MTS. C/3995,R-43455-IQIOJ,2.29,https://canodiy.es/tera-40/3883-R+43455+IQIOJ.html
HILOS,Tera 40,tera-40,BOBINA HILO NEGRO TERA 40 1200 MTS. C/0000,R-43481,6.54,https://canodiy.es/tera-40/548-R+43481.html
HILOS,Tera 40,tera-40,BOBINA HILO NEGRO TERA 40 400 MTS. C/0000,R-43455,2.29,https://canodiy.es/tera-40/522-R+43455.html
HILOS,Tera 40,tera-40,BOBINA HILO ROJO BURDEOS TERA 40 1200 MTS. C/0221,R-43481-FECQW,6.54,https://canodiy.es/tera-40/4058-R+43481+FECQW.html
HILOS,Tera 40,tera-40,BOBINA HILO ROJO BURDEOS TERA 40 1200 MTS. C/0226,R-43481-P5CQS,6.54,https://canodiy.es/tera-40/4047-R+43481+P5CQS.html
HILOS,Tera 40,tera-40,BOBINA HILO ROJO BURDEOS TERA 40 1200 MTS. C/0368,R-43481-1Q1SV,6.54,https://canodiy.es/tera-40/4073-R+43481+1Q1SV.html
HILOS,Tera 40,tera-40,BOBINA HILO ROJO BURDEOS TERA 40 400 MTS. C/0174,R-43455-OSD8V,2.29,https://canodiy.es/tera-40/3664-R+43455+OSD8V.html
HILOS,Tera 40,tera-40,BOBINA HILO ROJO BURDEOS TERA 40 400 MTS. C/0221,R-43455-7G43K,2.29,https://canodiy.es/tera-40/3674-R+43455+7G43K.html
HILOS,Tera 40,tera-40,BOBINA HILO ROJO BURDEOS TERA 40 400 MTS. C/0226,R-43455-DREWP,2.29,https://canodiy.es/tera-40/3863-R+43455+DREWP.html
HILOS,Tera 40,tera-40,BOBINA HILO ROJO BURDEOS TERA 40 400 MTS. C/0368,R-43455-SECZM,2.29,https://canodiy.es/tera-40/4011-R+43455+SECZM.html
HILOS,Tera 40,tera-40,BOBINA HILO ROJO CAOBA TERA 40 1200 MTS. C/0837,R-43481-WVUWG,6.54,https://canodiy.es/tera-40/4151-R+43481+WVUWG.html
HILOS,Tera 40,tera-40,BOBINA HILO ROJO CAOBA TERA 40 400 MTS. C/0837,R-43455-SOWZW,2.29,https://canodiy.es/tera-40/3923-R+43455+SOWZW.html
HILOS,Tera 40,tera-40,BOBINA HILO ROJO FLUOR TERA 40 400 MTS. C/3722,R-43476,2.29,https://canodiy.es/tera-40/543-R+43476.html
HILOS,Tera 40,tera-40,BOBINA HILO ROJO TERA 40 1200 MTS. C/0012,R-43507,6.54,https://canodiy.es/tera-40/573-R+43507.html
HILOS,Tera 40,tera-40,BOBINA HILO ROJO TERA 40 1200 MTS. C/0156,R-43486,6.54,https://canodiy.es/tera-40/553-R+43486.html
HILOS,Tera 40,tera-40,BOBINA HILO ROJO TERA 40 400 MTS. C/0012,R-43455-6F6X2,2.29,https://canodiy.es/tera-40/3969-R+43455+6F6X2.html
HILOS,Tera 40,tera-40,BOBINA HILO ROJO TERA 40 400 MTS. C/0156,R-43460,2.29,https://canodiy.es/tera-40/527-R+43460.html
HILOS,Tera 40,tera-40,BOBINA HILO ROJO TERA 40 400 MTS. C/0367,R-43455-09PLC,2.29,https://canodiy.es/tera-40/3646-R+43455+09PLC.html
HILOS,Tera 40,tera-40,BOBINA HILO ROJO TERA 40 400 MTS. C/0383,R-43455-JVQIM,2.29,https://canodiy.es/tera-40/3867-R+43455+JVQIM.html
HILOS,Tera 40,tera-40,BOBINA HILO ROSA CLARO TERA 40 1200 MTS. C/0458,R-43481-L7HCD,6.54,https://canodiy.es/tera-40/3349-R+43481+L7HCD.html
HILOS,Tera 40,tera-40,BOBINA HILO ROSA CLARO TERA 40 1200 MTS. C/0658,R-43481-BVYOF,6.54,https://canodiy.es/tera-40/3355-R+43481+BVYOF.html
HILOS,Tera 40,tera-40,BOBINA HILO ROSA CLARO TERA 40 400 MTS. C/0458,R-43455-XN06S,2.29,https://canodiy.es/tera-40/3889-R+43455+XN06S.html
HILOS,Tera 40,tera-40,BOBINA HILO ROSA CLARO TERA 40 400 MTS. C/0658,R-43455-SJGHL,2.29,https://canodiy.es/tera-40/3702-R+43455+SJGHL.html
HILOS,Tera 40,tera-40,BOBINA HILO ROSA FUCSIA TERA 40 1200 MTS. C/0382,R-43494,6.54,https://canodiy.es/tera-40/561-R+43494.html
HILOS,Tera 40,tera-40,BOBINA HILO ROSA FUCSIA TERA 40 400 MTS. C/0382,R-43468,2.29,https://canodiy.es/tera-40/535-R+43468.html
HILOS,Tera 40,tera-40,BOBINA HILO ROSA OSCURO TERA 40 1200 MTS. C/0052,R-43481-KO8T0,6.54,https://canodiy.es/tera-40/4035-R+43481+KO8T0.html
HILOS,Tera 40,tera-40,BOBINA HILO ROSA OSCURO TERA 40 400 MTS. C/0052,R-43455-8AOQX,2.29,https://canodiy.es/tera-40/3871-R+43455+8AOQX.html
HILOS,Tera 40,tera-40,BOBINA HILO ROSA TERA 40 1200 MTS. C/0473,R-43481-FWPU4,6.54,https://canodiy.es/tera-40/3351-R+43481+FWPU4.html
HILOS,Tera 40,tera-40,BOBINA HILO ROSA TERA 40 400 MTS. C/0473,R-43455-SOYYL,2.29,https://canodiy.es/tera-40/3891-R+43455+SOYYL.html
HILOS,Tera 40,tera-40,BOBINA HILO TURQUESA TERA 40 1200 MTS. C/0715,R-43481-VMUFT,6.54,https://canodiy.es/tera-40/3357-R+43481+VMUFT.html
HILOS,Tera 40,tera-40,BOBINA HILO VERDE FLUOR TERA 40 1200 MTS. C/3836,R-43505,6.54,https://canodiy.es/tera-40/571-R+43505.html
HILOS,Tera 40,tera-40,BOBINA HILO VERDE FLUOR TERA 40 400 MTS. C/3836,R-43478,2.29,https://canodiy.es/tera-40/545-R+43478.html
HILOS,Tera 40,tera-40,BOBINA HILO VERDE KAKI TERA 40 1200 MTS. C/0269,R-43481-MQIHP,6.54,https://canodiy.es/tera-40/4065-R+43481+MQIHP.html
HILOS,Tera 40,tera-40,BOBINA HILO VERDE KAKI TERA 40 1200 MTS. C/0676,R-43481-FZ5VS,6.54,https://canodiy.es/tera-40/4133-R+43481+FZ5VS.html
HILOS,Tera 40,tera-40,BOBINA HILO VERDE KAKI TERA 40 400 MTS. C/0269,R-43455-NVXTI,2.29,https://canodiy.es/tera-40/4016-R+43455+NVXTI.html
HILOS,Tera 40,tera-40,BOBINA HILO VERDE KAKI TERA 40 400 MTS. C/0432,R-43455-WF9IS,2.29,https://canodiy.es/tera-40/3861-R+43455+WF9IS.html
HILOS,Tera 40,tera-40,BOBINA HILO VERDE KAKI TERA 40 400 MTS. C/0676,R-43455-2RMTC,2.29,https://canodiy.es/tera-40/3971-R+43455+2RMTC.html
HILOS,Tera 40,tera-40,BOBINA HILO VERDE OSCURO TERA 40 1200 MTS. C/0707,R-43481-ZZASP,6.54,https://canodiy.es/tera-40/4137-R+43481+ZZASP.html
HILOS,Tera 40,tera-40,BOBINA HILO VERDE OSCURO TERA 40 1200 MTS. C/0869,R-43481-ZMWEO,6.54,https://canodiy.es/tera-40/4159-R+43481+ZMWEO.html
HILOS,Tera 40,tera-40,BOBINA HILO VERDE OSCURO TERA 40 1200 MTS. C/6078,R-43481-PJJYF,6.54,https://canodiy.es/tera-40/4201-R+43481+PJJYF.html
HILOS,Tera 40,tera-40,BOBINA HILO VERDE OSCURO TERA 40 400 MTS. C/0707,R-43455-TCX8B,2.29,https://canodiy.es/tera-40/3917-R+43455+TCX8B.html
HILOS,Tera 40,tera-40,BOBINA HILO VERDE OSCURO TERA 40 400 MTS. C/0869,R-43455-4GGNV,2.29,https://canodiy.es/tera-40/3981-R+43455+4GGNV.html
HILOS,Tera 40,tera-40,BOBINA HILO VERDE OSCURO TERA 40 400 MTS. C/6078,R-43455-PJJZF,2.29,https://canodiy.es/tera-40/3913-R+43455+PJJZF.html
HILOS,Tera 40,tera-40,BOBINA HILO VERDE PISTACHO TERA 40 400 MTS. C/0615,R-43455-ZGBIM,2.29,https://canodiy.es/tera-40/3979-R+43455+ZGBIM.html
HILOS,Tera 40,tera-40,BOBINA HILO VERDE TERA 40 1200 MTS. C/0237,R-43489,6.54,https://canodiy.es/tera-40/556-R+43489.html
HILOS,Tera 40,tera-40,BOBINA HILO VERDE TERA 40 1200 MTS. C/0396,R-43481-RG8XI,6.54,https://canodiy.es/tera-40/4077-R+43481+RG8XI.html
HILOS,Tera 40,tera-40,BOBINA HILO VERDE TERA 40 1200 MTS. C/0597,R-43481-HILGO,6.54,https://canodiy.es/tera-40/4113-R+43481+HILGO.html
HILOS,Tera 40,tera-40,BOBINA HILO VERDE TERA 40 1200 MTS. C/0920,R-43481-YBVOM,6.54,https://canodiy.es/tera-40/4165-R+43481+YBVOM.html
HILOS,Tera 40,tera-40,BOBINA HILO VERDE TERA 40 1200 MTS. C/0925,R-43496,6.54,https://canodiy.es/tera-40/562-R+43496.html
HILOS,Tera 40,tera-40,BOBINA HILO VERDE TERA 40 1200 MTS. C/0931,R-43481-YEESM,6.54,https://canodiy.es/tera-40/4167-R+43481+YEESM.html
HILOS,Tera 40,tera-40,BOBINA HILO VERDE TERA 40 400 MTS. C/0153,R-43455-I3D2T,2.29,https://canodiy.es/tera-40/3921-R+43455+I3D2T.html
HILOS,Tera 40,tera-40,BOBINA HILO VERDE TERA 40 400 MTS. C/0237,R-43463,2.29,https://canodiy.es/tera-40/530-R+43463.html
HILOS,Tera 40,tera-40,BOBINA HILO VERDE TERA 40 400 MTS. C/0239,R-43455-0ARRT,2.29,https://canodiy.es/tera-40/3708-R+43455+0ARRT.html
HILOS,Tera 40,tera-40,BOBINA HILO VERDE TERA 40 400 MTS. C/0283,R-43455-B7FVO,2.29,https://canodiy.es/tera-40/3939-R+43455+B7FVO.html
HILOS,Tera 40,tera-40,BOBINA HILO VERDE TERA 40 400 MTS. C/0396,R-43469,2.29,https://canodiy.es/tera-40/536-R+43469.html
HILOS,Tera 40,tera-40,BOBINA HILO VERDE TERA 40 400 MTS. C/0585,R-43455-OPXEX,2.29,https://canodiy.es/tera-40/3712-R+43455+OPXEX.html
HILOS,Tera 40,tera-40,BOBINA HILO VERDE TERA 40 400 MTS. C/0597,R-43455-BRIG1,2.29,https://canodiy.es/tera-40/3985-R+43455+BRIG1.html
HILOS,Tera 40,tera-40,BOBINA HILO VERDE TERA 40 400 MTS. C/0914,R-43455-DNWQH,2.29,https://canodiy.es/tera-40/3363-R+43455+DNWQH.html
HILOS,Tera 40,tera-40,BOBINA HILO VERDE TERA 40 400 MTS. C/0920,R-43455-SP9LD,2.29,https://canodiy.es/tera-40/3865-R+43455+SP9LD.html
HILOS,Tera 40,tera-40,BOBINA HILO VERDE TERA 40 400 MTS. C/0925,R-43455-JVNFL,2.29,https://canodiy.es/tera-40/3959-R+43455+JVNFL.html
HILOS,Tera 40,tera-40,BOBINA HILO VERDE TERA 40 400 MTS. C/0931,R-43455-YLQS6,2.29,https://canodiy.es/tera-40/3929-R+43455+YLQS6.html
HILOS,Tera 40,tera-40,BOBINA HILO VERDE TURQUESA TERA 40 1200 MTS. C/0924,R-43481-7ZCO9,6.54,https://canodiy.es/tera-40/3361-R+43481+7ZCO9.html
HILOS,Tera 40,tera-40,BOBINA HILO VERDE TURQUESA TERA 40 400 MTS. C/0924,R-43455-ODAZR,2.29,https://canodiy.es/tera-40/3682-R+43455+ODAZR.html
HILOS,Tera 40,tera-40,CONO HILO NEGRO TERA 40/3 4000 MTS. C/0000,R-5374,19.54,https://canodiy.es/tera-40/7238-R+5374.html
HILOS,Tera 60,tera-60,BOBINA HILO AMARILLO DORADO TERA 60 600 MTS. C/0893,R-43509-BG8ZC,2.2,https://canodiy.es/tera-60/7001-R+43509+BG8ZC.html
HILOS,Tera 60,tera-60,BOBINA HILO AMARILLO DORADO TERA 60 600 MTS. C/0968,R-43510-6VXUY,2.4,https://canodiy.es/tera-60/4877-R+43510+6VXUY.html
HILOS,Tera 60,tera-60,BOBINA HILO AMARILLO FLUOR TERA 60 600 MTS. C/3835,R-43510-P0PMU,2.4,https://canodiy.es/tera-60/4879-R+43510+P0PMU.html
HILOS,Tera 60,tera-60,BOBINA HILO AMARILLO TERA 60 1800 MTS. C/0327,R-43546-SC4FQ,6.99,https://canodiy.es/tera-60/5733-R+43546+SC4FQ.html
HILOS,Tera 60,tera-60,BOBINA HILO AMARILLO TERA 60 600 MTS. C/0106,R-43513,2.4,https://canodiy.es/tera-60/579-R+43513.html
HILOS,Tera 60,tera-60,BOBINA HILO AMARILLO TERA 60 600 MTS. C/0327,R-43510-7TKOR,2.4,https://canodiy.es/tera-60/4881-R+43510+7TKOR.html
HILOS,Tera 60,tera-60,BOBINA HILO AMARILLO TERA 60 600 MTS. C/0415,R-43510-AJL3Z,2.4,https://canodiy.es/tera-60/4883-R+43510+AJL3Z.html
HILOS,Tera 60,tera-60,BOBINA HILO AMARILLO TERA 60 600 MTS. C/0416,R-43510-HAQFJ,2.4,https://canodiy.es/tera-60/4885-R+43510+HAQFJ.html
HILOS,Tera 60,tera-60,BOBINA HILO AZUL CELESTE TERA 60 1800 MTS. C/0276,R-43551,6.99,https://canodiy.es/tera-60/606-R+43551.html
HILOS,Tera 60,tera-60,BOBINA HILO AZUL CELESTE TERA 60 600 MTS. C/0276,R-43536,2.4,https://canodiy.es/tera-60/598-R+43536.html
HILOS,Tera 60,tera-60,BOBINA HILO AZUL CLARO TERA 60 600 MTS. C/0064,R-43510-AUHES,2.4,https://canodiy.es/tera-60/4887-R+43510+AUHES.html
HILOS,Tera 60,tera-60,BOBINA HILO AZUL MARINO OSCURO TERA 60 600 MTS. C/0665,R-43510-XM4TY,2.4,https://canodiy.es/tera-60/4889-R+43510+XM4TY.html
HILOS,Tera 60,tera-60,BOBINA HILO AZUL MARINO TERA 60 1800 MTS. C/0339,R-43546-B11WW,6.99,https://canodiy.es/tera-60/5737-R+43546+B11WW.html
HILOS,Tera 60,tera-60,BOBINA HILO AZUL MARINO TERA 60 1800 MTS. C/0665,R-43546-CTNQU,6.99,https://canodiy.es/tera-60/5761-R+43546+CTNQU.html
HILOS,Tera 60,tera-60,BOBINA HILO AZUL MARINO TERA 60 600 MTS. C/0339,R-43510-NEWKI,2.4,https://canodiy.es/tera-60/4893-R+43510+NEWKI.html
HILOS,Tera 60,tera-60,BOBINA HILO AZUL MARINO TERA 60 600 MTS. C/0387,R-43510-ACRWA,2.4,https://canodiy.es/tera-60/4895-R+43510+ACRWA.html
HILOS,Tera 60,tera-60,BOBINA HILO AZUL MARINO TERA 60 600 MTS. C/0593,R-43510-Y8QAJ,2.4,https://canodiy.es/tera-60/4891-R+43510+Y8QAJ.html
HILOS,Tera 60,tera-60,BOBINA HILO AZUL OSCURO TERA 60 1800 MTS. C/0013,R-43546-SYTGA,6.99,https://canodiy.es/tera-60/5717-R+43546+SYTGA.html
HILOS,Tera 60,tera-60,BOBINA HILO AZUL OSCURO TERA 60 1800 MTS. C/0312,R-43560,6.99,https://canodiy.es/tera-60/613-R+43560.html
HILOS,Tera 60,tera-60,BOBINA HILO AZUL OSCURO TERA 60 600 MTS. C/0013,R-43509-1F0C2,2.4,https://canodiy.es/tera-60/5009-R+43509+1F0C2.html
HILOS,Tera 60,tera-60,BOBINA HILO AZUL OSCURO TERA 60 600 MTS. C/0066,R-43512,2.4,https://canodiy.es/tera-60/578-R+43512.html
HILOS,Tera 60,tera-60,BOBINA HILO AZUL OSCURO TERA 60 600 MTS. C/0312,R-43523,2.4,https://canodiy.es/tera-60/586-R+43523.html
HILOS,Tera 60,tera-60,BOBINA HILO AZUL OSCURO TERA 60 600 MTS. C/0904,R-43509-RE1J8,2.4,https://canodiy.es/tera-60/5011-R+43509+RE1J8.html
HILOS,Tera 60,tera-60,BOBINA HILO AZUL TERA 60 1800 MTS. C/0232,R-43573,6.99,https://canodiy.es/tera-60/624-R+43573.html
HILOS,Tera 60,tera-60,BOBINA HILO AZUL TERA 60 1800 MTS. C/0386,R-43550,6.99,https://canodiy.es/tera-60/605-R+43550.html
HILOS,Tera 60,tera-60,BOBINA HILO AZUL TERA 60 600 MTS. C/0076,R-43509-DMWTS,2.4,https://canodiy.es/tera-60/5013-R+43509+DMWTS.html
HILOS,Tera 60,tera-60,BOBINA HILO AZUL TERA 60 600 MTS. C/0112,R-43509-7UMUD,2.4,https://canodiy.es/tera-60/5015-R+43509+7UMUD.html
HILOS,Tera 60,tera-60,BOBINA HILO AZUL TERA 60 600 MTS. C/0232,R-43509-KWOIQ,2.4,https://canodiy.es/tera-60/5017-R+43509+KWOIQ.html
HILOS,Tera 60,tera-60,BOBINA HILO AZUL TERA 60 600 MTS. C/0278,R-43522,2.4,https://canodiy.es/tera-60/585-R+43522.html
HILOS,Tera 60,tera-60,BOBINA HILO AZUL TERA 60 600 MTS. C/0385,R-43535,2.4,https://canodiy.es/tera-60/597-R+43535.html
HILOS,Tera 60,tera-60,BOBINA HILO AZUL TERA 60 600 MTS. C/0386,R-43534,2.4,https://canodiy.es/tera-60/596-R+43534.html
HILOS,Tera 60,tera-60,BOBINA HILO AZUL TERA 60 600 MTS. C/0761,R-43509-WTNF9,2.4,https://canodiy.es/tera-60/4906-R+43509+WTNF9.html
HILOS,Tera 60,tera-60,BOBINA HILO AZUL TERA 60 600 MTS. C/1471,R-43509-KAJQR,2.4,https://canodiy.es/tera-60/4908-R+43509+KAJQR.html
HILOS,Tera 60,tera-60,BOBINA HILO AZUL TURQUESA OSCURO TERA 60 600 MTS. C/0764,R-43509-ISJZM,2.4,https://canodiy.es/tera-60/4910-R+43509+ISJZM.html
HILOS,Tera 60,tera-60,BOBINA HILO AZUL TURQUESA TERA 60 1800 MTS. C/0332,R-43546-O5MHL,6.99,https://canodiy.es/tera-60/5735-R+43546+O5MHL.html
HILOS,Tera 60,tera-60,BOBINA HILO AZUL TURQUESA TERA 60 600 MTS. C/0715,R-43509-WSPKL,2.4,https://canodiy.es/tera-60/4912-R+43509+WSPKL.html
HILOS,Tera 60,tera-60,BOBINA HILO BEIG CLARO TERA 60 1800 MTS. C/0414,R-43574,6.99,https://canodiy.es/tera-60/625-R+43574.html
HILOS,Tera 60,tera-60,BOBINA HILO BEIG CLARO TERA 60 1800 MTS. C/3791,R-43546-IAWJL,6.99,https://canodiy.es/tera-60/5785-R+43546+IAWJL.html
HILOS,Tera 60,tera-60,BOBINA HILO BEIG CLARO TERA 60 1800 MTS. C/9444,R-43546-V2EEG,6.99,https://canodiy.es/tera-60/5791-R+43546+V2EEG.html
HILOS,Tera 60,tera-60,BOBINA HILO BEIG CLARO TERA 60 600 MTS. C/0414,R-43509-ZJQUH,2.4,https://canodiy.es/tera-60/4914-R+43509+ZJQUH.html
HILOS,Tera 60,tera-60,BOBINA HILO BEIG CLARO TERA 60 600 MTS. C/3791,R-43509-X0UGU,2.4,https://canodiy.es/tera-60/4916-R+43509+X0UGU.html
HILOS,Tera 60,tera-60,BOBINA HILO BEIG TERA 60 1800 MTS. C/0186,R-43554,6.99,https://canodiy.es/tera-60/609-R+43554.html
HILOS,Tera 60,tera-60,BOBINA HILO BEIG TERA 60 1800 MTS. C/0464,R-43546-6G68S,6.99,https://canodiy.es/tera-60/5749-R+43546+6G68S.html
HILOS,Tera 60,tera-60,BOBINA HILO BEIG TERA 60 1800 MTS. C/0868,R-43546-J2D41,6.99,https://canodiy.es/tera-60/5777-R+43546+J2D41.html
HILOS,Tera 60,tera-60,BOBINA HILO BEIG TERA 60 600 MTS. C/0131,R-43509-NMTTH,2.4,https://canodiy.es/tera-60/4918-R+43509+NMTTH.html
HILOS,Tera 60,tera-60,BOBINA HILO BEIG TERA 60 600 MTS. C/0186,R-43516,2.4,https://canodiy.es/tera-60/582-R+43516.html
HILOS,Tera 60,tera-60,BOBINA HILO BEIG TERA 60 600 MTS. C/0263,R-43509-RAJC7,2.4,https://canodiy.es/tera-60/4920-R+43509+RAJC7.html
HILOS,Tera 60,tera-60,BOBINA HILO BEIG TERA 60 600 MTS. C/0265,R-43509-AVLUE,2.4,https://canodiy.es/tera-60/4922-R+43509+AVLUE.html
HILOS,Tera 60,tera-60,BOBINA HILO BEIG TERA 60 600 MTS. C/0464,R-43509-6G8C6,2.4,https://canodiy.es/tera-60/4924-R+43509+6G8C6.html
HILOS,Tera 60,tera-60,BOBINA HILO BEIG TERA 60 600 MTS. C/0591,R-43509-L0NVY,2.4,https://canodiy.es/tera-60/4926-R+43509+L0NVY.html
HILOS,Tera 60,tera-60,BOBINA HILO BEIG TERA 60 600 MTS. C/0722,R-43509-TN8DK,2.4,https://canodiy.es/tera-60/4928-R+43509+TN8DK.html
HILOS,Tera 60,tera-60,BOBINA HILO BEIG TERA 60 600 MTS. C/0868,R-43509-HWQPE,2.4,https://canodiy.es/tera-60/4930-R+43509+HWQPE.html
HILOS,Tera 60,tera-60,BOBINA HILO BEIG TERA 60 600 MTS. C/1334,R-43509-HQBH9,2.4,https://canodiy.es/tera-60/4932-R+43509+HQBH9.html
HILOS,Tera 60,tera-60,BOBINA HILO BEIG TERA 60 600 MTS. C/6556,R-43509-PWXMK,2.4,https://canodiy.es/tera-60/4934-R+43509+PWXMK.html
HILOS,Tera 60,tera-60,BOBINA HILO BEIG TERA 60 600 MTS. C/9444,R-43509-CN23D,2.4,https://canodiy.es/tera-60/4936-R+43509+CN23D.html
HILOS,Tera 60,tera-60,BOBINA HILO BEIGE TERA 60 1800 MTS. C/0591,R-43546-AHIMN,6.99,https://canodiy.es/tera-60/5755-R+43546+AHIMN.html
HILOS,Tera 60,tera-60,BOBINA HILO BEIGE TERA 60 1800 MTS. C/1334,R-43546-YRHSK,6.99,https://canodiy.es/tera-60/5781-R+43546+YRHSK.html
HILOS,Tera 60,tera-60,BOBINA HILO BLANCO ROTO TERA 60 1800 MTS. C/0001,R-43547,6.99,https://canodiy.es/tera-60/603-R+43547.html
HILOS,Tera 60,tera-60,BOBINA HILO BLANCO ROTO TERA 60 1800 MTS. C/0111,R-43546-3CTGU,5.95,https://canodiy.es/tera-60/5723-R+43546+3CTGU.html
HILOS,Tera 60,tera-60,BOBINA HILO BLANCO ROTO TERA 60 600 MTS. C/0001,R-43510,2.4,https://canodiy.es/tera-60/576-R+43510.html
HILOS,Tera 60,tera-60,BOBINA HILO BLANCO ROTO TERA 60 600 MTS. C/0111,R-43509-IP98F,2.12,https://canodiy.es/tera-60/5019-R+43509+IP98F.html
HILOS,Tera 60,tera-60,BOBINA HILO BLANCO TERA 60 1800 MTS. C/0800,R-43571,5.96,https://canodiy.es/tera-60/622-R+43571.html
HILOS,Tera 60,tera-60,BOBINA HILO GRIS CLARO TERA 60 600 MTS. C/0299,R-43509-NW51T,2.4,https://canodiy.es/tera-60/5021-R+43509+NW51T.html
HILOS,Tera 60,tera-60,BOBINA HILO GRIS CLARO TERA 60 600 MTS. C/3969,R-43509-LZX1Z,2.4,https://canodiy.es/tera-60/5023-R+43509+LZX1Z.html
HILOS,Tera 60,tera-60,BOBINA HILO GRIS OSCURO TERA 60 600 MTS. C/0036,R-43509-WZYGR,2.4,https://canodiy.es/tera-60/5025-R+43509+WZYGR.html
HILOS,Tera 60,tera-60,BOBINA HILO GRIS OSCURO TERA 60 600 MTS. C/1116,R-43509-HM2RE,2.4,https://canodiy.es/tera-60/5027-R+43509+HM2RE.html
HILOS,Tera 60,tera-60,BOBINA HILO GRIS TERA 60 1800 MTS. C/0035,R-43546-AKJVF,6.99,https://canodiy.es/tera-60/5719-R+43546+AKJVF.html
HILOS,Tera 60,tera-60,BOBINA HILO GRIS TERA 60 1800 MTS. C/0036,R-43546-OYBEL,6.99,https://canodiy.es/tera-60/5721-R+43546+OYBEL.html
HILOS,Tera 60,tera-60,BOBINA HILO GRIS TERA 60 1800 MTS. C/0038,R-43548,6.99,https://canodiy.es/tera-60/604-R+43548.html
HILOS,Tera 60,tera-60,BOBINA HILO GRIS TERA 60 1800 MTS. C/0122,R-43546-MUHOG,6.99,https://canodiy.es/tera-60/5725-R+43546+MUHOG.html
HILOS,Tera 60,tera-60,BOBINA HILO GRIS TERA 60 1800 MTS. C/0634,R-43546-6CXLA,6.99,https://canodiy.es/tera-60/5757-R+43546+6CXLA.html
HILOS,Tera 60,tera-60,BOBINA HILO GRIS TERA 60 1800 MTS. C/0701,R-43569,6.99,https://canodiy.es/tera-60/620-R+43569.html
HILOS,Tera 60,tera-60,BOBINA HILO GRIS TERA 60 600 MTS. C/0035,R-43509-WJJKQ,2.4,https://canodiy.es/tera-60/5029-R+43509+WJJKQ.html
HILOS,Tera 60,tera-60,BOBINA HILO GRIS TERA 60 600 MTS. C/0038,R-43511,2.4,https://canodiy.es/tera-60/577-R+43511.html
HILOS,Tera 60,tera-60,BOBINA HILO GRIS TERA 60 600 MTS. C/0122,R-43509-PY2VE,2.4,https://canodiy.es/tera-60/5031-R+43509+PY2VE.html
HILOS,Tera 60,tera-60,BOBINA HILO GRIS TERA 60 600 MTS. C/0495,R-43509-U9PCP,2.4,https://canodiy.es/tera-60/5033-R+43509+U9PCP.html
HILOS,Tera 60,tera-60,BOBINA HILO GRIS TERA 60 600 MTS. C/0634,R-43509-QMOBS,2.4,https://canodiy.es/tera-60/5035-R+43509+QMOBS.html
HILOS,Tera 60,tera-60,BOBINA HILO GRIS TERA 60 600 MTS. C/2613,R-43509-QMOBS-47PTB,2.4,https://canodiy.es/tera-60/5038-R+43509+QMOBS+47PTB.html
HILOS,Tera 60,tera-60,BOBINA HILO LILA TERA 60 600 MTS. C/0656,R-43509-011ZE,2.4,https://canodiy.es/tera-60/5040-R+43509+011ZE.html
HILOS,Tera 60,tera-60,BOBINA HILO MARRÓN ARENA TERA 60 1800 MTS. C/6298,R-43546-RBY0B,6.99,https://canodiy.es/tera-60/5789-R+43546+RBY0B.html
HILOS,Tera 60,tera-60,BOBINA HILO MARRÓN ARENA TERA 60 600 MTS. C/6298,R-43509-UC1CH,2.4,https://canodiy.es/tera-60/5042-R+43509+UC1CH.html
HILOS,Tera 60,tera-60,BOBINA HILO MARRÓN CAOBA TERA 60 1800 MTS. C/0448,R-43575,6.99,https://canodiy.es/tera-60/626-R+43575.html
HILOS,Tera 60,tera-60,BOBINA HILO MARRÓN CAOBA TERA 60 1800 MTS. C/0649,R-43546-UXZJ2,6.99,https://canodiy.es/tera-60/5759-R+43546+UXZJ2.html
HILOS,Tera 60,tera-60,BOBINA HILO MARRÓN CAOBA TERA 60 1800 MTS. C/0650,R-43567,6.99,https://canodiy.es/tera-60/618-R+43567.html
HILOS,Tera 60,tera-60,BOBINA HILO MARRÓN CAOBA TERA 60 600 MTS. C/0227,R-43509-LAP3L,2.4,https://canodiy.es/tera-60/5044-R+43509+LAP3L.html
HILOS,Tera 60,tera-60,BOBINA HILO MARRÓN CAOBA TERA 60 600 MTS. C/0448,R-43509-4HIVJ,2.4,https://canodiy.es/tera-60/5046-R+43509+4HIVJ.html
HILOS,Tera 60,tera-60,BOBINA HILO MARRÓN CAOBA TERA 60 600 MTS. C/0649,R-43509-F5CEY,2.4,https://canodiy.es/tera-60/5049-R+43509+F5CEY.html
HILOS,Tera 60,tera-60,BOBINA HILO MARRÓN CAOBA TERA 60 600 MTS. C/0934,R-43509-HRAES,2.4,https://canodiy.es/tera-60/5048-R+43509+HRAES.html
HILOS,Tera 60,tera-60,BOBINA HILO MARRÓN CAOBA TERA 60 600 MTS. C/1879,R-43509-3EWNC,2.4,https://canodiy.es/tera-60/5051-R+43509+3EWNC.html
HILOS,Tera 60,tera-60,BOBINA HILO MARRÓN CLARO TERA 60 1800 MTS. C/0215,R-43546-FLTDA,6.99,https://canodiy.es/tera-60/5729-R+43546+FLTDA.html
HILOS,Tera 60,tera-60,BOBINA HILO MARRÓN CLARO TERA 60 600 MTS. C/0160,R-43509-2RCC4,2.4,https://canodiy.es/tera-60/5053-R+43509+2RCC4.html
HILOS,Tera 60,tera-60,BOBINA HILO MARRÓN CLARO TERA 60 600 MTS. C/5643,R-43509-5WOCO,2.4,https://canodiy.es/tera-60/5055-R+43509+5WOCO.html
HILOS,Tera 60,tera-60,BOBINA HILO MARRÓN OSCURO TERA 60 1800 MTS. C/0175,R-43572,6.99,https://canodiy.es/tera-60/623-R+43572.html
HILOS,Tera 60,tera-60,BOBINA HILO MARRÓN OSCURO TERA 60 1800 MTS. C/0682,R-43546-HSQL7,6.99,https://canodiy.es/tera-60/5767-R+43546+HSQL7.html
HILOS,Tera 60,tera-60,BOBINA HILO MARRÓN OSCURO TERA 60 1800 MTS. C/0696,R-43546-7JSL9,6.99,https://canodiy.es/tera-60/5769-R+43546+7JSL9.html
HILOS,Tera 60,tera-60,BOBINA HILO MARRÓN OSCURO TERA 60 1800 MTS. C/1213,R-43546-BMRMF,6.99,https://canodiy.es/tera-60/5779-R+43546+BMRMF.html
HILOS,Tera 60,tera-60,BOBINA HILO MARRÓN OSCURO TERA 60 600 MTS. C/0682,R-43509-HE0LP,2.4,https://canodiy.es/tera-60/5057-R+43509+HE0LP.html
HILOS,Tera 60,tera-60,BOBINA HILO MARRÓN OSCURO TERA 60 600 MTS. C/0696,R-43509-VRJ8O,2.4,https://canodiy.es/tera-60/5059-R+43509+VRJ8O.html
HILOS,Tera 60,tera-60,BOBINA HILO MARRÓN OSCURO TERA 60 600 MTS. C/1213,R-43509-WPXT0,2.4,https://canodiy.es/tera-60/5061-R+43509+WPXT0.html
HILOS,Tera 60,tera-60,BOBINA HILO MARRÓN OSCURO TERA 60 600 MTS. C/5662,R-43509-FUMFO,2.4,https://canodiy.es/tera-60/5063-R+43509+FUMFO.html
HILOS,Tera 60,tera-60,BOBINA HILO MARRÓN OSCURO TERA 60 600 MTS. C/8399,R-43509-M0U6D,2.4,https://canodiy.es/tera-60/5065-R+43509+M0U6D.html
HILOS,Tera 60,tera-60,BOBINA HILO MARRÓN TERA 60 1800 MTS. C/0160,R-43546-GKU9O,6.99,https://canodiy.es/tera-60/5727-R+43546+GKU9O.html
HILOS,Tera 60,tera-60,BOBINA HILO MARRÓN TERA 60 1800 MTS. C/0181,R-43553,6.99,https://canodiy.es/tera-60/608-R+43553.html
HILOS,Tera 60,tera-60,BOBINA HILO MARRÓN TERA 60 1800 MTS. C/0216,R-43546-JJOPI,6.99,https://canodiy.es/tera-60/5731-R+43546+JJOPI.html
HILOS,Tera 60,tera-60,BOBINA HILO MARRÓN TERA 60 1800 MTS. C/0439,R-43566,6.99,https://canodiy.es/tera-60/617-R+43566.html
HILOS,Tera 60,tera-60,BOBINA HILO MARRÓN TERA 60 1800 MTS. C/0443,R-43546-OAXAJ,6.99,https://canodiy.es/tera-60/5743-R+43546+OAXAJ.html
HILOS,Tera 60,tera-60,BOBINA HILO MARRÓN TERA 60 1800 MTS. C/0450,R-43546-1ECGF,6.99,https://canodiy.es/tera-60/5745-R+43546+1ECGF.html
HILOS,Tera 60,tera-60,BOBINA HILO MARRÓN TERA 60 1800 MTS. C/0452,R-43546-XSCHJ,6.99,https://canodiy.es/tera-60/5747-R+43546+XSCHJ.html
HILOS,Tera 60,tera-60,BOBINA HILO MARRÓN TERA 60 1800 MTS. C/0673,R-43546-QAW3Z,6.99,https://canodiy.es/tera-60/5763-R+43546+QAW3Z.html
HILOS,Tera 60,tera-60,BOBINA HILO MARRÓN TERA 60 1800 MTS. C/0724,R-43570,6.99,https://canodiy.es/tera-60/621-R+43570.html
HILOS,Tera 60,tera-60,BOBINA HILO MARRÓN TERA 60 1800 MTS. C/0772,R-43546-NVOZA,6.99,https://canodiy.es/tera-60/5773-R+43546+NVOZA.html
HILOS,Tera 60,tera-60,BOBINA HILO MARRÓN TERA 60 1800 MTS. C/0831,R-43546-LGFOI,6.99,https://canodiy.es/tera-60/5775-R+43546+LGFOI.html
HILOS,Tera 60,tera-60,BOBINA HILO MARRÓN TERA 60 1800 MTS. C/0842,R-43558,6.99,https://canodiy.es/tera-60/612-R+43558.html
HILOS,Tera 60,tera-60,BOBINA HILO MARRÓN TERA 60 600 MTS. C/0124,R-43509-8MTRR,2.4,https://canodiy.es/tera-60/5069-R+43509+8MTRR.html
HILOS,Tera 60,tera-60,BOBINA HILO MARRÓN TERA 60 600 MTS. C/0172,R-43509-EINXJ,2.4,https://canodiy.es/tera-60/5071-R+43509+EINXJ.html
HILOS,Tera 60,tera-60,BOBINA HILO MARRÓN TERA 60 600 MTS. C/0181,R-43515,2.4,https://canodiy.es/tera-60/581-R+43515.html
HILOS,Tera 60,tera-60,BOBINA HILO MARRÓN TERA 60 600 MTS. C/0208,R-43509-U24V8,2.4,https://canodiy.es/tera-60/5073-R+43509+U24V8.html
HILOS,Tera 60,tera-60,BOBINA HILO MARRÓN TERA 60 600 MTS. C/0215,R-43509-IFFVG,2.4,https://canodiy.es/tera-60/5074-R+43509+IFFVG.html
HILOS,Tera 60,tera-60,BOBINA HILO MARRÓN TERA 60 600 MTS. C/0216,R-43509-AMSQQ,2.4,https://canodiy.es/tera-60/5076-R+43509+AMSQQ.html
HILOS,Tera 60,tera-60,BOBINA HILO MARRÓN TERA 60 600 MTS. C/0438,R-43509-6PF4B,2.4,https://canodiy.es/tera-60/5067-R+43509+6PF4B.html
HILOS,Tera 60,tera-60,BOBINA HILO MARRÓN TERA 60 600 MTS. C/0439,R-43526,2.4,https://canodiy.es/tera-60/588-R+43526.html
HILOS,Tera 60,tera-60,BOBINA HILO MARRÓN TERA 60 600 MTS. C/0443,R-43509-FIPVZ,2.4,https://canodiy.es/tera-60/5078-R+43509+FIPVZ.html
HILOS,Tera 60,tera-60,BOBINA HILO MARRÓN TERA 60 600 MTS. C/0444,R-43509-V3JQE,2.4,https://canodiy.es/tera-60/5080-R+43509+V3JQE.html
HILOS,Tera 60,tera-60,BOBINA HILO MARRÓN TERA 60 600 MTS. C/0450,R-43509-7TRAC,2.4,https://canodiy.es/tera-60/5082-R+43509+7TRAC.html
HILOS,Tera 60,tera-60,BOBINA HILO MARRÓN TERA 60 600 MTS. C/0452,R-43509-PP7OQ,2.4,https://canodiy.es/tera-60/5084-R+43509+PP7OQ.html
HILOS,Tera 60,tera-60,BOBINA HILO MARRÓN TERA 60 600 MTS. C/0673,R-43509-2HHSE,2.4,https://canodiy.es/tera-60/5163-R+43509+2HHSE.html
HILOS,Tera 60,tera-60,BOBINA HILO MARRÓN TERA 60 600 MTS. C/0767,R-43509-GPGNL,2.4,https://canodiy.es/tera-60/5086-R+43509+GPGNL.html
HILOS,Tera 60,tera-60,BOBINA HILO MARRÓN TERA 60 600 MTS. C/0772,R-43509-ZE2X9,2.4,https://canodiy.es/tera-60/5088-R+43509+ZE2X9.html
HILOS,Tera 60,tera-60,BOBINA HILO MARRÓN TERA 60 600 MTS. C/0780,R-43509-D4LZR,2.4,https://canodiy.es/tera-60/5090-R+43509+D4LZR.html
HILOS,Tera 60,tera-60,BOBINA HILO MARRÓN TERA 60 600 MTS. C/0816,R-43509-KXRSM,2.4,https://canodiy.es/tera-60/5092-R+43509+KXRSM.html
HILOS,Tera 60,tera-60,BOBINA HILO MARRÓN TERA 60 600 MTS. C/0831,R-43509-SOWXR,2.4,https://canodiy.es/tera-60/5094-R+43509+SOWXR.html
HILOS,Tera 60,tera-60,BOBINA HILO MARRÓN TERA 60 600 MTS. C/0842,R-43509-NSMPD,2.4,https://canodiy.es/tera-60/5096-R+43509+NSMPD.html
HILOS,Tera 60,tera-60,BOBINA HILO MARRÓN TERA 60 600 MTS. C/0969,R-43509-VPXVH,2.4,https://canodiy.es/tera-60/5098-R+43509+VPXVH.html
HILOS,Tera 60,tera-60,BOBINA HILO MARRÓN TERA 60 600 MTS. C/3041,R-43509-Y7EC3,2.4,https://canodiy.es/tera-60/5101-R+43509+Y7EC3.html
HILOS,Tera 60,tera-60,BOBINA HILO MARRÓN TERA 60 600 MTS. C/4039,R-43509-UCY8A,2.4,https://canodiy.es/tera-60/5103-R+43509+UCY8A.html
HILOS,Tera 60,tera-60,BOBINA HILO MARRÓN TERA 60 600 MTS. C/4041,R-43509-YPFGD,2.4,https://canodiy.es/tera-60/5105-R+43509+YPFGD.html
HILOS,Tera 60,tera-60,BOBINA HILO MORADO TERA 60 1800 MTS. C/3996,R-43576,6.99,https://canodiy.es/tera-60/627-R+43576.html
HILOS,Tera 60,tera-60,BOBINA HILO MORADO TERA 60 600 MTS. C/0130,R-43509-89HCT,2.4,https://canodiy.es/tera-60/5107-R+43509+89HCT.html
HILOS,Tera 60,tera-60,BOBINA HILO MORADO TERA 60 600 MTS. C/0324,R-43509-WWTZU,2.4,https://canodiy.es/tera-60/5109-R+43509+WWTZU.html
HILOS,Tera 60,tera-60,BOBINA HILO MORADO TERA 60 600 MTS. C/0575,R-43509-FLUIQ,2.4,https://canodiy.es/tera-60/5113-R+43509+FLUIQ.html
HILOS,Tera 60,tera-60,BOBINA HILO MORADO TERA 60 600 MTS. C/0732,R-43509-TDASV,2.4,https://canodiy.es/tera-60/5115-R+43509+TDASV.html
HILOS,Tera 60,tera-60,BOBINA HILO MORADO TERA 60 600 MTS. C/0810,R-43509-DUSX0,2.4,https://canodiy.es/tera-60/5117-R+43509+DUSX0.html
HILOS,Tera 60,tera-60,BOBINA HILO MORADO TERA 60 600 MTS. C/3996,R-43509-6VM69,2.4,https://canodiy.es/tera-60/5111-R+43509+6VM69.html
HILOS,Tera 60,tera-60,BOBINA HILO MORADO VIOLETA TERA 60 1800 MTS. C/0247,R-43557,6.99,https://canodiy.es/tera-60/611-R+43557.html
HILOS,Tera 60,tera-60,BOBINA HILO MORADO VIOLETA TERA 60 600 MTS. C/0247,R-43521,2.4,https://canodiy.es/tera-60/584-R+43521.html
HILOS,Tera 60,tera-60,BOBINA HILO NARANJA FLUOR TERA 60 600 MTS. C/3871,R-43509-FMTGH,2.4,https://canodiy.es/tera-60/5119-R+43509+FMTGH.html
HILOS,Tera 60,tera-60,BOBINA HILO NARANJA TERA 60 1800 MTS. C/0351,R-43562,6.99,https://canodiy.es/tera-60/614-R+43562.html
HILOS,Tera 60,tera-60,BOBINA HILO NARANJA TERA 60 600 MTS. C/0155,R-43509-MG60F,2.4,https://canodiy.es/tera-60/5121-R+43509+MG60F.html
HILOS,Tera 60,tera-60,BOBINA HILO NARANJA TERA 60 600 MTS. C/0300,R-43509-EDY8L,2.4,https://canodiy.es/tera-60/5123-R+43509+EDY8L.html
HILOS,Tera 60,tera-60,BOBINA HILO NARANJA TERA 60 600 MTS. C/0351,R-43537,2.4,https://canodiy.es/tera-60/599-R+43537.html
HILOS,Tera 60,tera-60,BOBINA HILO NARANJA TERA 60 600 MTS. C/0362,R-43509-BZAE3,2.4,https://canodiy.es/tera-60/5125-R+43509+BZAE3.html
HILOS,Tera 60,tera-60,BOBINA HILO NARANJA TERA 60 600 MTS. C/0589,R-43509-KVPFD,2.4,https://canodiy.es/tera-60/5127-R+43509+KVPFD.html
HILOS,Tera 60,tera-60,BOBINA HILO NARANJA TERA 60 600 MTS. C/0932,R-43509-NTNX0,2.4,https://canodiy.es/tera-60/5129-R+43509+NTNX0.html
HILOS,Tera 60,tera-60,BOBINA HILO NARANJA TERA 60 600 MTS. C/3995,R-43509-MAOWZ,2.4,https://canodiy.es/tera-60/5131-R+43509+MAOWZ.html
HILOS,Tera 60,tera-60,BOBINA HILO NEGRO TERA 60 1800 MTS. C/0000,R-43546,6.99,https://canodiy.es/tera-60/602-R+43546.html
HILOS,Tera 60,tera-60,BOBINA HILO NEGRO TERA 60 600 MTS. C/0000,R-43509,2.4,https://canodiy.es/tera-60/575-R+43509.html
HILOS,Tera 60,tera-60,BOBINA HILO ROJO BURDEOS TERA 60 1800 MTS. C/0368,R-43546-Y0JQC,6.99,https://canodiy.es/tera-60/5739-R+43546+Y0JQC.html
HILOS,Tera 60,tera-60,BOBINA HILO ROJO BURDEOS TERA 60 600 MTS. C/0226,R-43509-VDCRN,2.4,https://canodiy.es/tera-60/5135-R+43509+VDCRN.html
HILOS,Tera 60,tera-60,BOBINA HILO ROJO BURDEOS TERA 60 600 MTS. C/0367,R-43509-FNUNC,2.4,https://canodiy.es/tera-60/5137-R+43509+FNUNC.html
HILOS,Tera 60,tera-60,BOBINA HILO ROJO BURDEOS TERA 60 600 MTS. C/0368,R-43509-9C3LU,2.4,https://canodiy.es/tera-60/5139-R+43509+9C3LU.html
HILOS,Tera 60,tera-60,BOBINA HILO ROJO FLUOR TERA 60 1800 MTS. C/3722,R-43546-GF9ID,6.99,https://canodiy.es/tera-60/5783-R+43546+GF9ID.html
HILOS,Tera 60,tera-60,BOBINA HILO ROJO TERA 60 1800 MTS. C/0012,R-43568,6.99,https://canodiy.es/tera-60/619-R+43568.html
HILOS,Tera 60,tera-60,BOBINA HILO ROJO TERA 60 1800 MTS. C/0156,R-43552,6.99,https://canodiy.es/tera-60/607-R+43552.html
HILOS,Tera 60,tera-60,BOBINA HILO ROJO TERA 60 600 MTS. C/0012,R-43509-TXWKH,2.4,https://canodiy.es/tera-60/5141-R+43509+TXWKH.html
HILOS,Tera 60,tera-60,BOBINA HILO ROJO TERA 60 600 MTS. C/0156,R-43514,2.4,https://canodiy.es/tera-60/580-R+43514.html
HILOS,Tera 60,tera-60,BOBINA HILO ROJO TERA 60 600 MTS. C/0221,R-43509-AN0MZ,2.4,https://canodiy.es/tera-60/5133-R+43509+AN0MZ.html
HILOS,Tera 60,tera-60,BOBINA HILO ROSA CLARO TERA 60 600 MTS. C/0458,R-43509-SL14Y,2.4,https://canodiy.es/tera-60/5145-R+43509+SL14Y.html
HILOS,Tera 60,tera-60,BOBINA HILO ROSA CLARO TERA 60 600 MTS. C/0458,R-43509-0IHSC,2.4,https://canodiy.es/tera-60/5143-R+43509+0IHSC.html
HILOS,Tera 60,tera-60,BOBINA HILO ROSA FUCSIA TERA 60 1800 MTS. C/0382,R-43564,6.99,https://canodiy.es/tera-60/615-R+43564.html
HILOS,Tera 60,tera-60,BOBINA HILO ROSA FUCSIA TERA 60 600 MTS. C/0382,R-43524,2.4,https://canodiy.es/tera-60/600-R+43524.html
HILOS,Tera 60,tera-60,BOBINA HILO ROSA OSCURO TERA 60 600 MTS. C/0052,R-43509-AXWQL,2.4,https://canodiy.es/tera-60/5147-R+43509+AXWQL.html
HILOS,Tera 60,tera-60,BOBINA HILO ROSA TERA 60 1800 MTS. C/0473,R-43546-AJOAE,6.99,https://canodiy.es/tera-60/5751-R+43546+AJOAE.html
HILOS,Tera 60,tera-60,BOBINA HILO ROSA TERA 60 600 MTS. C/0473,R-43509-R4GSS,2.4,https://canodiy.es/tera-60/5151-R+43509+R4GSS.html
HILOS,Tera 60,tera-60,BOBINA HILO VERDE  TERA 60 600 MTS. C/0237,R-43520,2.4,https://canodiy.es/tera-60/583-R+43520.html
HILOS,Tera 60,tera-60,BOBINA HILO VERDE FLUOR TERA 60 1800 MTS. C/3836,R-43546-JMT7J,6.99,https://canodiy.es/tera-60/5787-R+43546+JMT7J.html
HILOS,Tera 60,tera-60,BOBINA HILO VERDE FLUOR TERA 60 600 MTS. C/3836,R-43509-FUKGU,2.4,https://canodiy.es/tera-60/5155-R+43509+FUKGU.html
HILOS,Tera 60,tera-60,BOBINA HILO VERDE KAKI TERA 60 1800 MTS. C/0432,R-43546-YLNOU,6.99,https://canodiy.es/tera-60/5741-R+43546+YLNOU.html
HILOS,Tera 60,tera-60,BOBINA HILO VERDE KAKI TERA 60 1800 MTS. C/0676,R-43546-VUKGF,6.99,https://canodiy.es/tera-60/5765-R+43546+VUKGF.html
HILOS,Tera 60,tera-60,BOBINA HILO VERDE KAKI TERA 60 600 MTS. C/0269,R-43509-SPHX5,2.4,https://canodiy.es/tera-60/5161-R+43509+SPHX5.html
HILOS,Tera 60,tera-60,BOBINA HILO VERDE KAKI TERA 60 600 MTS. C/0432,R-43509-VF8L2,2.4,https://canodiy.es/tera-60/5157-R+43509+VF8L2.html
HILOS,Tera 60,tera-60,BOBINA HILO VERDE KAKI TERA 60 600 MTS. C/0676,R-43509-VF7IS,2.4,https://canodiy.es/tera-60/5159-R+43509+VF7IS.html
HILOS,Tera 60,tera-60,BOBINA HILO VERDE OSCURO TERA 60 1800 MTS. C/0707,R-43546-TOYWG,6.99,https://canodiy.es/tera-60/5771-R+43546+TOYWG.html
HILOS,Tera 60,tera-60,BOBINA HILO VERDE OSCURO TERA 60 600 MTS. C/0707,R-43509-PTJIN,2.4,https://canodiy.es/tera-60/5165-R+43509+PTJIN.html
HILOS,Tera 60,tera-60,BOBINA HILO VERDE TERA 60 1800 MTS. C/0237,R-43556,6.99,https://canodiy.es/tera-60/610-R+43556.html
HILOS,Tera 60,tera-60,BOBINA HILO VERDE TERA 60 1800 MTS. C/0396,R-43565,6.99,https://canodiy.es/tera-60/616-R+43565.html
HILOS,Tera 60,tera-60,BOBINA HILO VERDE TERA 60 1800 MTS. C/0585,R-43546-PEC5T,6.99,https://canodiy.es/tera-60/5753-R+43546+PEC5T.html
HILOS,Tera 60,tera-60,BOBINA HILO VERDE TERA 60 600 MTS. C/0396,R-43525,2.4,https://canodiy.es/tera-60/587-R+43525.html
HILOS,Tera 80,tera-80,BOBINA HILO AMARILLO DORADO TERA 80/ 800 MTS. C/0968,R-43254-PBQVU,2.49,https://canodiy.es/tera-80/4800-R+43254+PBQVU.html
HILOS,Tera 80,tera-80,BOBINA HILO AMARILLO FLUOR TERA 80 800 MTS. C/3835,R-43299,2.49,https://canodiy.es/tera-80/390-R+43299.html
HILOS,Tera 80,tera-80,BOBINA HILO AMARILLO TERA 80 800 MTS. C/0106,R-43258,2.49,https://canodiy.es/tera-80/372-R+43258.html
HILOS,Tera 80,tera-80,BOBINA HILO AMARILLO TERA 80/ 800 MTS. C/0327,R-43254-FZB7E,2.49,https://canodiy.es/tera-80/4671-R+43254+FZB7E.html
HILOS,Tera 80,tera-80,BOBINA HILO AMARILLO TERA 80/ 800 MTS. C/0415,R-43254-PM4ES,2.49,https://canodiy.es/tera-80/4698-R+43254+PM4ES.html
HILOS,Tera 80,tera-80,BOBINA HILO AMARILLO TERA 80/ 800 MTS. C/0416,R-43254-CAQPN,2.49,https://canodiy.es/tera-80/4700-R+43254+CAQPN.html
HILOS,Tera 80,tera-80,BOBINA HILO AZUL CELESTE TERA 80/ 800 MTS. C/0276,R-43254-ZO4U1,2.49,https://canodiy.es/tera-80/4661-R+43254+ZO4U1.html
HILOS,Tera 80,tera-80,BOBINA HILO AZUL CLARO TERA 80/ 800 MTS. C/0064,R-43254-DGG0D,2.49,https://canodiy.es/tera-80/4614-R+43254+DGG0D.html
HILOS,Tera 80,tera-80,BOBINA HILO AZUL MARINO OSCURO TERA 80/ 800 MTS. C/0665,R-43254-RLQCT,2.49,https://canodiy.es/tera-80/4742-R+43254+RLQCT.html
HILOS,Tera 80,tera-80,BOBINA HILO AZUL MARINO TERA 80 800 MTS. C/0593,R-43254-KHFXK,2.49,https://canodiy.es/tera-80/4730-R+43254+KHFXK.html
HILOS,Tera 80,tera-80,BOBINA HILO AZUL MARINO TERA 80/ 800 MTS. C/0339,R-43254-BRIEV,2.49,https://canodiy.es/tera-80/4673-R+43254+BRIEV.html
HILOS,Tera 80,tera-80,BOBINA HILO AZUL MARINO TERA 80/ 800 MTS. C/0387,R-43254-WVUWG,2.49,https://canodiy.es/tera-80/4694-R+43254+WVUWG.html
HILOS,Tera 80,tera-80,BOBINA HILO AZUL OSCURO TERA 80 800 MTS. C/0066,R-43257,2.49,https://canodiy.es/tera-80/371-R+43257.html
HILOS,Tera 80,tera-80,BOBINA HILO AZUL OSCURO TERA 80/ 800 MTS. C/0013,R-43254-LJHYH,2.49,https://canodiy.es/tera-80/4606-R+43254+LJHYH.html
HILOS,Tera 80,tera-80,BOBINA HILO AZUL OSCURO TERA 80/ 800 MTS. C/0904,R-43254-NAXDQ,2.49,https://canodiy.es/tera-80/4784-R+43254+NAXDQ.html
HILOS,Tera 80,tera-80,BOBINA HILO AZUL OSCURO TERA 80/3 800 MTS. C/0312,R-43279,2.49,https://canodiy.es/tera-80/379-R+43279.html
HILOS,Tera 80,tera-80,BOBINA HILO AZUL TERA 80 800 MTS. C/0278,R-43278,2.49,https://canodiy.es/tera-80/378-R+43278.html
HILOS,Tera 80,tera-80,BOBINA HILO AZUL TERA 80/ 800 MTS. C/0076,R-43254-QUVIF,2.49,https://canodiy.es/tera-80/4616-R+43254+QUVIF.html
HILOS,Tera 80,tera-80,BOBINA HILO AZUL TERA 80/ 800 MTS. C/0112,R-43254-UCYAC,2.49,https://canodiy.es/tera-80/4620-R+43254+UCYAC.html
HILOS,Tera 80,tera-80,BOBINA HILO AZUL TERA 80/ 800 MTS. C/0232,R-43254-AF1QI,2.49,https://canodiy.es/tera-80/4651-R+43254+AF1QI.html
HILOS,Tera 80,tera-80,BOBINA HILO AZUL TERA 80/ 800 MTS. C/0385,R-43254-B2DLQ,2.49,https://canodiy.es/tera-80/4690-R+43254+B2DLQ.html
HILOS,Tera 80,tera-80,BOBINA HILO AZUL TERA 80/ 800 MTS. C/0386,R-43254-ESCOT,2.49,https://canodiy.es/tera-80/4692-R+43254+ESCOT.html
HILOS,Tera 80,tera-80,BOBINA HILO AZUL TERA 80/ 800 MTS. C/0761,R-43254-LQD91,2.49,https://canodiy.es/tera-80/4762-R+43254+LQD91.html
HILOS,Tera 80,tera-80,BOBINA HILO AZUL TERA 80/ 800 MTS. C/1471,R-43254-SQ9IW,2.49,https://canodiy.es/tera-80/4814-R+43254+SQ9IW.html
HILOS,Tera 80,tera-80,BOBINA HILO AZUL TURQUESA OSCURO TERA 80/ 800 MTS. C/0764,R-43254-UQCOI,2.49,https://canodiy.es/tera-80/4764-R+43254+UQCOI.html
HILOS,Tera 80,tera-80,BOBINA HILO AZUL TURQUESA TERA 80/ 800 MTS. C/0715,R-43254-YWXZM,2.49,https://canodiy.es/tera-80/4754-R+43254+YWXZM.html
HILOS,Tera 80,tera-80,BOBINA HILO BEIG CLARO TERA 80/ 800 MTS. C/0414,R-43254-5FFO1,2.49,https://canodiy.es/tera-80/4696-R+43254+5FFO1.html
HILOS,Tera 80,tera-80,BOBINA HILO BEIG CLARO TERA 80/ 800 MTS. C/3791,R-43254-LO0UB,2.49,https://canodiy.es/tera-80/4822-R+43254+LO0UB.html
HILOS,Tera 80,tera-80,BOBINA HILO BEIG TERA 80 800 MTS. C/0186,R-43266,2.49,https://canodiy.es/tera-80/375-R+43266.html
HILOS,Tera 80,tera-80,BOBINA HILO BEIG TERA 80/ 800 MTS. C/0131,R-43254-G8JRT,2.49,https://canodiy.es/tera-80/4628-R+43254+G8JRT.html
HILOS,Tera 80,tera-80,BOBINA HILO BEIG TERA 80/ 800 MTS. C/0263,R-43254-MYY4B,2.49,https://canodiy.es/tera-80/4655-R+43254+MYY4B.html
HILOS,Tera 80,tera-80,BOBINA HILO BEIG TERA 80/ 800 MTS. C/0265,R-43254-JNUFD,2.49,https://canodiy.es/tera-80/4657-R+43254+JNUFD.html
HILOS,Tera 80,tera-80,BOBINA HILO BEIG TERA 80/ 800 MTS. C/0464,R-43254-8EDE6,2.49,https://canodiy.es/tera-80/4718-R+43254+8EDE6.html
HILOS,Tera 80,tera-80,BOBINA HILO BEIG TERA 80/ 800 MTS. C/0591,R-43254-5JLDT,2.49,https://canodiy.es/tera-80/4728-R+43254+5JLDT.html
HILOS,Tera 80,tera-80,BOBINA HILO BEIG TERA 80/ 800 MTS. C/0722,R-43254-XQBFL,2.49,https://canodiy.es/tera-80/4756-R+43254+XQBFL.html
HILOS,Tera 80,tera-80,BOBINA HILO BEIG TERA 80/ 800 MTS. C/0868,R-43254-XJORA,2.49,https://canodiy.es/tera-80/4780-R+43254+XJORA.html
HILOS,Tera 80,tera-80,BOBINA HILO BEIG TERA 80/ 800 MTS. C/1334,R-43254-T5M5H,2.49,https://canodiy.es/tera-80/4812-R+43254+T5M5H.html
HILOS,Tera 80,tera-80,BOBINA HILO BEIG TERA 80/ 800 MTS. C/6556,R-43254-OKVQ4,2.49,https://canodiy.es/tera-80/4838-R+43254+OKVQ4.html
HILOS,Tera 80,tera-80,BOBINA HILO BEIG TERA 80/ 800 MTS. C/9444,R-43254-8CRZM,2.49,https://canodiy.es/tera-80/4844-R+43254+8CRZM.html
HILOS,Tera 80,tera-80,BOBINA HILO BLANCO ROTO TERA 80 800 MTS. C/0001,R-43255,2.49,https://canodiy.es/tera-80/369-R+43255.html
HILOS,Tera 80,tera-80,BOBINA HILO BLANCO ROTO TERA 80/ 800 MTS. C/0111,R-43254-NAXDR,2.26,https://canodiy.es/tera-80/4618-R+43254+NAXDR.html
HILOS,Tera 80,tera-80,BOBINA HILO BLANCO TERA 80 800 MTS. C/0800,R-43297,2.26,https://canodiy.es/tera-80/388-R+43297.html
HILOS,Tera 80,tera-80,BOBINA HILO GRIS CLARO TERA 80/ 800 MTS. C/0299,R-43254-IQGOO,2.49,https://canodiy.es/tera-80/4665-R+43254+IQGOO.html
HILOS,Tera 80,tera-80,BOBINA HILO GRIS CLARO TERA 80/ 800 MTS. C/3969,R-43254-3WXUZ,2.49,https://canodiy.es/tera-80/4826-R+43254+3WXUZ.html
HILOS,Tera 80,tera-80,BOBINA HILO GRIS OSCURO TERA 80/ 800 MTS. C/0036,R-43254-M6NQI,2.49,https://canodiy.es/tera-80/4610-R+43254+M6NQI.html
HILOS,Tera 80,tera-80,BOBINA HILO GRIS OSCURO TERA 80/ 800 MTS. C/1116,R-43254-IZYDX,2.49,https://canodiy.es/tera-80/4804-R+43254+IZYDX.html
HILOS,Tera 80,tera-80,BOBINA HILO GRIS TERA 80 800 MTS. C/0038,R-43256,2.49,https://canodiy.es/tera-80/370-R+43256.html
HILOS,Tera 80,tera-80,BOBINA HILO GRIS TERA 80 800 MTS. C/0701,R-43292,2.49,https://canodiy.es/tera-80/386-R+43292.html
HILOS,Tera 80,tera-80,BOBINA HILO GRIS TERA 80/ 800 MTS. C/0035,R-43254-5G8C7,2.49,https://canodiy.es/tera-80/4608-R+43254+5G8C7.html
HILOS,Tera 80,tera-80,BOBINA HILO GRIS TERA 80/ 800 MTS. C/0122,R-43254-OLUTJ,2.49,https://canodiy.es/tera-80/4622-R+43254+OLUTJ.html
HILOS,Tera 80,tera-80,BOBINA HILO GRIS TERA 80/ 800 MTS. C/0495,R-43254-JBYQ4,2.49,https://canodiy.es/tera-80/4722-R+43254+JBYQ4.html
HILOS,Tera 80,tera-80,BOBINA HILO GRIS TERA 80/ 800 MTS. C/0634,R-43254-0EEE4,2.49,https://canodiy.es/tera-80/4734-R+43254+0EEE4.html
HILOS,Tera 80,tera-80,BOBINA HILO GRIS TERA 80/ 800 MTS. C/2613,R-43254-BWP7Z,2.49,https://canodiy.es/tera-80/4818-R+43254+BWP7Z.html
HILOS,Tera 80,tera-80,BOBINA HILO LILA TERA 80/ 800 MTS. C/0656,R-43254-VLTEV,2.49,https://canodiy.es/tera-80/4736-R+43254+VLTEV.html
HILOS,Tera 80,tera-80,BOBINA HILO MARRÓN ARENA TERA 80/ 800 MTS. C/6298,R-43254-U481L,2.49,https://canodiy.es/tera-80/4840-R+43254+U481L.html
HILOS,Tera 80,tera-80,BOBINA HILO MARRÓN CAOBA TERA 80 800 MTS. C/0650,R-43287,2.49,https://canodiy.es/tera-80/384-R+43287.html
HILOS,Tera 80,tera-80,BOBINA HILO MARRÓN CAOBA TERA 80/ 800 MTS. C/0227,R-43254-PSQ5I,2.49,https://canodiy.es/tera-80/4649-R+43254+PSQ5I.html
HILOS,Tera 80,tera-80,BOBINA HILO MARRÓN CAOBA TERA 80/ 800 MTS. C/0448,R-43254-OHHPF,2.49,https://canodiy.es/tera-80/4710-R+43254+OHHPF.html
HILOS,Tera 80,tera-80,BOBINA HILO MARRÓN CAOBA TERA 80/ 800 MTS. C/0649,R-43254-GGFXJ,2.49,https://canodiy.es/tera-80/4740-R+43254+GGFXJ.html
HILOS,Tera 80,tera-80,BOBINA HILO MARRÓN CAOBA TERA 80/ 800 MTS. C/0934,R-43254-ZPGGB,2.49,https://canodiy.es/tera-80/4798-R+43254+ZPGGB.html
HILOS,Tera 80,tera-80,BOBINA HILO MARRÓN CAOBA TERA 80/ 800 MTS. C/1879,R-43254-CSLKE,2.49,https://canodiy.es/tera-80/4816-R+43254+CSLKE.html
HILOS,Tera 80,tera-80,BOBINA HILO MARRÓN CLARO TERA 80/ 800 MTS. C/0160,R-43254-VNWLE,2.49,https://canodiy.es/tera-80/4633-R+43254+VNWLE.html
HILOS,Tera 80,tera-80,BOBINA HILO MARRÓN CLARO TERA 80/ 800 MTS. C/5643,R-43254-0M3C9,2.49,https://canodiy.es/tera-80/4834-R+43254+0M3C9.html
HILOS,Tera 80,tera-80,BOBINA HILO MARRÓN OSCURO TERA 80 800 MTS. C/0697,R-43289,2.49,https://canodiy.es/tera-80/385-R+43289.html
HILOS,Tera 80,tera-80,BOBINA HILO MARRÓN OSCURO TERA 80/ 800 MTS. C/0175,R-43254-9N7LW,2.49,https://canodiy.es/tera-80/4637-R+43254+9N7LW.html
HILOS,Tera 80,tera-80,BOBINA HILO MARRÓN OSCURO TERA 80/ 800 MTS. C/0682,R-43254-VE2CE,2.49,https://canodiy.es/tera-80/4748-R+43254+VE2CE.html
HILOS,Tera 80,tera-80,BOBINA HILO MARRÓN OSCURO TERA 80/ 800 MTS. C/0696,R-43254-YG6HS,2.49,https://canodiy.es/tera-80/4750-R+43254+YG6HS.html
HILOS,Tera 80,tera-80,BOBINA HILO MARRÓN OSCURO TERA 80/ 800 MTS. C/1213,R-43254-MOAT7,2.26,https://canodiy.es/tera-80/4808-R+43254+MOAT7.html
HILOS,Tera 80,tera-80,BOBINA HILO MARRÓN OSCURO TERA 80/ 800 MTS. C/5662,R-43254-E37YW,2.49,https://canodiy.es/tera-80/4836-R+43254+E37YW.html
HILOS,Tera 80,tera-80,BOBINA HILO MARRÓN OSCURO TERA 80/ 800 MTS. C/8399,R-43254-BNWUU,2.49,https://canodiy.es/tera-80/4842-R+43254+BNWUU.html
HILOS,Tera 80,tera-80,BOBINA HILO MARRÓN TERA 80 800 MTS. C/0181,R-43265,2.49,https://canodiy.es/tera-80/374-R+43265.html
HILOS,Tera 80,tera-80,BOBINA HILO MARRÓN TERA 80 800 MTS. C/0438,R-43254-CUS1I,2.49,https://canodiy.es/tera-80/4704-R+43254+CUS1I.html
HILOS,Tera 80,tera-80,BOBINA HILO MARRÓN TERA 80 800 MTS. C/0439,R-43285,2.49,https://canodiy.es/tera-80/383-R+43285.html
HILOS,Tera 80,tera-80,BOBINA HILO MARRÓN TERA 80 800 MTS. C/0724,R-43296,2.49,https://canodiy.es/tera-80/387-R+43296.html
HILOS,Tera 80,tera-80,BOBINA HILO MARRÓN TERA 80/ 800 MTS. C/0124,R-43254-TCRNP,2.49,https://canodiy.es/tera-80/4624-R+43254+TCRNP.html
HILOS,Tera 80,tera-80,BOBINA HILO MARRÓN TERA 80/ 800 MTS. C/0172,R-43254-3AOXO,2.49,https://canodiy.es/tera-80/4635-R+43254+3AOXO.html
HILOS,Tera 80,tera-80,BOBINA HILO MARRÓN TERA 80/ 800 MTS. C/0208,R-43254-9Q8O5,2.49,https://canodiy.es/tera-80/4639-R+43254+9Q8O5.html
HILOS,Tera 80,tera-80,BOBINA HILO MARRÓN TERA 80/ 800 MTS. C/0215,R-43254-EZ2SJ,2.49,https://canodiy.es/tera-80/4641-R+43254+EZ2SJ.html
HILOS,Tera 80,tera-80,BOBINA HILO MARRÓN TERA 80/ 800 MTS. C/0216,R-43254-IEFVG,2.49,https://canodiy.es/tera-80/4643-R+43254+IEFVG.html
HILOS,Tera 80,tera-80,BOBINA HILO MARRÓN TERA 80/ 800 MTS. C/0443,R-43254-3VTJ1,2.49,https://canodiy.es/tera-80/4706-R+43254+3VTJ1.html
HILOS,Tera 80,tera-80,BOBINA HILO MARRÓN TERA 80/ 800 MTS. C/0444,R-43254-MFZXS,2.49,https://canodiy.es/tera-80/4708-R+43254+MFZXS.html
HILOS,Tera 80,tera-80,BOBINA HILO MARRÓN TERA 80/ 800 MTS. C/0450,R-43254-VB11N,2.49,https://canodiy.es/tera-80/4712-R+43254+VB11N.html
HILOS,Tera 80,tera-80,BOBINA HILO MARRÓN TERA 80/ 800 MTS. C/0452,R-43254-6MRVD,2.49,https://canodiy.es/tera-80/4714-R+43254+6MRVD.html
HILOS,Tera 80,tera-80,BOBINA HILO MARRÓN TERA 80/ 800 MTS. C/0673,R-43254-FVNOM,2.49,https://canodiy.es/tera-80/4744-R+43254+FVNOM.html
HILOS,Tera 80,tera-80,BOBINA HILO MARRÓN TERA 80/ 800 MTS. C/0767,R-43254-SPZBI,2.49,https://canodiy.es/tera-80/4766-R+43254+SPZBI.html
HILOS,Tera 80,tera-80,BOBINA HILO MARRÓN TERA 80/ 800 MTS. C/0772,R-43254-TTG4I,2.49,https://canodiy.es/tera-80/4768-R+43254+TTG4I.html
HILOS,Tera 80,tera-80,BOBINA HILO MARRÓN TERA 80/ 800 MTS. C/0780,R-43254-S1ZRW,2.26,https://canodiy.es/tera-80/4770-R+43254+S1ZRW.html
HILOS,Tera 80,tera-80,BOBINA HILO MARRÓN TERA 80/ 800 MTS. C/0816,R-43254-OTLQG,2.49,https://canodiy.es/tera-80/4774-R+43254+OTLQG.html
HILOS,Tera 80,tera-80,BOBINA HILO MARRÓN TERA 80/ 800 MTS. C/0831,R-43254-UQGX7,2.49,https://canodiy.es/tera-80/4776-R+43254+UQGX7.html
HILOS,Tera 80,tera-80,BOBINA HILO MARRÓN TERA 80/ 800 MTS. C/0842,R-43254-XTTSA,2.49,https://canodiy.es/tera-80/4778-R+43254+XTTSA.html
HILOS,Tera 80,tera-80,BOBINA HILO MARRÓN TERA 80/ 800 MTS. C/0969,R-43254-6CTEL,2.49,https://canodiy.es/tera-80/4802-R+43254+6CTEL.html
HILOS,Tera 80,tera-80,BOBINA HILO MARRÓN TERA 80/ 800 MTS. C/1293,R-43254-GKR6S,2.49,https://canodiy.es/tera-80/4810-R+43254+GKR6S.html
HILOS,Tera 80,tera-80,BOBINA HILO MARRÓN TERA 80/ 800 MTS. C/3041,R-43254-GHOPI,2.49,https://canodiy.es/tera-80/4820-R+43254+GHOPI.html
HILOS,Tera 80,tera-80,BOBINA HILO MARRÓN TERA 80/ 800 MTS. C/3830,R-43254-FIQW6,2.49,https://canodiy.es/tera-80/4824-R+43254+FIQW6.html
HILOS,Tera 80,tera-80,BOBINA HILO MARRÓN TERA 80/ 800 MTS. C/4039,R-43254-VZB9W,2.49,https://canodiy.es/tera-80/4830-R+43254+VZB9W.html
HILOS,Tera 80,tera-80,BOBINA HILO MARRÓN TERA 80/ 800 MTS. C/4041,R-43254-72DTK,2.49,https://canodiy.es/tera-80/4832-R+43254+72DTK.html
HILOS,Tera 80,tera-80,BOBINA HILO MORADO OSCURO TERA 80/ 800 MTS. C/0130,R-43254-5IPFQ,2.49,https://canodiy.es/tera-80/4626-R+43254+5IPFQ.html
HILOS,Tera 80,tera-80,BOBINA HILO MORADO OSCURO TERA 80/ 800 MTS. C/0324,R-43254-YBZSU,2.49,https://canodiy.es/tera-80/4669-R+43254+YBZSU.html
HILOS,Tera 80,tera-80,BOBINA HILO MORADO OSCURO TERA 80/ 800 MTS. C/0759,R-43254-BMUNC,2.49,https://canodiy.es/tera-80/4760-R+43254+BMUNC.html
HILOS,Tera 80,tera-80,BOBINA HILO MORADO TERA 80 800 MTS. C/3996,R-43304,2.49,https://canodiy.es/tera-80/393-R+43304.html
HILOS,Tera 80,tera-80,BOBINA HILO MORADO TERA 80/ 800 MTS. C/0575,R-43254-YCYVB,2.49,https://canodiy.es/tera-80/4724-R+43254+YCYVB.html
HILOS,Tera 80,tera-80,BOBINA HILO MORADO TERA 80/ 800 MTS. C/0732,R-43254-Y7PZW,2.49,https://canodiy.es/tera-80/4758-R+43254+Y7PZW.html
HILOS,Tera 80,tera-80,BOBINA HILO MORADO TERA 80/ 800 MTS. C/0810,R-43254-ITKYF,2.49,https://canodiy.es/tera-80/4772-R+43254+ITKYF.html
HILOS,Tera 80,tera-80,BOBINA HILO NARANJA FLUOR TERA 80 800 MTS. C/3871,R-43301,2.49,https://canodiy.es/tera-80/392-R+43301.html
HILOS,Tera 80,tera-80,BOBINA HILO NARANJA TERA 80 800 MTS. C/0351,R-43280,2.49,https://canodiy.es/tera-80/380-R+43280.html
HILOS,Tera 80,tera-80,BOBINA HILO NARANJA TERA 80/ 800 MTS. C/0155,R-43254-03LBL,2.49,https://canodiy.es/tera-80/4631-R+43254+03LBL.html
HILOS,Tera 80,tera-80,BOBINA HILO NARANJA TERA 80/ 800 MTS. C/0300,R-43254-CE2IJ,2.49,https://canodiy.es/tera-80/4667-R+43254+CE2IJ.html
HILOS,Tera 80,tera-80,BOBINA HILO NARANJA TERA 80/ 800 MTS. C/0362,R-43254-IDVQD,2.49,https://canodiy.es/tera-80/4675-R+43254+IDVQD.html
HILOS,Tera 80,tera-80,BOBINA HILO NARANJA TERA 80/ 800 MTS. C/0589,R-43254-Y4D3E,2.49,https://canodiy.es/tera-80/4726-R+43254+Y4D3E.html
HILOS,Tera 80,tera-80,BOBINA HILO NARANJA TERA 80/ 800 MTS. C/0932,R-43254-JASCX,2.49,https://canodiy.es/tera-80/4796-R+43254+JASCX.html
HILOS,Tera 80,tera-80,BOBINA HILO NARANJA TERA 80/ 800 MTS. C/3995,R-43254-FQGVG,2.49,https://canodiy.es/tera-80/4828-R+43254+FQGVG.html
HILOS,Tera 80,tera-80,BOBINA HILO NEGRO TERA 80/ 800 MTS. C/0000,R-43254,2.49,https://canodiy.es/tera-80/368-R+43254.html
HILOS,Tera 80,tera-80,BOBINA HILO ROJO BURDEOS TERA 80/ 800 MTS. C/0221,R-43254-ZWRKD,2.49,https://canodiy.es/tera-80/4645-R+43254+ZWRKD.html
HILOS,Tera 80,tera-80,BOBINA HILO ROJO BURDEOS TERA 80/ 800 MTS. C/0226,R-43254-FRJ5Y,2.49,https://canodiy.es/tera-80/4647-R+43254+FRJ5Y.html
HILOS,Tera 80,tera-80,BOBINA HILO ROJO BURDEOS TERA 80/ 800 MTS. C/0367,R-43254-BBSYI,2.49,https://canodiy.es/tera-80/4677-R+43254+BBSYI.html
HILOS,Tera 80,tera-80,BOBINA HILO ROJO BURDEOS TERA 80/ 800 MTS. C/0368,R-43254-SZXMI,2.49,https://canodiy.es/tera-80/4688-R+43254+SZXMI.html
HILOS,Tera 80,tera-80,BOBINA HILO ROJO FLUOR TERA 80 800 MTS. C/3722,R-43298,2.49,https://canodiy.es/tera-80/389-R+43298.html
HILOS,Tera 80,tera-80,BOBINA HILO ROJO TERA 80 800 MTS. C/0156,R-43262,2.49,https://canodiy.es/tera-80/373-R+43262.html
HILOS,Tera 80,tera-80,BOBINA HILO ROJO TERA 80/ 800 MTS. C/0012,R-43254-KIRO7,2.49,https://canodiy.es/tera-80/4604-R+43254+KIRO7.html
HILOS,Tera 80,tera-80,BOBINA HILO ROSA CLARO TERA 80/ 800 MTS. C/0458,R-43254-9MW2N,2.49,https://canodiy.es/tera-80/4716-R+43254+9MW2N.html
HILOS,Tera 80,tera-80,BOBINA HILO ROSA CLARO TERA 80/ 800 MTS. C/0658,R-43254-UG6QR,2.49,https://canodiy.es/tera-80/4738-R+43254+UG6QR.html
HILOS,Tera 80,tera-80,BOBINA HILO ROSA FUCSIA TERA 80 800 MTS. C/0382,R-43281,2.49,https://canodiy.es/tera-80/381-R+43281.html
HILOS,Tera 80,tera-80,BOBINA HILO ROSA OSCURO TERA 80/ 800 MTS. C/0052,R-43254-GR0CP,2.49,https://canodiy.es/tera-80/4612-R+43254+GR0CP.html
HILOS,Tera 80,tera-80,BOBINA HILO ROSA TERA 80/ 800 MTS. C/0473,R-43254-EXWJS,2.49,https://canodiy.es/tera-80/4720-R+43254+EXWJS.html
HILOS,Tera 80,tera-80,BOBINA HILO VERDE FLUOR TERA 80 800 MTS. C/3836,R-43300,2.49,https://canodiy.es/tera-80/391-R+43300.html
HILOS,Tera 80,tera-80,BOBINA HILO VERDE KAKI TERA 80 800 MTS. C/0432,R-43254-NSLSR,2.49,https://canodiy.es/tera-80/4702-R+43254+NSLSR.html
HILOS,Tera 80,tera-80,BOBINA HILO VERDE KAKI TERA 80 800 MTS. C/0676,R-43254-7LTU9,2.49,https://canodiy.es/tera-80/4746-R+43254+7LTU9.html
HILOS,Tera 80,tera-80,BOBINA HILO VERDE KAKI TERA 80/ 800 MTS. C/0269,R-43254-8ZDLO,2.49,https://canodiy.es/tera-80/4659-R+43254+8ZDLO.html
HILOS,Tera 80,tera-80,BOBINA HILO VERDE OSCURO TERA 80/ 800 MTS. C/0707,R-43254-6AYGK,2.49,https://canodiy.es/tera-80/4752-R+43254+6AYGK.html
HILOS,Tera 80,tera-80,BOBINA HILO VERDE OSCURO TERA 80/ 800 MTS. C/0869,R-43254-Z2E7N,2.49,https://canodiy.es/tera-80/4782-R+43254+Z2E7N.html
HILOS,Tera 80,tera-80,BOBINA HILO VERDE PISTACHO TERA 80/ 800 MTS. C/0615,R-43254-PM3DP,2.49,https://canodiy.es/tera-80/4732-R+43254+PM3DP.html
HILOS,Tera 80,tera-80,BOBINA HILO VERDE TERA 80 800 MTS. C/0237,R-43271,2.49,https://canodiy.es/tera-80/376-R+43271.html
HILOS,Tera 80,tera-80,BOBINA HILO VERDE TERA 80 800 MTS. C/0396,R-43282,2.49,https://canodiy.es/tera-80/382-R+43282.html
HILOS,Tera 80,tera-80,BOBINA HILO VERDE TERA 80/ 800 MTS. C/0239,R-43254-IVVVS,2.49,https://canodiy.es/tera-80/4653-R+43254+IVVVS.html
HILOS,Tera 80,tera-80,BOBINA HILO VERDE TERA 80/ 800 MTS. C/0283,R-43254-QY0DL,2.49,https://canodiy.es/tera-80/4663-R+43254+QY0DL.html
HILOS,Tera 80,tera-80,BOBINA HILO VERDE TERA 80/ 800 MTS. C/0914,R-43254-6HBIN,2.49,https://canodiy.es/tera-80/4786-R+43254+6HBIN.html
HILOS,Tera 80,tera-80,BOBINA HILO VERDE TERA 80/ 800 MTS. C/0920,R-43254-NF545,2.49,https://canodiy.es/tera-80/4788-R+43254+NF545.html
HILOS,Tera 80,tera-80,BOBINA HILO VERDE TERA 80/ 800 MTS. C/0925,R-43254-Z7IG7,2.49,https://canodiy.es/tera-80/4792-R+43254+Z7IG7.html
HILOS,Tera 80,tera-80,BOBINA HILO VERDE TERA 80/ 800 MTS. C/0931,R-43254-GKR9V,2.49,https://canodiy.es/tera-80/4794-R+43254+GKR9V.html
HILOS,Tera 80,tera-80,BOBINA HILO VERDE TURQUESA TERA 80/ 800 MTS. C/0924,R-43254-A9QMD,2.49,https://canodiy.es/tera-80/4790-R+43254+A9QMD.html
HILOS,Tera 80,tera-80,BOBINA HILO VIOLETA TERA 80 800 MTS. C/0247,R-43277,2.49,https://canodiy.es/tera-80/377-R+43277.html
HILOS,Técnicos,tecnicos,BOBINA HILO POLIAMIDA NEGRO ZWILON 60/3 1800 MTS. C/0000,R-62717,6.12,https://canodiy.es/tecnicos/7372-R+62717.html
HILOS,Técnicos,tecnicos,BOBINA HILO POLIAMIDA ROJO ZWILON 60/3 1800 MTS. C/0156,R-62717-1IQKC,6.12,https://canodiy.es/tecnicos/7377-R+62717+1IQKC.html
HILOS,Técnicos,tecnicos,CONO HILO BLANCO SOLBOND 30/3 2500 MTS. C/ 0111,R-36550,17.1,https://canodiy.es/tecnicos/7140-R+36550.html
HILOS,Técnicos,tecnicos,CONO HILO MARINO OSCURO SOLBOND 10/3 1000 MTS. C/ 9356,R-60316,18.11,https://canodiy.es/tecnicos/7098-R+60316.html
HILOS,Técnicos,tecnicos,CONO HILO NEGRO SOLBOND 20/3 1500 MTS. C/ 9527,R-50988,15.23,https://canodiy.es/tecnicos/5458-R+50988.html
HILOS,Técnicos,tecnicos,CONO HILO NEGRO SOLBOND 30/3 2500 MTS. C/ 9527,R-49519,17.1,https://canodiy.es/tecnicos/7071-R+49519.html
HILOS,Técnicos,tecnicos,CONO HILO POLIAMIDA NEGRO AMIFIL 20/3 1000 MTS. C/ 4000,R-47256,6.48,https://canodiy.es/tecnicos/6412-R+47256.html
HILOS,Yute,yute,BOBINA CORDEL YUTE REF. 6/2 CABOS (800 GRS),R-1029,12.81,https://canodiy.es/yute/1309-R+1029-9999999000478.html
LABORES Y COSTURA,LABORES Y COSTURA,labores-y-costura,A-PAQUETE DE 50 HOJAS PAPEL SEDA 50X70 BLANCO,R-67976,7.99,https://canodiy.es/labores-y-costura/9627-R+67976.html
LABORES Y COSTURA,LABORES Y COSTURA,labores-y-costura,ALFILETERO DE MUÑECA LAZO 745016.000.0000,R-53567,2.21,https://canodiy.es/labores-y-costura/4854-R+53567-9999999021855.html
LABORES Y COSTURA,LABORES Y COSTURA,labores-y-costura,CAJA DE 100 ALFILERES CON CABEZA DE COLORES,R-44185,2.81,https://canodiy.es/labores-y-costura/5264-R+44185-9999999030062.html
LABORES Y COSTURA,LABORES Y COSTURA,labores-y-costura,CANILLA METÁLICA 15X1 803225.000.0000,R-53568,0.19,https://canodiy.es/labores-y-costura/4855-R+53568-9999999010057.html
LABORES Y COSTURA,LABORES Y COSTURA,labores-y-costura,CINTA METRICA DE FIBRA VIDRIO 1.5MTS. 845000.000.0001,R-53569,2.1,https://canodiy.es/labores-y-costura/4853-R+53569-9999999007675.html
LABORES Y COSTURA,LABORES Y COSTURA,labores-y-costura,CINTA TERMOADHESIVA PARA DOBLADILLOS SIN COSER   3 CM x 10 METROS,R-68345,5.4,https://canodiy.es/labores-y-costura/9656-R+68345-4008015770457.html
LABORES Y COSTURA,LABORES Y COSTURA,labores-y-costura,CINTA TERMOADHESIVA PARA DOBLADILLOS SIN COSER 2 CM x 25 METROS,R-68487,7.21,https://canodiy.es/labores-y-costura/9713-R+68487-4008015770464.html
LABORES Y COSTURA,LABORES Y COSTURA,labores-y-costura,DEDAL ERGONOMICO  DE SILICONA 25X18MM,R-68478,6.36,https://canodiy.es/labores-y-costura/9759-R+68478-9999999037177.html
LABORES Y COSTURA,LABORES Y COSTURA,labores-y-costura,LAMPARA LED PARA MÁQUINA DE COSER 857315.000.0000,R-53571,19.11,https://canodiy.es/labores-y-costura/4852-R+53571-9999999022579.html
LABORES Y COSTURA,LABORES Y COSTURA,labores-y-costura,PAQUETE ALFILERES ACERO 100GR. 30MM REF. 430192.030.0000,R-53563,6.68,https://canodiy.es/labores-y-costura/4856-R+53563-9999999034039.html
LABORES Y COSTURA,LABORES Y COSTURA,labores-y-costura,PORTA CONOS METALICO MAQUINA DOMESTICA REF. 857316,R-58951,6.0,https://canodiy.es/labores-y-costura/6493-R+58951-9999999012150.html
LABORES Y COSTURA,LABORES Y COSTURA,labores-y-costura,SOPORTE ESTABILIZADOR PARA BOBINAS DE HILO MARA 55 MM,R-57427,2.95,https://canodiy.es/labores-y-costura/9707-R+57427-9999999007385.html
LABORES Y COSTURA,LABORES Y COSTURA,labores-y-costura,SOPORTE ESTABILIZADOR PARA CONOS DE HILO   100 MM,R-57734,4.95,https://canodiy.es/labores-y-costura/9708-R+57734-9999999007903.html
OUTLET / LIQUIDACION,FORNITURAS Y ABALORIOS OUTLET,fornituras-y-abalorios-outlet,ABALORIO ACRILICO TONO AMARILLO ART. 30110.149,R-39224,1.33,https://canodiy.es/fornituras-y-abalorios-outlet/4682-R+39224.html
OUTLET / LIQUIDACION,FORNITURAS Y ABALORIOS OUTLET,fornituras-y-abalorios-outlet,"ABALORIO ACRILICO TONOS MORADOS ART. 030110,000,0113",R-39222,1.33,https://canodiy.es/fornituras-y-abalorios-outlet/4679-R+39222.html
OUTLET / LIQUIDACION,FORNITURAS Y ABALORIOS OUTLET,fornituras-y-abalorios-outlet,"ABALORIO ACRILICO TONOS VERDES ART. 030110,000,0115",R-39223,1.33,https://canodiy.es/fornituras-y-abalorios-outlet/4680-R+39223.html
OUTLET / LIQUIDACION,FORNITURAS Y ABALORIOS OUTLET,fornituras-y-abalorios-outlet,BOLSA 20 ANILLAS ENCUADERNAR,R-68049,10.16,https://canodiy.es/fornituras-y-abalorios-outlet/9617-R+68049-9999999036644.html
OUTLET / LIQUIDACION,FORNITURAS Y ABALORIOS OUTLET,fornituras-y-abalorios-outlet,BORLA AZUL CELESTE DECORATIVA DE POLIÉSTER 45 MM CON CORDÓN PARA COLGAR,R-68316-TY2NG,0.78,https://canodiy.es/fornituras-y-abalorios-outlet/9653-R+68316+TY2NG.html
OUTLET / LIQUIDACION,FORNITURAS Y ABALORIOS OUTLET,fornituras-y-abalorios-outlet,BORLA DORADA DECORATIVA DE POLIÉSTER 45 MM CON CORDÓN PARA COLGAR,R-68316-5PHDT,0.78,https://canodiy.es/fornituras-y-abalorios-outlet/9654-R+68316+5PHDT.html
OUTLET / LIQUIDACION,FORNITURAS Y ABALORIOS OUTLET,fornituras-y-abalorios-outlet,BORLA GRIS DECORATIVA DE POLIÉSTER 45 MM CON CORDÓN PARA COLGAR,R-68316-D3KYO,0.78,https://canodiy.es/fornituras-y-abalorios-outlet/9652-R+68316+D3KYO.html
OUTLET / LIQUIDACION,FORNITURAS Y ABALORIOS OUTLET,fornituras-y-abalorios-outlet,BORLA NEGRA DECORATIVA DE POLIÉSTER 45 MM CON CORDÓN PARA COLGAR,R-68316-SN2YJ,0.78,https://canodiy.es/fornituras-y-abalorios-outlet/9655-R+68316+SN2YJ.html
OUTLET / LIQUIDACION,FORNITURAS Y ABALORIOS OUTLET,fornituras-y-abalorios-outlet,BORLA ROJA DECORATIVA DE POLIÉSTER 45 MM CON CORDÓN PARA COLGAR,R-68316,0.78,https://canodiy.es/fornituras-y-abalorios-outlet/9651-R+68316.html
OUTLET / LIQUIDACION,FORNITURAS Y ABALORIOS OUTLET,fornituras-y-abalorios-outlet,POMPOM AZUL ACRILICO CON CORDÓN 30 MM,R-68382-XLNPX,0.38,https://canodiy.es/fornituras-y-abalorios-outlet/9681-R+68382+XLNPX.html
OUTLET / LIQUIDACION,FORNITURAS Y ABALORIOS OUTLET,fornituras-y-abalorios-outlet,POMPOM BLANCO ACRILICO CON CORDÓN 30 MM,R-68382-ACVB0,0.38,https://canodiy.es/fornituras-y-abalorios-outlet/9679-R+68382+ACVB0.html
OUTLET / LIQUIDACION,FORNITURAS Y ABALORIOS OUTLET,fornituras-y-abalorios-outlet,POMPOM GRIS ACRILICO CON CORDÓN 30 MM,R-68382-GAXTL,0.38,https://canodiy.es/fornituras-y-abalorios-outlet/9685-R+68382+GAXTL.html
OUTLET / LIQUIDACION,FORNITURAS Y ABALORIOS OUTLET,fornituras-y-abalorios-outlet,POMPOM MARRÓN ACRILICO CON CORDÓN 30 MM,R-68382-JCYVR,0.38,https://canodiy.es/fornituras-y-abalorios-outlet/9682-R+68382+JCYVR.html
OUTLET / LIQUIDACION,FORNITURAS Y ABALORIOS OUTLET,fornituras-y-abalorios-outlet,POMPOM MARRÓN ACRILICO CON CORDÓN 30 MM,R-68382-QBZEO,0.38,https://canodiy.es/fornituras-y-abalorios-outlet/9680-R+68382+QBZEO.html
OUTLET / LIQUIDACION,FORNITURAS Y ABALORIOS OUTLET,fornituras-y-abalorios-outlet,POMPOM ROJO ACRILICO CON CORDÓN 30 MM,R-68382,0.38,https://canodiy.es/fornituras-y-abalorios-outlet/9678-R+68382.html
OUTLET / LIQUIDACION,FORNITURAS Y ABALORIOS OUTLET,fornituras-y-abalorios-outlet,POMPOM ROSA ACRILICO CON CORDÓN 30 MM,R-68382-ROXWJ,0.38,https://canodiy.es/fornituras-y-abalorios-outlet/9683-R+68382+ROXWJ.html
OUTLET / LIQUIDACION,FORNITURAS Y ABALORIOS OUTLET,fornituras-y-abalorios-outlet,POMPOM ROSA PÁLIDO ACRILICO CON CORDÓN 30 MM,R-68382-QDXDM,0.38,https://canodiy.es/fornituras-y-abalorios-outlet/9684-R+68382+QDXDM.html
OUTLET / LIQUIDACION,FORNITURAS Y ABALORIOS OUTLET,fornituras-y-abalorios-outlet,POMPÓN AZUL BURDEOS DECORATIVO DE VISÓN 32 MM,R-68359-AHOZN,0.51,https://canodiy.es/fornituras-y-abalorios-outlet/9670-R+68359+AHOZN.html
OUTLET / LIQUIDACION,FORNITURAS Y ABALORIOS OUTLET,fornituras-y-abalorios-outlet,POMPÓN AZUL MARINO ACRÍLICO CON CORDÓN 50 MM,R-68378-K6NSQ,0.64,https://canodiy.es/fornituras-y-abalorios-outlet/9677-R+68378+K6NSQ.html
OUTLET / LIQUIDACION,FORNITURAS Y ABALORIOS OUTLET,fornituras-y-abalorios-outlet,POMPÓN AZUL OSCURO DECORATIVO DE VISÓN 25 MM,R-47374-KWXWP,0.43,https://canodiy.es/fornituras-y-abalorios-outlet/9661-R+47374+KWXWP.html
OUTLET / LIQUIDACION,FORNITURAS Y ABALORIOS OUTLET,fornituras-y-abalorios-outlet,POMPÓN AZUL OSCURO DECORATIVO DE VISÓN 32 MM,R-68359-DSCPY,0.51,https://canodiy.es/fornituras-y-abalorios-outlet/9667-R+68359+DSCPY.html
OUTLET / LIQUIDACION,FORNITURAS Y ABALORIOS OUTLET,fornituras-y-abalorios-outlet,POMPÓN AZUL OSCURO DECORATIVO DE VISÓN 32 MM,R-68359,0.51,https://canodiy.es/fornituras-y-abalorios-outlet/9666-R+68359.html
OUTLET / LIQUIDACION,FORNITURAS Y ABALORIOS OUTLET,fornituras-y-abalorios-outlet,POMPÓN BLANCO DECORATIVO DE VISÓN 40 MM,R-68355-GWPUY,0.59,https://canodiy.es/fornituras-y-abalorios-outlet/9664-R+68355+GWPUY.html
OUTLET / LIQUIDACION,FORNITURAS Y ABALORIOS OUTLET,fornituras-y-abalorios-outlet,POMPÓN BURDEOS DECORATIVO DE VISÓN 25 MM,R-47374-UUH6J,0.43,https://canodiy.es/fornituras-y-abalorios-outlet/9659-R+47374+UUH6J.html
OUTLET / LIQUIDACION,FORNITURAS Y ABALORIOS OUTLET,fornituras-y-abalorios-outlet,POMPÓN BURDEOS DECORATIVO DE VISÓN 40 MM,R-68355-WBOAI,0.59,https://canodiy.es/fornituras-y-abalorios-outlet/9663-R+68355+WBOAI.html
OUTLET / LIQUIDACION,FORNITURAS Y ABALORIOS OUTLET,fornituras-y-abalorios-outlet,POMPÓN CRUDO DECORATIVO DE VISÓN 25 MM,R-47374,0.43,https://canodiy.es/fornituras-y-abalorios-outlet/9657-R+47374.html
OUTLET / LIQUIDACION,FORNITURAS Y ABALORIOS OUTLET,fornituras-y-abalorios-outlet,POMPÓN CRUDO DECORATIVO DE VISÓN 32 MM,R-68359-BAROG,0.51,https://canodiy.es/fornituras-y-abalorios-outlet/9672-R+68359+BAROG.html
OUTLET / LIQUIDACION,FORNITURAS Y ABALORIOS OUTLET,fornituras-y-abalorios-outlet,POMPÓN CRUDO DECORATIVO DE VISÓN 40 MM,R-68355-MUHNC,0.59,https://canodiy.es/fornituras-y-abalorios-outlet/9665-R+68355+MUHNC.html
OUTLET / LIQUIDACION,FORNITURAS Y ABALORIOS OUTLET,fornituras-y-abalorios-outlet,POMPÓN GRIS ACRÍLICO CON CORDÓN 50 MM,R-68378-3CR6Y,0.64,https://canodiy.es/fornituras-y-abalorios-outlet/9676-R+68378+3CR6Y.html
OUTLET / LIQUIDACION,FORNITURAS Y ABALORIOS OUTLET,fornituras-y-abalorios-outlet,POMPÓN MARRÓN DECORATIVO DE VISÓN 25 MM,R-47374-FTNK7,0.43,https://canodiy.es/fornituras-y-abalorios-outlet/9660-R+47374+FTNK7.html
OUTLET / LIQUIDACION,FORNITURAS Y ABALORIOS OUTLET,fornituras-y-abalorios-outlet,POMPÓN MARRÓN DECORATIVO DE VISÓN 25 MM,R-47374-NLRNY,0.43,https://canodiy.es/fornituras-y-abalorios-outlet/9658-R+47374+NLRNY.html
OUTLET / LIQUIDACION,FORNITURAS Y ABALORIOS OUTLET,fornituras-y-abalorios-outlet,POMPÓN MARRÓN DECORATIVO DE VISÓN 32 MM,R-68359-2RA4H,0.51,https://canodiy.es/fornituras-y-abalorios-outlet/9671-R+68359+2RA4H.html
OUTLET / LIQUIDACION,FORNITURAS Y ABALORIOS OUTLET,fornituras-y-abalorios-outlet,POMPÓN MARRÓN DECORATIVO DE VISÓN 32 MM,R-68359-6AKLN,0.51,https://canodiy.es/fornituras-y-abalorios-outlet/9668-R+68359+6AKLN.html
OUTLET / LIQUIDACION,FORNITURAS Y ABALORIOS OUTLET,fornituras-y-abalorios-outlet,POMPÓN MORADO DECORATIVO DE VISÓN 32 MM,R-68359-IULDI,0.51,https://canodiy.es/fornituras-y-abalorios-outlet/9669-R+68359+IULDI.html
OUTLET / LIQUIDACION,FORNITURAS Y ABALORIOS OUTLET,fornituras-y-abalorios-outlet,POMPÓN NEGRO ACRÍLICO CON CORDÓN 50 MM,R-68378,0.64,https://canodiy.es/fornituras-y-abalorios-outlet/9675-R+68378.html
OUTLET / LIQUIDACION,FORNITURAS Y ABALORIOS OUTLET,fornituras-y-abalorios-outlet,POMPÓN NEGRO DECORATIVO DE VISÓN 40 MM,R-68355,0.59,https://canodiy.es/fornituras-y-abalorios-outlet/9662-R+68355.html
OUTLET / LIQUIDACION,FORNITURAS Y ABALORIOS OUTLET,fornituras-y-abalorios-outlet,POMPÓN ROJO DECORATIVO DE VISÓN 32 MM,R-68359-P5NHJ,0.51,https://canodiy.es/fornituras-y-abalorios-outlet/9673-R+68359+P5NHJ.html
OUTLET / LIQUIDACION,FORNITURAS Y ABALORIOS OUTLET,fornituras-y-abalorios-outlet,POMPÓN SALMÓN DECORATIVO DE VISÓN 32 MM,R-68359-VVTTB,0.51,https://canodiy.es/fornituras-y-abalorios-outlet/9674-R+68359+VVTTB.html
OUTLET / LIQUIDACION,FORNITURAS Y ABALORIOS OUTLET,fornituras-y-abalorios-outlet,ROCALLA ACRILICA AMARILLO-TRANSPARENTE ART. 30104.010,R-53352,1.41,https://canodiy.es/fornituras-y-abalorios-outlet/4681-R+53352.html
OUTLET / LIQUIDACION,HILOS OUTLET,hilos-outlet,BOBINA HILO AZUL CELESTE MOCHUELO 30 500 MTS C/ 076,R-14928,1.29,https://canodiy.es/hilos-outlet/9511-R+14928.html
OUTLET / LIQUIDACION,HILOS OUTLET,hilos-outlet,BOBINA HILO AZUL CIELO MOCHUELO 30 500 MTS C/ 205,R-14931,1.29,https://canodiy.es/hilos-outlet/9519-R+14931.html
OUTLET / LIQUIDACION,HILOS OUTLET,hilos-outlet,BOBINA HILO AZUL OSCURO MOCHUELO 30 500 MTS C/ 050,R-3968,1.29,https://canodiy.es/hilos-outlet/9507-R+3968.html
OUTLET / LIQUIDACION,HILOS OUTLET,hilos-outlet,BOBINA HILO AZUL OSCURO ORA 120 1000 MTS. C/ 0525,R-64692,1.73,https://canodiy.es/hilos-outlet/8247-R+64692.html
OUTLET / LIQUIDACION,HILOS OUTLET,hilos-outlet,BOBINA HILO BLANCO MOCHUELO 30 500 MTS,R-5745,1.29,https://canodiy.es/hilos-outlet/9502-R+5745.html
OUTLET / LIQUIDACION,HILOS OUTLET,hilos-outlet,BOBINA HILO BURDEOS MOCHUELO 30 500 MTS C/ 085,R-3197,1.29,https://canodiy.es/hilos-outlet/9510-R+3197.html
OUTLET / LIQUIDACION,HILOS OUTLET,hilos-outlet,BOBINA HILO FUXIA  MOCHUELO 30 500 MTS C/ 205,R-15045,1.29,https://canodiy.es/hilos-outlet/9518-R+15045.html
OUTLET / LIQUIDACION,HILOS OUTLET,hilos-outlet,BOBINA HILO GRIS MOCHUELO 30 500 MTS C/ 116,R-3492,1.29,https://canodiy.es/hilos-outlet/9514-R+3492.html
OUTLET / LIQUIDACION,HILOS OUTLET,hilos-outlet,BOBINA HILO GRIS MOCHUELO 30 500 MTS C/ 118,R-13476,1.29,https://canodiy.es/hilos-outlet/9515-R+13476.html
OUTLET / LIQUIDACION,HILOS OUTLET,hilos-outlet,BOBINA HILO MARRON CAMEL MOCHUELO 30 500 MTS C/ 158,R-14930,1.29,https://canodiy.es/hilos-outlet/9517-R+14930.html
OUTLET / LIQUIDACION,HILOS OUTLET,hilos-outlet,BOBINA HILO MARRÓN MOCHUELO 30 500 MTS C/ 010,R-9241,1.29,https://canodiy.es/hilos-outlet/9513-R+9241.html
OUTLET / LIQUIDACION,HILOS OUTLET,hilos-outlet,BOBINA HILO MARRÓN MOCHUELO 30 500 MTS C/ 020,R-14927,1.29,https://canodiy.es/hilos-outlet/9505-R+14927.html
OUTLET / LIQUIDACION,HILOS OUTLET,hilos-outlet,BOBINA HILO MORADO MOCHUELO 30 500 MTS C/ 100,R-6543,1.29,https://canodiy.es/hilos-outlet/9509-R+6543.html
OUTLET / LIQUIDACION,HILOS OUTLET,hilos-outlet,BOBINA HILO NEGRO MOCHUELO 30 500 MTS C/ NEGRO,R-5744,1.29,https://canodiy.es/hilos-outlet/9503-R+5744.html
OUTLET / LIQUIDACION,HILOS OUTLET,hilos-outlet,BOBINA HILO ROJO CAOBA MOCHUELO 30 500 MTS C/ 018,R-14926,1.29,https://canodiy.es/hilos-outlet/9504-R+14926.html
OUTLET / LIQUIDACION,HILOS OUTLET,hilos-outlet,BOBINA HILO ROJO MOCHUELO 30 500 MTS C/ 074,R-3303,1.29,https://canodiy.es/hilos-outlet/9512-R+3303.html
OUTLET / LIQUIDACION,HILOS OUTLET,hilos-outlet,BOBINA HILO ROSA MOCHUELO 30 500 MTS C/ 051,R-5886,1.29,https://canodiy.es/hilos-outlet/9506-R+5886.html
OUTLET / LIQUIDACION,HILOS OUTLET,hilos-outlet,BOBINA HILO VERDE KAKI MOCHUELO 30 500 MTS  C/ 132,R-8897,1.29,https://canodiy.es/hilos-outlet/9516-R+8897.html
OUTLET / LIQUIDACION,HILOS OUTLET,hilos-outlet,BOBINA HILO VERDE MOCHUELO 30 500 MTS C/ 039,R-3484,1.29,https://canodiy.es/hilos-outlet/9508-R+3484.html
OUTLET / LIQUIDACION,HILOS OUTLET,hilos-outlet,CONO (300MTS.) HILO ENCERADO 1MM AMARILLO FLUOR KIOWA Nº5 - 6 CABOS C/ 141,R-43963,7.28,https://canodiy.es/hilos-outlet/1175-R+43963.html
OUTLET / LIQUIDACION,HILOS OUTLET,hilos-outlet,CONO (300MTS.) HILO ENCERADO 1MM LILA KIOWA Nº5 - 6 CABOS C/ 129,R-43955,4.62,https://canodiy.es/hilos-outlet/1167-R+43955.html
OUTLET / LIQUIDACION,HILOS OUTLET,hilos-outlet,CONO (300MTS.) HILO ENCERADO 1MM NARANJA FLUOR KIOWA Nº5 - 6 CABOS C/ 142,R-43964,7.28,https://canodiy.es/hilos-outlet/1176-R+43964.html
OUTLET / LIQUIDACION,HILOS OUTLET,hilos-outlet,CONO (300MTS.) HILO ENCERADO 1MM ROJO FLUOR KIOWA Nº5 - 6 CABOS C/ 144,R-43966,7.28,https://canodiy.es/hilos-outlet/1178-R+43966.html
OUTLET / LIQUIDACION,HILOS OUTLET,hilos-outlet,CONO (300MTS.) HILO ENCERADO 1MM VERDE FLUOR KIOWA Nº5 - 6 CABOS C/ 143,R-43965,7.28,https://canodiy.es/hilos-outlet/1177-R+43965.html
OUTLET / LIQUIDACION,LIQUIDACIÓN DE PRODUCTOS,liquidacion-de-productos,PASAMANERÍA FUCSIA DE  FLECOS AVESTRUZ C/ 0068,R-63671,14.05,https://canodiy.es/liquidacion-de-productos/7937-R+63671-9999999022920.html
OUTLET / LIQUIDACION,LOTES DE SALDO,lotes-de-saldo,LOTE SALDO CINTA FAYA VARIADA 2858 METROS,R-68424,299.98,https://canodiy.es/lotes-de-saldo/9696-R+68424.html
OUTLET / LIQUIDACION,LOTES DE SALDO,lotes-de-saldo,PACK 700 TIRAS DE CINTA FAYA 14 MM DE 1 METRO SALDO LOTE 2,R-68199,50.82,https://canodiy.es/lotes-de-saldo/9634-R+68199.html
OUTLET / LIQUIDACION,PASAMANERÍAS OUTLET,pasamanerias-outlet,MTS. CORDON CON REJILLA METALICA 3 MM PLATA,R-57390,0.41,https://canodiy.es/pasamanerias-outlet/6094-R+57390.html
OUTLET / LIQUIDACION,PASAMANERÍAS OUTLET,pasamanerias-outlet,MTS. PASAMANERIA LENTEJUELA 6MM ROJA. 030141.006.0624,R-62168,0.22,https://canodiy.es/pasamanerias-outlet/7214-R+62168.html
OUTLET / LIQUIDACION,TINTES PARA CUERO OUTLET,tintes-para-cuero-outlet,BOTE 250 GR TINTA ZEUS C/ 1001 MARRÓN CREMA FLUIDA,R-66523,6.95,https://canodiy.es/tintes-para-cuero-outlet/9106-R+66523.html
OUTLET / LIQUIDACION,TINTES PARA CUERO OUTLET,tintes-para-cuero-outlet,BOTE 250 GR TINTA ZEUS C/ 1002 VERDE CREMA FLUIDA,R-66523-Z5F0M,6.95,https://canodiy.es/tintes-para-cuero-outlet/9107-R+66523+Z5F0M.html
OUTLET / LIQUIDACION,TINTES PARA CUERO OUTLET,tintes-para-cuero-outlet,BOTE 250 GR TINTA ZEUS C/ 1003 AZUL CREMA FLUIDA,R-66523-WPA9T,6.95,https://canodiy.es/tintes-para-cuero-outlet/9108-R+66523+WPA9T.html
OUTLET / LIQUIDACION,TINTES PARA CUERO OUTLET,tintes-para-cuero-outlet,BOTE 250 GR TINTA ZEUS C/ 1004 AZUL CREMA FLUIDA,R-66523-BW5TL,6.95,https://canodiy.es/tintes-para-cuero-outlet/9109-R+66523+BW5TL.html
OUTLET / LIQUIDACION,TINTES PARA CUERO OUTLET,tintes-para-cuero-outlet,BOTE 250 GR TINTA ZEUS C/ 1005 AZUL CREMA FLUIDA,R-66523-VYAVX,6.95,https://canodiy.es/tintes-para-cuero-outlet/9110-R+66523+VYAVX.html
OUTLET / LIQUIDACION,TINTES PARA CUERO OUTLET,tintes-para-cuero-outlet,BOTE 250 GR TINTA ZEUS C/ 1006 MARRÓN CREMA FLUIDA,R-66523-TZYLC,6.95,https://canodiy.es/tintes-para-cuero-outlet/9111-R+66523+TZYLC.html
OUTLET / LIQUIDACION,TINTES PARA CUERO OUTLET,tintes-para-cuero-outlet,BOTE 250 GR TINTA ZEUS C/ 1007 MARRÓN CREMA FLUIDA,R-66523-HIG7Z,6.95,https://canodiy.es/tintes-para-cuero-outlet/9114-R+66523+HIG7Z.html
OUTLET / LIQUIDACION,TINTES PARA CUERO OUTLET,tintes-para-cuero-outlet,BOTE 250 GR TINTA ZEUS C/ 1008 FUCSIA CREMA FLUIDA,R-66523-PZZXM,6.95,https://canodiy.es/tintes-para-cuero-outlet/9115-R+66523+PZZXM.html
OUTLET / LIQUIDACION,TINTES PARA CUERO OUTLET,tintes-para-cuero-outlet,BOTE 250 GR TINTA ZEUS C/ 1009 AMARILLA CREMA FLUIDA,R-66523-YCUNN,6.95,https://canodiy.es/tintes-para-cuero-outlet/9116-R+66523+YCUNN.html
OUTLET / LIQUIDACION,TINTES PARA CUERO OUTLET,tintes-para-cuero-outlet,BOTE 250 GR TINTA ZEUS C/ 1010 VERDE CREMA FLUIDA,R-66523-B6GTC,6.95,https://canodiy.es/tintes-para-cuero-outlet/9117-R+66523+B6GTC.html
OUTLET / LIQUIDACION,TINTES PARA CUERO OUTLET,tintes-para-cuero-outlet,BOTE 250 GR TINTA ZEUS C/ 1011 ROJO CREMA FLUIDA,R-66523-6G0ED,6.95,https://canodiy.es/tintes-para-cuero-outlet/9118-R+66523+6G0ED.html
OUTLET / LIQUIDACION,TINTES PARA CUERO OUTLET,tintes-para-cuero-outlet,BOTE 250 GR TINTA ZEUS C/ 1012 GRIS CREMA FLUIDA,R-66523-7QJH5,6.95,https://canodiy.es/tintes-para-cuero-outlet/9119-R+66523+7QJH5.html
OUTLET / LIQUIDACION,TINTES PARA CUERO OUTLET,tintes-para-cuero-outlet,BOTE 250 GR TINTA ZEUS C/ 1013 NARANJA CREMA FLUIDA,R-66523-UZB0Y,6.95,https://canodiy.es/tintes-para-cuero-outlet/9120-R+66523+UZB0Y.html
OUTLET / LIQUIDACION,TINTES PARA CUERO OUTLET,tintes-para-cuero-outlet,BOTE 250 GR TINTA ZEUS C/ 1014 ROJO CREMA FLUIDA,R-66523-RE5ME,6.95,https://canodiy.es/tintes-para-cuero-outlet/9121-R+66523+RE5ME.html
OUTLET / LIQUIDACION,TINTES PARA CUERO OUTLET,tintes-para-cuero-outlet,BOTE 250 GR TINTA ZEUS C/ 1015 TAUPE CREMA FLUIDA,R-66523-1SDFA,6.95,https://canodiy.es/tintes-para-cuero-outlet/9122-R+66523+1SDFA.html
OUTLET / LIQUIDACION,TINTES PARA CUERO OUTLET,tintes-para-cuero-outlet,BOTE 250 GR TINTA ZEUS C/ 1016 BURDEOS CREMA FLUIDA,R-66523-NNTZ7,6.95,https://canodiy.es/tintes-para-cuero-outlet/9123-R+66523+NNTZ7.html
OUTLET / LIQUIDACION,TINTES PARA CUERO OUTLET,tintes-para-cuero-outlet,BOTE 250 GR TINTA ZEUS C/ 1017 ROJO CREMA FLUIDA,R-66523-MARZ7,6.95,https://canodiy.es/tintes-para-cuero-outlet/9124-R+66523+MARZ7.html
OUTLET / LIQUIDACION,TINTES PARA CUERO OUTLET,tintes-para-cuero-outlet,BOTE 250 GR TINTA ZEUS C/ 1018 BURDEOS CREMA FLUIDA,R-66523-O8I0U,6.95,https://canodiy.es/tintes-para-cuero-outlet/9125-R+66523+O8I0U.html
OUTLET / LIQUIDACION,TINTES PARA CUERO OUTLET,tintes-para-cuero-outlet,BOTE 250 GR TINTA ZEUS C/ 1019 TAUPE CREMA FLUIDA,R-66523-08I68,6.95,https://canodiy.es/tintes-para-cuero-outlet/9126-R+66523+08I68.html
OUTLET / LIQUIDACION,TINTES PARA CUERO OUTLET,tintes-para-cuero-outlet,BOTE 250 GR TINTA ZEUS C/ 1020 VERDE CREMA FLUIDA,R-66523-PRLKS,6.95,https://canodiy.es/tintes-para-cuero-outlet/9127-R+66523+PRLKS.html
OUTLET / LIQUIDACION,TINTES PARA CUERO OUTLET,tintes-para-cuero-outlet,BOTE 250 GR TINTA ZEUS C/ 1021 TOPO CREMA FLUIDA,R-66523-BXSEL,6.95,https://canodiy.es/tintes-para-cuero-outlet/9128-R+66523+BXSEL.html
OUTLET / LIQUIDACION,TINTES PARA CUERO OUTLET,tintes-para-cuero-outlet,BOTE 250 GR TINTA ZEUS C/ 1022 VERDE CREMA FLUIDA,R-66523-CRAMS,6.95,https://canodiy.es/tintes-para-cuero-outlet/9129-R+66523+CRAMS.html
OUTLET / LIQUIDACION,TINTES PARA CUERO OUTLET,tintes-para-cuero-outlet,BOTE 250 GR TINTA ZEUS C/ 1023 CUERO CREMA FLUIDA,R-66523-KYCQS,6.95,https://canodiy.es/tintes-para-cuero-outlet/9130-R+66523+KYCQS.html
OUTLET / LIQUIDACION,TINTES PARA CUERO OUTLET,tintes-para-cuero-outlet,BOTE 250 GR TINTA ZEUS C/ 1024 CUERO CREMA FLUIDA,R-66523-PKIUU,6.95,https://canodiy.es/tintes-para-cuero-outlet/9131-R+66523+PKIUU.html
OUTLET / LIQUIDACION,TINTES PARA CUERO OUTLET,tintes-para-cuero-outlet,BOTE 250 GR TINTA ZEUS C/ 1025 KAKI CREMA FLUIDA,R-66523-EBPKX,6.95,https://canodiy.es/tintes-para-cuero-outlet/9132-R+66523+EBPKX.html
OUTLET / LIQUIDACION,TINTES PARA CUERO OUTLET,tintes-para-cuero-outlet,BOTE 60 GR TINTA PARA CANTOS AFRODITA 1001 AZUL OSCURO CON BRILLO,R-68245-8KSPQ,2.61,https://canodiy.es/tintes-para-cuero-outlet/9640-R+68245+8KSPQ.html
OUTLET / LIQUIDACION,TINTES PARA CUERO OUTLET,tintes-para-cuero-outlet,BOTE 60 GR TINTA PARA CANTOS AFRODITA 1003 MARRÓN OSCURO CON BRILLO,R-68245-RQJ9O,2.61,https://canodiy.es/tintes-para-cuero-outlet/9643-R+68245+RQJ9O.html
OUTLET / LIQUIDACION,TINTES PARA CUERO OUTLET,tintes-para-cuero-outlet,BOTE 60 GR TINTA PARA CANTOS AFRODITA 1004 BEIGE CON BRILLO,R-68245-VNTJF,2.61,https://canodiy.es/tintes-para-cuero-outlet/9644-R+68245+VNTJF.html
OUTLET / LIQUIDACION,TINTES PARA CUERO OUTLET,tintes-para-cuero-outlet,BOTE 60 GR TINTA PARA CANTOS AFRODITA 1006 OCRE CON BRILLO,R-68245-VSKAS,2.61,https://canodiy.es/tintes-para-cuero-outlet/9641-R+68245+VSKAS.html
OUTLET / LIQUIDACION,TINTES PARA CUERO OUTLET,tintes-para-cuero-outlet,BOTE 60 GR TINTA PARA CANTOS AFRODITA 1007 ROJA CON BRILLO,R-68245-OGB04,2.61,https://canodiy.es/tintes-para-cuero-outlet/9647-R+68245+OGB04.html
OUTLET / LIQUIDACION,TINTES PARA CUERO OUTLET,tintes-para-cuero-outlet,BOTE 60 GR TINTA PARA CANTOS AFRODITA 1008 BEIGE CLARO CON BRILLO,R-68245-H5NXF,2.61,https://canodiy.es/tintes-para-cuero-outlet/9646-R+68245+H5NXF.html
OUTLET / LIQUIDACION,TINTES PARA CUERO OUTLET,tintes-para-cuero-outlet,BOTE 60 GR TINTA PARA CANTOS AFRODITA 1009 MARRÓN CAMEL CON BRILLO,R-68245-J7EDM,2.61,https://canodiy.es/tintes-para-cuero-outlet/9642-R+68245+J7EDM.html
OUTLET / LIQUIDACION,TINTES PARA CUERO OUTLET,tintes-para-cuero-outlet,BOTE 60 GR TINTA PARA CANTOS AFRODITA 1010 GRIS CON BRILLO,R-68245-L0NW5,2.61,https://canodiy.es/tintes-para-cuero-outlet/9645-R+68245+L0NW5.html
OUTLET / LIQUIDACION,TINTES PARA CUERO OUTLET,tintes-para-cuero-outlet,BOTE 60 GR TINTA PARA CANTOS AFRODITA 1010 MARRÓN CAMEL CON BRILLO,R-68245,2.61,https://canodiy.es/tintes-para-cuero-outlet/9639-R+68245.html
PASAMANERIA Y CINTAS,Cinta Bies,cinta-bies,CINTA BIES LISO 928-18MM. AMARILLO C/ 504,R-67002,0.45,https://canodiy.es/cinta-bies/9317-R+67002.html
PASAMANERIA Y CINTAS,Cinta Bies,cinta-bies,CINTA BIES LISO 928-18MM. AZUL C/ 310,R-67018,0.45,https://canodiy.es/cinta-bies/9325-R+67018.html
PASAMANERIA Y CINTAS,Cinta Bies,cinta-bies,CINTA BIES LISO 928-18MM. AZUL C/ 311,R-67010,0.45,https://canodiy.es/cinta-bies/9304-R+67010.html
PASAMANERIA Y CINTAS,Cinta Bies,cinta-bies,CINTA BIES LISO 928-18MM. AZUL ELÉCTRICO C/ 305,R-67019,0.45,https://canodiy.es/cinta-bies/9311-R+67019.html
PASAMANERIA Y CINTAS,Cinta Bies,cinta-bies,CINTA BIES LISO 928-18MM. BLANCO C/ 100,R-66997,0.45,https://canodiy.es/cinta-bies/9319-R+66997.html
PASAMANERIA Y CINTAS,Cinta Bies,cinta-bies,CINTA BIES LISO 928-18MM. CARMÍN C/ 886,R-66996,0.45,https://canodiy.es/cinta-bies/9321-R+66996.html
PASAMANERIA Y CINTAS,Cinta Bies,cinta-bies,CINTA BIES LISO 928-18MM. FUCSIA C/ 903,R-67005,0.45,https://canodiy.es/cinta-bies/9316-R+67005.html
PASAMANERIA Y CINTAS,Cinta Bies,cinta-bies,CINTA BIES LISO 928-18MM. GRIS OSCURO C/ 701,R-67014,0.45,https://canodiy.es/cinta-bies/9323-R+67014.html
PASAMANERIA Y CINTAS,Cinta Bies,cinta-bies,CINTA BIES LISO 928-18MM. MARRÓN CAOBA C/ 200,R-67000,0.45,https://canodiy.es/cinta-bies/9306-R+67000.html
PASAMANERIA Y CINTAS,Cinta Bies,cinta-bies,CINTA BIES LISO 928-18MM. NEGRA C/ 700,R-67015,0.45,https://canodiy.es/cinta-bies/9308-R+67015.html
PASAMANERIA Y CINTAS,Cinta Bies,cinta-bies,CINTA BIES LISO 928-18MM. ROJO C/ 402,R-67003,0.45,https://canodiy.es/cinta-bies/9315-R+67003.html
PASAMANERIA Y CINTAS,Cinta Bies,cinta-bies,CINTA BIES LISO 928-18MM. ROSA C/ 902,R-67004,0.45,https://canodiy.es/cinta-bies/9313-R+67004.html
PASAMANERIA Y CINTAS,Cinta Bies,cinta-bies,CINTA BIES LISO 928-18MM. VERDE C/ 606,R-67017,0.45,https://canodiy.es/cinta-bies/9309-R+67017.html
PASAMANERIA Y CINTAS,Cinta Bies,cinta-bies,CINTA BIES LISO 928-18MM. VERDE CLARO C/ 603,R-67016,0.45,https://canodiy.es/cinta-bies/9310-R+67016.html
PASAMANERIA Y CINTAS,Cinta Bies,cinta-bies,CINTA BIES LISO 928-18MM. VERDE KAKI C/ 613,R-67008,0.45,https://canodiy.es/cinta-bies/9324-R+67008.html
PASAMANERIA Y CINTAS,Cinta Bies,cinta-bies,CINTA BIES LISO 928-18MM. VERDE MENTA C/ 612,R-67007,0.45,https://canodiy.es/cinta-bies/9322-R+67007.html
PASAMANERIA Y CINTAS,Cinta Bies,cinta-bies,CINTA BIES LISO 928-18MM.AZUL CELESTE C/ 300,R-67009,0.45,https://canodiy.es/cinta-bies/9314-R+67009.html
PASAMANERIA Y CINTAS,Cinta Bies,cinta-bies,CINTA BIES LISO 928-18MM.AZUL MARINO C/ 308,R-67012,0.45,https://canodiy.es/cinta-bies/9307-R+67012.html
PASAMANERIA Y CINTAS,Cinta Bies,cinta-bies,CINTA BIES LISO 928-18MM.BEIGE C/ 105,R-66999,0.45,https://canodiy.es/cinta-bies/9303-R+66999.html
PASAMANERIA Y CINTAS,Cinta Bies,cinta-bies,CINTA BIES LISO 928-18MM.CRUDO  C/ 102,R-66998,0.45,https://canodiy.es/cinta-bies/9320-R+66998.html
PASAMANERIA Y CINTAS,Cinta Bies,cinta-bies,CINTA BIES LISO 928-18MM.GRIS  C/ 703,R-67013,0.45,https://canodiy.es/cinta-bies/9305-R+67013.html
PASAMANERIA Y CINTAS,Cinta Bies,cinta-bies,CINTA BIES LISO 928-18MM.MARRÓN C/ 205,R-67001,0.45,https://canodiy.es/cinta-bies/9326-R+67001.html
PASAMANERIA Y CINTAS,Cinta Bies,cinta-bies,CINTA BIES LISO 928-30MM. ROJO C/ 400,R-68200,0.8,https://canodiy.es/cinta-bies/9687-R+68200.html
PASAMANERIA Y CINTAS,Cinta Bies,cinta-bies,MTS. CINTA BIES LISO 928-18MM. BURDEOS C/ 404,R-67006,0.45,https://canodiy.es/cinta-bies/9312-R+67006.html
PASAMANERIA Y CINTAS,Cinta Bies,cinta-bies,MTS. CINTA BIES LISO 928-18MM. TURQUESA C/ 313,R-67011,0.45,https://canodiy.es/cinta-bies/9318-R+67011.html
PASAMANERIA Y CINTAS,Cinta Faya,cinta-faya,CINTA FAYA COLOR AMARILLO 004,R-58435,0.36,https://canodiy.es/cinta-faya/6347-7599-R+58435.html#/176-variante-ancho_10_mm
PASAMANERIA Y CINTAS,Cinta Faya,cinta-faya,CINTA FAYA COLOR AMARILLO 005,R-58439,0.36,https://canodiy.es/cinta-faya/6348-7603-R+58439.html#/176-variante-ancho_10_mm
PASAMANERIA Y CINTAS,Cinta Faya,cinta-faya,CINTA FAYA COLOR AZUL 019,R-58464,0.36,https://canodiy.es/cinta-faya/6357-7607-R+58464.html#/176-variante-ancho_10_mm
PASAMANERIA Y CINTAS,Cinta Faya,cinta-faya,CINTA FAYA COLOR AZUL 021,R-58468,0.36,https://canodiy.es/cinta-faya/6361-7612-R+58468.html#/176-variante-ancho_10_mm
PASAMANERIA Y CINTAS,Cinta Faya,cinta-faya,CINTA FAYA COLOR AZUL 023,R-58472,1.79,https://canodiy.es/cinta-faya/6363-7617-R+58472.html#/176-variante-ancho_10_mm
PASAMANERIA Y CINTAS,Cinta Faya,cinta-faya,CINTA FAYA COLOR AZUL 173,R-58686,0.36,https://canodiy.es/cinta-faya/6398-7621-R+58686.html#/176-variante-ancho_10_mm
PASAMANERIA Y CINTAS,Cinta Faya,cinta-faya,CINTA FAYA COLOR AZUL 593,R-58706,0.36,https://canodiy.es/cinta-faya/6403-7625-R+58706.html#/176-variante-ancho_10_mm
PASAMANERIA Y CINTAS,Cinta Faya,cinta-faya,CINTA FAYA COLOR AZUL CELESTE 016,R-58461,0.36,https://canodiy.es/cinta-faya/6356-7629-R+58461.html#/176-variante-ancho_10_mm
PASAMANERIA Y CINTAS,Cinta Faya,cinta-faya,CINTA FAYA COLOR AZUL MARINO 022,R-58470,0.35,https://canodiy.es/cinta-faya/6362-911-R+58470.html#/74-variante-ancho_10_mm
PASAMANERIA Y CINTAS,Cinta Faya,cinta-faya,CINTA FAYA COLOR AZUL MARINO 092,R-58641,0.36,https://canodiy.es/cinta-faya/6392-7633-R+58641.html#/176-variante-ancho_10_mm
PASAMANERIA Y CINTAS,Cinta Faya,cinta-faya,CINTA FAYA COLOR AZUL OSCURO 020,R-58467,0.36,https://canodiy.es/cinta-faya/6360-7639-R+58467.html#/176-variante-ancho_10_mm
PASAMANERIA Y CINTAS,Cinta Faya,cinta-faya,CINTA FAYA COLOR BEIG 003,R-58430,0.36,https://canodiy.es/cinta-faya/6346-7643-R+58430.html#/176-variante-ancho_10_mm
PASAMANERIA Y CINTAS,Cinta Faya,cinta-faya,CINTA FAYA COLOR BEIG 087,R-58627,0.36,https://canodiy.es/cinta-faya/6387-7648-R+58627.html#/176-variante-ancho_10_mm
PASAMANERIA Y CINTAS,Cinta Faya,cinta-faya,CINTA FAYA COLOR BEIG 096,R-58647,0.36,https://canodiy.es/cinta-faya/6393-7652-R+58647.html#/176-variante-ancho_10_mm
PASAMANERIA Y CINTAS,Cinta Faya,cinta-faya,CINTA FAYA COLOR BLANCO 002,R-58428,0.36,https://canodiy.es/cinta-faya/6345-7658-R+58428.html#/176-variante-ancho_10_mm
PASAMANERIA Y CINTAS,Cinta Faya,cinta-faya,CINTA FAYA COLOR BLANCO ROTO 602,R-58711,0.36,https://canodiy.es/cinta-faya/6405-7663-R+58711.html#/176-variante-ancho_10_mm
PASAMANERIA Y CINTAS,Cinta Faya,cinta-faya,CINTA FAYA COLOR BURDEOS 048,R-58501,0.36,https://canodiy.es/cinta-faya/6374-7668-R+58501.html#/176-variante-ancho_10_mm
PASAMANERIA Y CINTAS,Cinta Faya,cinta-faya,CINTA FAYA COLOR FUCSIA 026,R-58473,0.36,https://canodiy.es/cinta-faya/6364-7673-R+58473.html#/176-variante-ancho_10_mm
PASAMANERIA Y CINTAS,Cinta Faya,cinta-faya,CINTA FAYA COLOR FUCSIA 074,R-58619,0.36,https://canodiy.es/cinta-faya/6385-7678-R+58619.html#/176-variante-ancho_10_mm
PASAMANERIA Y CINTAS,Cinta Faya,cinta-faya,CINTA FAYA COLOR FUCSIA 126,R-58657,0.36,https://canodiy.es/cinta-faya/6395-7683-R+58657.html#/176-variante-ancho_10_mm
PASAMANERIA Y CINTAS,Cinta Faya,cinta-faya,CINTA FAYA COLOR GRIS 008,R-58445,0.36,https://canodiy.es/cinta-faya/6349-7689-R+58445.html#/176-variante-ancho_10_mm
PASAMANERIA Y CINTAS,Cinta Faya,cinta-faya,CINTA FAYA COLOR GRIS 010,R-58453,0.36,https://canodiy.es/cinta-faya/6350-7694-R+58453.html#/176-variante-ancho_10_mm
PASAMANERIA Y CINTAS,Cinta Faya,cinta-faya,CINTA FAYA COLOR GRIS 011,R-58456,0.36,https://canodiy.es/cinta-faya/6355-7699-R+58456.html#/176-variante-ancho_10_mm
PASAMANERIA Y CINTAS,Cinta Faya,cinta-faya,CINTA FAYA COLOR GRIS CLARO 108,R-58651,0.36,https://canodiy.es/cinta-faya/6394-7705-R+58651.html#/176-variante-ancho_10_mm
PASAMANERIA Y CINTAS,Cinta Faya,cinta-faya,CINTA FAYA COLOR GRIS OSCURO 712,R-58766,0.36,https://canodiy.es/cinta-faya/6410-7710-R+58766.html#/176-variante-ancho_10_mm
PASAMANERIA Y CINTAS,Cinta Faya,cinta-faya,CINTA FAYA COLOR MARRON 638,R-58737,0.35,https://canodiy.es/cinta-faya/6408-1119-R+58737.html#/74-variante-ancho_10_mm
PASAMANERIA Y CINTAS,Cinta Faya,cinta-faya,CINTA FAYA COLOR MARRÓN 036,R-58490,0.36,https://canodiy.es/cinta-faya/6368-7715-R+58490.html#/176-variante-ancho_10_mm
PASAMANERIA Y CINTAS,Cinta Faya,cinta-faya,CINTA FAYA COLOR MARRÓN 038,R-58492,0.36,https://canodiy.es/cinta-faya/6369-7720-R+58492.html#/176-variante-ancho_10_mm
PASAMANERIA Y CINTAS,Cinta Faya,cinta-faya,CINTA FAYA COLOR MARRÓN 637,R-58729,0.36,https://canodiy.es/cinta-faya/6407-7743-R+58729.html#/176-variante-ancho_10_mm
PASAMANERIA Y CINTAS,Cinta Faya,cinta-faya,CINTA FAYA COLOR MARRÓN 736,R-58780,0.36,https://canodiy.es/cinta-faya/6411-7725-R+58780.html#/176-variante-ancho_10_mm
PASAMANERIA Y CINTAS,Cinta Faya,cinta-faya,CINTA FAYA COLOR MARRÓN CAOBA 044,R-58497,0.36,https://canodiy.es/cinta-faya/6371-7730-R+58497.html#/176-variante-ancho_10_mm
PASAMANERIA Y CINTAS,Cinta Faya,cinta-faya,CINTA FAYA COLOR MARRÓN CAOBA 074,R-58616,0.36,https://canodiy.es/cinta-faya/6384-7735-R+58616.html#/176-variante-ancho_10_mm
PASAMANERIA Y CINTAS,Cinta Faya,cinta-faya,CINTA FAYA COLOR MARRÓN OSCURO 043,R-58494,0.36,https://canodiy.es/cinta-faya/6370-7739-R+58494.html#/176-variante-ancho_10_mm
PASAMANERIA Y CINTAS,Cinta Faya,cinta-faya,CINTA FAYA COLOR MORADO 050,R-58502,0.36,https://canodiy.es/cinta-faya/6375-7747-R+58502.html#/176-variante-ancho_10_mm
PASAMANERIA Y CINTAS,Cinta Faya,cinta-faya,CINTA FAYA COLOR MORADO 051,R-58503,0.36,https://canodiy.es/cinta-faya/6376-7752-R+58503.html#/176-variante-ancho_10_mm
PASAMANERIA Y CINTAS,Cinta Faya,cinta-faya,CINTA FAYA COLOR MORADO 078,R-58624,0.36,https://canodiy.es/cinta-faya/6386-7756-R+58624.html#/176-variante-ancho_10_mm
PASAMANERIA Y CINTAS,Cinta Faya,cinta-faya,CINTA FAYA COLOR MORADO OSCURO 053,R-58504,0.36,https://canodiy.es/cinta-faya/6377-7762-R+58504.html#/176-variante-ancho_10_mm
PASAMANERIA Y CINTAS,Cinta Faya,cinta-faya,CINTA FAYA COLOR NARANJA 071,R-58599,0.36,https://canodiy.es/cinta-faya/6383-7766-R+58599.html#/176-variante-ancho_10_mm
PASAMANERIA Y CINTAS,Cinta Faya,cinta-faya,CINTA FAYA COLOR NARANJA 405,R-58690,0.35,https://canodiy.es/cinta-faya/6399-1079-R+58690.html#/74-variante-ancho_10_mm
PASAMANERIA Y CINTAS,Cinta Faya,cinta-faya,CINTA FAYA COLOR NEGRO 001,R-58369,0.36,https://canodiy.es/cinta-faya/6341-7772-R+58369.html#/176-variante-ancho_10_mm
PASAMANERIA Y CINTAS,Cinta Faya,cinta-faya,CINTA FAYA COLOR ROJO 045,R-58498,0.36,https://canodiy.es/cinta-faya/6372-7778-R+58498.html#/176-variante-ancho_10_mm
PASAMANERIA Y CINTAS,Cinta Faya,cinta-faya,CINTA FAYA COLOR ROJO 046,R-58499,0.36,https://canodiy.es/cinta-faya/6373-7785-R+58499.html#/176-variante-ancho_10_mm
PASAMANERIA Y CINTAS,Cinta Faya,cinta-faya,CINTA FAYA COLOR ROJO CORAL 130,R-58679,0.36,https://canodiy.es/cinta-faya/6396-7790-R+58679.html#/176-variante-ancho_10_mm
PASAMANERIA Y CINTAS,Cinta Faya,cinta-faya,CINTA FAYA COLOR ROSA 032,R-58476,0.36,https://canodiy.es/cinta-faya/6365-7795-R+58476.html#/176-variante-ancho_10_mm
PASAMANERIA Y CINTAS,Cinta Faya,cinta-faya,CINTA FAYA COLOR ROSA 034,R-58482,0.36,https://canodiy.es/cinta-faya/6366-7800-R+58482.html#/176-variante-ancho_10_mm
PASAMANERIA Y CINTAS,Cinta Faya,cinta-faya,CINTA FAYA COLOR ROSA 529,R-58694,0.36,https://canodiy.es/cinta-faya/6400-7804-R+58694.html#/176-variante-ancho_10_mm
PASAMANERIA Y CINTAS,Cinta Faya,cinta-faya,CINTA FAYA COLOR ROSA 630,R-58725,0.36,https://canodiy.es/cinta-faya/6406-7808-R+58725.html#/176-variante-ancho_10_mm
PASAMANERIA Y CINTAS,Cinta Faya,cinta-faya,CINTA FAYA COLOR TURQUESA 570,R-58703,0.36,https://canodiy.es/cinta-faya/6402-7812-R+58703.html#/176-variante-ancho_10_mm
PASAMANERIA Y CINTAS,Cinta Faya,cinta-faya,CINTA FAYA COLOR VERDE 035,R-58487,0.36,https://canodiy.es/cinta-faya/6367-7817-R+58487.html#/176-variante-ancho_10_mm
PASAMANERIA Y CINTAS,Cinta Faya,cinta-faya,CINTA FAYA COLOR VERDE 058,R-58507,0.36,https://canodiy.es/cinta-faya/6379-7826-R+58507.html#/176-variante-ancho_10_mm
PASAMANERIA Y CINTAS,Cinta Faya,cinta-faya,CINTA FAYA COLOR VERDE 059,R-58579,0.36,https://canodiy.es/cinta-faya/6381-7830-R+58579.html#/176-variante-ancho_10_mm
PASAMANERIA Y CINTAS,Cinta Faya,cinta-faya,CINTA FAYA COLOR VERDE 088,R-58631,0.36,https://canodiy.es/cinta-faya/6391-7834-R+58631.html#/176-variante-ancho_10_mm
PASAMANERIA Y CINTAS,Cinta Faya,cinta-faya,CINTA FAYA COLOR VERDE 133,R-58682,0.36,https://canodiy.es/cinta-faya/6397-7838-R+58682.html#/176-variante-ancho_10_mm
PASAMANERIA Y CINTAS,Cinta Faya,cinta-faya,CINTA FAYA COLOR VERDE 567,R-58699,0.36,https://canodiy.es/cinta-faya/6401-7843-R+58699.html#/176-variante-ancho_10_mm
PASAMANERIA Y CINTAS,Cinta Faya,cinta-faya,CINTA FAYA COLOR VERDE MILITAR 056,R-58505,0.36,https://canodiy.es/cinta-faya/6378-7821-R+58505.html#/176-variante-ancho_10_mm
PASAMANERIA Y CINTAS,Cinta Faya,cinta-faya,CINTA FAYA COLOR VERDE OSCURO 063,R-58587,0.36,https://canodiy.es/cinta-faya/6382-7848-R+58587.html#/176-variante-ancho_10_mm
PASAMANERIA Y CINTAS,Cinta Faya,cinta-faya,CINTA FAYA COLOR VERDE OSCURO 663,R-58761,0.36,https://canodiy.es/cinta-faya/6409-7852-R+58761.html#/176-variante-ancho_10_mm
PASAMANERIA Y CINTAS,Cinta Faya,cinta-faya,CINTA FAYA ROJO 10MM. C/ 537,R-22671,0.38,https://canodiy.es/cinta-faya/1358-R+22671.html
PASAMANERIA Y CINTAS,Cinta Raso,cinta-raso,CINTA DE RASO DE COLOR AMARILLO 004,R-43008,0.41,https://canodiy.es/cinta-raso/6077-R+43008-8428491006035.html
PASAMANERIA Y CINTAS,Cinta Raso,cinta-raso,CINTA DE RASO DE COLOR AMARILLO 005,R-57277,0.41,https://canodiy.es/cinta-raso/6078-8285-R+57277.html#/144-variante-ancho_16_mm
PASAMANERIA Y CINTAS,Cinta Raso,cinta-raso,CINTA DE RASO DE COLOR AMARILLO 065,R-43006,0.41,https://canodiy.es/cinta-raso/6075-R+43006-8428491006370.html
PASAMANERIA Y CINTAS,Cinta Raso,cinta-raso,CINTA DE RASO DE COLOR AMARILLO 066,R-43007,0.41,https://canodiy.es/cinta-raso/6076-R+43007-8428491006660.html
PASAMANERIA Y CINTAS,Cinta Raso,cinta-raso,CINTA DE RASO DE COLOR AMARILLO CLARO 503,R-37284,0.41,https://canodiy.es/cinta-raso/5836-R+37284-8428491006561.html
PASAMANERIA Y CINTAS,Cinta Raso,cinta-raso,CINTA DE RASO DE COLOR AMARILLO FLÚOR 007,R-33348,0.41,https://canodiy.es/cinta-raso/6085-R+33348-8428491006059.html
PASAMANERIA Y CINTAS,Cinta Raso,cinta-raso,CINTA DE RASO DE COLOR AZUL 021,R-42991,0.41,https://canodiy.es/cinta-raso/6047-R+42991-8428491006110.html
PASAMANERIA Y CINTAS,Cinta Raso,cinta-raso,CINTA DE RASO DE COLOR AZUL 025,R-18654,0.41,https://canodiy.es/cinta-raso/6048-R+18654-8428491006134.html
PASAMANERIA Y CINTAS,Cinta Raso,cinta-raso,CINTA DE RASO DE COLOR AZUL 027,R-57220,0.41,https://canodiy.es/cinta-raso/6049-8316-R+57220.html#/144-variante-ancho_16_mm
PASAMANERIA Y CINTAS,Cinta Raso,cinta-raso,CINTA DE RASO DE COLOR AZUL 418,R-42993,0.41,https://canodiy.es/cinta-raso/6050-R+42993-8428491007247.html
PASAMANERIA Y CINTAS,Cinta Raso,cinta-raso,CINTA DE RASO DE COLOR AZUL CELESTE 015,R-57205,0.41,https://canodiy.es/cinta-raso/6022-8321-R+57205.html#/144-variante-ancho_16_mm
PASAMANERIA Y CINTAS,Cinta Raso,cinta-raso,CINTA DE RASO DE COLOR AZUL CELESTE 016,R-57206,0.41,https://canodiy.es/cinta-raso/6023-8317-R+57206.html#/144-variante-ancho_16_mm
PASAMANERIA Y CINTAS,Cinta Raso,cinta-raso,CINTA DE RASO DE COLOR AZUL CELESTE 416,R-42994,0.41,https://canodiy.es/cinta-raso/6054-R+42994-8428491089595.html
PASAMANERIA Y CINTAS,Cinta Raso,cinta-raso,CINTA DE RASO DE COLOR AZUL CELESTE 617,R-42988,0.41,https://canodiy.es/cinta-raso/6024-R+42988-8428491007285.html
PASAMANERIA Y CINTAS,Cinta Raso,cinta-raso,CINTA DE RASO DE COLOR AZUL MARINO 022,R-57223,0.41,https://canodiy.es/cinta-raso/6052-8310-R+57223.html#/144-variante-ancho_16_mm
PASAMANERIA Y CINTAS,Cinta Raso,cinta-raso,CINTA DE RASO DE COLOR AZUL MARINO 092,R-57225,0.41,https://canodiy.es/cinta-raso/6053-8307-R+57225.html#/144-variante-ancho_16_mm
PASAMANERIA Y CINTAS,Cinta Raso,cinta-raso,CINTA DE RASO DE COLOR AZUL OSCURO 020,R-57221,0.41,https://canodiy.es/cinta-raso/6051-8311-R+57221.html#/144-variante-ancho_16_mm
PASAMANERIA Y CINTAS,Cinta Raso,cinta-raso,CINTA DE RASO DE COLOR AZUL OSCURO 419,R-42968,0.41,https://canodiy.es/cinta-raso/5854-R+42968-8428491007254.html
PASAMANERIA Y CINTAS,Cinta Raso,cinta-raso,CINTA DE RASO DE COLOR AZUL TURQUESA 081,R-42989,0.41,https://canodiy.es/cinta-raso/6045-R+42989-8428491006684.html
PASAMANERIA Y CINTAS,Cinta Raso,cinta-raso,CINTA DE RASO DE COLOR AZUL TURQUESA 093,R-42990,0.41,https://canodiy.es/cinta-raso/6046-R+42990-8428491006554.html
PASAMANERIA Y CINTAS,Cinta Raso,cinta-raso,CINTA DE RASO DE COLOR BEIG 003,R-56801,0.39,https://canodiy.es/cinta-raso/5842-516-R+56801.html#/42-variante-ancho_16_mm
PASAMANERIA Y CINTAS,Cinta Raso,cinta-raso,CINTA DE RASO DE COLOR BEIG 084,R-42965,0.41,https://canodiy.es/cinta-raso/5843-R+42965-8428491006486.html
PASAMANERIA Y CINTAS,Cinta Raso,cinta-raso,CINTA DE RASO DE COLOR BEIG 085,R-56802,0.39,https://canodiy.es/cinta-raso/5844-525-R+56802.html#/42-variante-ancho_16_mm
PASAMANERIA Y CINTAS,Cinta Raso,cinta-raso,CINTA DE RASO DE COLOR BEIG 086,R-56799,0.41,https://canodiy.es/cinta-raso/5840-8372-R+56799.html#/144-variante-ancho_16_mm
PASAMANERIA Y CINTAS,Cinta Raso,cinta-raso,CINTA DE RASO DE COLOR BEIGE CLARO 028,R-56798,0.41,https://canodiy.es/cinta-raso/5837-8375-R+56798.html#/144-variante-ancho_16_mm
PASAMANERIA Y CINTAS,Cinta Raso,cinta-raso,CINTA DE RASO DE COLOR BLANCO 002,R-56773,0.41,https://canodiy.es/cinta-raso/5812-8383-R+56773.html#/144-variante-ancho_16_mm
PASAMANERIA Y CINTAS,Cinta Raso,cinta-raso,CINTA DE RASO DE COLOR BLANCO ROTO 902,R-36201,0.41,https://canodiy.es/cinta-raso/5832-R+36201-8428491079916.html
PASAMANERIA Y CINTAS,Cinta Raso,cinta-raso,CINTA DE RASO DE COLOR BURDEOS  048,R-57202,0.41,https://canodiy.es/cinta-raso/6018-8329-R+57202.html#/144-variante-ancho_16_mm
PASAMANERIA Y CINTAS,Cinta Raso,cinta-raso,CINTA DE RASO DE COLOR CRUDO 602,R-56795,0.41,https://canodiy.es/cinta-raso/5835-8377-R+56795.html#/144-variante-ancho_16_mm
PASAMANERIA Y CINTAS,Cinta Raso,cinta-raso,CINTA DE RASO DE COLOR DORADO 087,R-17913,0.41,https://canodiy.es/cinta-raso/1573-R+17913-8428491006509.html
PASAMANERIA Y CINTAS,Cinta Raso,cinta-raso,CINTA DE RASO DE COLOR DORADO 387,R-57280,0.41,https://canodiy.es/cinta-raso/6082-8280-R+57280.html#/144-variante-ancho_16_mm
PASAMANERIA Y CINTAS,Cinta Raso,cinta-raso,CINTA DE RASO DE COLOR DORADO 785,R-56804,0.41,https://canodiy.es/cinta-raso/5848-8370-R+56804.html#/144-variante-ancho_16_mm
PASAMANERIA Y CINTAS,Cinta Raso,cinta-raso,CINTA DE RASO DE COLOR FUXIA 076,R-57196,0.41,https://canodiy.es/cinta-raso/6010-8337-R+57196.html#/144-variante-ancho_16_mm
PASAMANERIA Y CINTAS,Cinta Raso,cinta-raso,CINTA DE RASO DE COLOR FUXIA 276,R-42978,0.41,https://canodiy.es/cinta-raso/6008-R+42978-8428491089670.html
PASAMANERIA Y CINTAS,Cinta Raso,cinta-raso,CINTA DE RASO DE COLOR FUXIA 647,R-42977,0.41,https://canodiy.es/cinta-raso/6011-R+42977-8428491006851.html
PASAMANERIA Y CINTAS,Cinta Raso,cinta-raso,CINTA DE RASO DE COLOR GRIS CLARO 008,R-56821,0.41,https://canodiy.es/cinta-raso/5862-8362-R+56821.html#/144-variante-ancho_16_mm
PASAMANERIA Y CINTAS,Cinta Raso,cinta-raso,CINTA DE RASO DE COLOR GRIS OSCURO 011,R-56816,0.41,https://canodiy.es/cinta-raso/5858-8270-R+56816.html#/144-variante-ancho_16_mm
PASAMANERIA Y CINTAS,Cinta Raso,cinta-raso,CINTA DE RASO DE COLOR GRIS TITANIO 009,R-56819,0.41,https://canodiy.es/cinta-raso/5861-8366-R+56819.html#/144-variante-ancho_16_mm
PASAMANERIA Y CINTAS,Cinta Raso,cinta-raso,CINTA DE RASO DE COLOR LILA 068,R-36723,0.41,https://canodiy.es/cinta-raso/1565-R+36723-8428491006394.html
PASAMANERIA Y CINTAS,Cinta Raso,cinta-raso,CINTA DE RASO DE COLOR LILA 533,R-36724,0.41,https://canodiy.es/cinta-raso/6007-R+36724-8428491006585.html
PASAMANERIA Y CINTAS,Cinta Raso,cinta-raso,CINTA DE RASO DE COLOR LILA 668,R-42995,0.41,https://canodiy.es/cinta-raso/6055-R+42995-8428491006776.html
PASAMANERIA Y CINTAS,Cinta Raso,cinta-raso,CINTA DE RASO DE COLOR LILA 832,R-36541,0.41,https://canodiy.es/cinta-raso/1585-R+36541-8428491089601.html
PASAMANERIA Y CINTAS,Cinta Raso,cinta-raso,CINTA DE RASO DE COLOR MARRON 697,R-56825,0.41,https://canodiy.es/cinta-raso/5871-8354-R+56825.html#/144-variante-ancho_16_mm
PASAMANERIA Y CINTAS,Cinta Raso,cinta-raso,CINTA DE RASO DE COLOR MARRON OSCURO 043,R-56834,0.25,https://canodiy.es/cinta-raso/5872-8349-R+56834.html#/151-variante-ancho_06_mm
PASAMANERIA Y CINTAS,Cinta Raso,cinta-raso,CINTA DE RASO DE COLOR MARRON OSCURO 544,R-56856,0.39,https://canodiy.es/cinta-raso/5874-586-R+56856.html#/42-variante-ancho_16_mm
PASAMANERIA Y CINTAS,Cinta Raso,cinta-raso,CINTA DE RASO DE COLOR MARRÓN 044,R-18653,0.41,https://canodiy.es/cinta-raso/5870-R+18653-8428491006240.html
PASAMANERIA Y CINTAS,Cinta Raso,cinta-raso,CINTA DE RASO DE COLOR MARRÓN 074,R-56824,0.41,https://canodiy.es/cinta-raso/5867-8355-R+56824.html#/144-variante-ancho_16_mm
PASAMANERIA Y CINTAS,Cinta Raso,cinta-raso,CINTA DE RASO DE COLOR MARRÓN 487,R-43013,0.41,https://canodiy.es/cinta-raso/6067-R+43013-8428491007278.html
PASAMANERIA Y CINTAS,Cinta Raso,cinta-raso,CINTA DE RASO DE COLOR MARRÓN 637,R-56822,0.41,https://canodiy.es/cinta-raso/5865-8358-R+56822.html#/144-variante-ancho_16_mm
PASAMANERIA Y CINTAS,Cinta Raso,cinta-raso,CINTA DE RASO DE COLOR MARRÓN 736,R-56812,0.41,https://canodiy.es/cinta-raso/5851-8368-R+56812.html#/144-variante-ancho_16_mm
PASAMANERIA Y CINTAS,Cinta Raso,cinta-raso,CINTA DE RASO DE COLOR MARRÓN CAOBA 638,R-42971,0.41,https://canodiy.es/cinta-raso/5866-R+42971-8428491006752.html
PASAMANERIA Y CINTAS,Cinta Raso,cinta-raso,CINTA DE RASO DE COLOR MARRÓN CAOBA 674,R-42973,0.41,https://canodiy.es/cinta-raso/5868-R+42973-8428491006769.html
PASAMANERIA Y CINTAS,Cinta Raso,cinta-raso,CINTA DE RASO DE COLOR MARRÓN CLARO 096,R-56803,0.39,https://canodiy.es/cinta-raso/5846-527-R+56803.html#/42-variante-ancho_16_mm
PASAMANERIA Y CINTAS,Cinta Raso,cinta-raso,CINTA DE RASO DE COLOR MORADO 026,R-42980,0.41,https://canodiy.es/cinta-raso/6006-R+42980-8428491006141.html
PASAMANERIA Y CINTAS,Cinta Raso,cinta-raso,CINTA DE RASO DE COLOR MORADO 052,R-57203,0.41,https://canodiy.es/cinta-raso/6020-8326-R+57203.html#/144-variante-ancho_16_mm
PASAMANERIA Y CINTAS,Cinta Raso,cinta-raso,CINTA DE RASO DE COLOR MORADO 452,R-37396,0.41,https://canodiy.es/cinta-raso/6019-R+37396-8428491007261.html
PASAMANERIA Y CINTAS,Cinta Raso,cinta-raso,CINTA DE RASO DE COLOR MORADO 526,R-37286,0.41,https://canodiy.es/cinta-raso/1575-R+37286-8428491089663.html
PASAMANERIA Y CINTAS,Cinta Raso,cinta-raso,CINTA DE RASO DE COLOR MORADO OSCURO 053,R-57204,0.41,https://canodiy.es/cinta-raso/6021-8322-R+57204.html#/144-variante-ancho_16_mm
PASAMANERIA Y CINTAS,Cinta Raso,cinta-raso,CINTA DE RASO DE COLOR MORADO OSCURO 626 WEB,R-57194,0.41,https://canodiy.es/cinta-raso/6005-8338-R+57194.html#/144-variante-ancho_16_mm
PASAMANERIA Y CINTAS,Cinta Raso,cinta-raso,CINTA DE RASO DE COLOR MORADO OSCURO 678,R-39820,0.41,https://canodiy.es/cinta-raso/1582-R+39820-8428491006837.html
PASAMANERIA Y CINTAS,Cinta Raso,cinta-raso,CINTA DE RASO DE COLOR NARANJA 071,R-36454,0.41,https://canodiy.es/cinta-raso/1566-R+36454-8428491006417.html
PASAMANERIA Y CINTAS,Cinta Raso,cinta-raso,CINTA DE RASO DE COLOR NARANJA 077,R-57192,0.41,https://canodiy.es/cinta-raso/6001-8343-R+57192.html#/144-variante-ancho_16_mm
PASAMANERIA Y CINTAS,Cinta Raso,cinta-raso,CINTA DE RASO DE COLOR NARANJA 082,R-43012,0.41,https://canodiy.es/cinta-raso/6080-R+43012-8428491006479.html
PASAMANERIA Y CINTAS,Cinta Raso,cinta-raso,CINTA DE RASO DE COLOR NARANJA 405,R-57279,0.28,https://canodiy.es/cinta-raso/6081-8282-R+57279.html#/142-variante-ancho_08_mm
PASAMANERIA Y CINTAS,Cinta Raso,cinta-raso,CINTA DE RASO DE COLOR NARANJA CLARO 406,R-57278,0.39,https://canodiy.es/cinta-raso/6079-810-R+57278.html#/42-variante-ancho_16_mm
PASAMANERIA Y CINTAS,Cinta Raso,cinta-raso,CINTA DE RASO DE COLOR NARANJA FLÚOR 072,R-43015,0.41,https://canodiy.es/cinta-raso/6086-R+43015-8428491006424.html
PASAMANERIA Y CINTAS,Cinta Raso,cinta-raso,CINTA DE RASO DE COLOR NEGRO 001,R-56813,0.41,https://canodiy.es/cinta-raso/5853-8277-R+56813.html#/144-variante-ancho_16_mm
PASAMANERIA Y CINTAS,Cinta Raso,cinta-raso,CINTA DE RASO DE COLOR ROJO 045,R-57191,0.41,https://canodiy.es/cinta-raso/6000-8348-R+57191.html#/144-variante-ancho_16_mm
PASAMANERIA Y CINTAS,Cinta Raso,cinta-raso,CINTA DE RASO DE COLOR ROJO 046,R-57190,0.39,https://canodiy.es/cinta-raso/5999-673-R+57190.html#/42-variante-ancho_16_mm
PASAMANERIA Y CINTAS,Cinta Raso,cinta-raso,CINTA DE RASO DE COLOR ROJO 237,R-42979,0.41,https://canodiy.es/cinta-raso/6009-R+42979-8428491089625.html
PASAMANERIA Y CINTAS,Cinta Raso,cinta-raso,CINTA DE RASO DE COLOR ROJO 551,R-57201,0.41,https://canodiy.es/cinta-raso/6017-8330-R+57201.html#/144-variante-ancho_16_mm
PASAMANERIA Y CINTAS,Cinta Raso,cinta-raso,CINTA DE RASO DE COLOR ROJO BURDEOS 049,R-36721,0.41,https://canodiy.es/cinta-raso/1562-R+36721-8428491006288.html
PASAMANERIA Y CINTAS,Cinta Raso,cinta-raso,CINTA DE RASO DE COLOR ROJO FLÚOR 075,R-43017,0.41,https://canodiy.es/cinta-raso/6087-R+43017-8428491006448.html
PASAMANERIA Y CINTAS,Cinta Raso,cinta-raso,CINTA DE RASO DE COLOR ROJO OSCURO 672,R-42974,0.41,https://canodiy.es/cinta-raso/5869-R+42974-8428491006905.html
PASAMANERIA Y CINTAS,Cinta Raso,cinta-raso,CINTA DE RASO DE COLOR ROSA 029,R-42981,0.41,https://canodiy.es/cinta-raso/6004-R+42981-8428491006172.html
PASAMANERIA Y CINTAS,Cinta Raso,cinta-raso,CINTA DE RASO DE COLOR ROSA 030,R-42982,0.41,https://canodiy.es/cinta-raso/6002-R+42982.html
PASAMANERIA Y CINTAS,Cinta Raso,cinta-raso,CINTA DE RASO DE COLOR ROSA 031,R-57199,0.41,https://canodiy.es/cinta-raso/6015-8334-R+57199.html#/144-variante-ancho_16_mm
PASAMANERIA Y CINTAS,Cinta Raso,cinta-raso,CINTA DE RASO DE COLOR ROSA 032,R-57198,0.39,https://canodiy.es/cinta-raso/6014-705-R+57198.html#/42-variante-ancho_16_mm
PASAMANERIA Y CINTAS,Cinta Raso,cinta-raso,CINTA DE RASO DE COLOR ROSA 033,R-15902,0.41,https://canodiy.es/cinta-raso/6013-R+15902-8428491006202.html
PASAMANERIA Y CINTAS,Cinta Raso,cinta-raso,CINTA DE RASO DE COLOR ROSA 034,R-42976,0.41,https://canodiy.es/cinta-raso/6012-R+42976-8428491006219.html
PASAMANERIA Y CINTAS,Cinta Raso,cinta-raso,CINTA DE RASO DE COLOR ROSA 634,R-41809,0.41,https://canodiy.es/cinta-raso/1581-R+41809.html
PASAMANERIA Y CINTAS,Cinta Raso,cinta-raso,CINTA DE RASO DE COLOR ROSA CLARO 041,R-57200,0.41,https://canodiy.es/cinta-raso/6016-8332-R+57200.html#/144-variante-ancho_16_mm
PASAMANERIA Y CINTAS,Cinta Raso,cinta-raso,CINTA DE RASO DE COLOR ROSA MAQUILLAJE 629,R-35433,0.41,https://canodiy.es/cinta-raso/1580-R+35433.html
PASAMANERIA Y CINTAS,Cinta Raso,cinta-raso,CINTA DE RASO DE COLOR SALMON 539,R-57193,0.41,https://canodiy.es/cinta-raso/6003-8341-R+57193.html#/144-variante-ancho_16_mm
PASAMANERIA Y CINTAS,Cinta Raso,cinta-raso,CINTA DE RASO DE COLOR TURQUESA 090,R-57229,0.41,https://canodiy.es/cinta-raso/6057-8302-R+57229.html#/177-variante-ancho_16mm
PASAMANERIA Y CINTAS,Cinta Raso,cinta-raso,CINTA DE RASO DE COLOR VERDE 056,R-57275,0.41,https://canodiy.es/cinta-raso/6073-8291-R+57275.html#/144-variante-ancho_16_mm
PASAMANERIA Y CINTAS,Cinta Raso,cinta-raso,CINTA DE RASO DE COLOR VERDE 058,R-57276,0.41,https://canodiy.es/cinta-raso/6074-8288-R+57276.html#/144-variante-ancho_16_mm
PASAMANERIA Y CINTAS,Cinta Raso,cinta-raso,CINTA DE RASO DE COLOR VERDE 067,R-42999,0.41,https://canodiy.es/cinta-raso/6061-R+42999-8428491006387.html
PASAMANERIA Y CINTAS,Cinta Raso,cinta-raso,CINTA DE RASO DE COLOR VERDE 070,R-42997,0.41,https://canodiy.es/cinta-raso/6058-R+42997-8428491006400.html
PASAMANERIA Y CINTAS,Cinta Raso,cinta-raso,CINTA DE RASO DE COLOR VERDE 088,R-57231,0.41,https://canodiy.es/cinta-raso/6062-8298-R+57231.html#/144-variante-ancho_16_mm
PASAMANERIA Y CINTAS,Cinta Raso,cinta-raso,CINTA DE RASO DE COLOR VERDE 091,R-57228,0.41,https://canodiy.es/cinta-raso/6056-8305-R+57228.html#/144-variante-ancho_16_mm
PASAMANERIA Y CINTAS,Cinta Raso,cinta-raso,CINTA DE RASO DE COLOR VERDE 666,R-57233,0.41,https://canodiy.es/cinta-raso/6066-8293-R+57233.html#/178-variante-ancho16_mm
PASAMANERIA Y CINTAS,Cinta Raso,cinta-raso,CINTA DE RASO DE COLOR VERDE 735,R-43014,0.41,https://canodiy.es/cinta-raso/6083-R+43014-8428491007292.html
PASAMANERIA Y CINTAS,Cinta Raso,cinta-raso,CINTA DE RASO DE COLOR VERDE CLARO 073,R-57230,0.41,https://canodiy.es/cinta-raso/6060-8299-R+57230.html#/144-variante-ancho_16_mm
PASAMANERIA Y CINTAS,Cinta Raso,cinta-raso,CINTA DE RASO DE COLOR VERDE CLARO 657,R-42998,0.41,https://canodiy.es/cinta-raso/6059-R+42998-8428491006639.html
PASAMANERIA Y CINTAS,Cinta Raso,cinta-raso,CINTA DE RASO DE COLOR VERDE FLUOR 057,R-43016,0.41,https://canodiy.es/cinta-raso/6084-R+43016-8428491006332.html
PASAMANERIA Y CINTAS,Cinta Raso,cinta-raso,CINTA DE RASO DE COLOR VERDE KAKI 062,R-57232,0.41,https://canodiy.es/cinta-raso/6065-8295-R+57232.html#/144-variante-ancho_16_mm
PASAMANERIA Y CINTAS,Cinta Raso,cinta-raso,CINTA DE RASO DE COLOR VERDE KAKI 755,R-43004,0.41,https://canodiy.es/cinta-raso/6064-R+43004-8428491007308.html
PASAMANERIA Y CINTAS,Cinta Raso,cinta-raso,CINTA DE RASO DE COLOR VERDE OSCURO 063,R-35933,0.41,https://canodiy.es/cinta-raso/1569-R+35933-8428491006363.html
PASAMANERIA Y CINTAS,Cinta Raso,cinta-raso,CINTA DE RASO DE COLOR VERDE OSCURO 291,R-43002,0.41,https://canodiy.es/cinta-raso/6063-R+43002-8428491089632.html
PASAMANERIA Y CINTAS,Cinta Raso,cinta-raso,CINTA DE RASO DE COLOR VERDE PISTACHO 567,R-43000,0.41,https://canodiy.es/cinta-raso/1576-R+43000-8428491006721.html
PASAMANERIA Y CINTAS,Cintas de Cierre tipo Velcro,cintas-de-cierre-tipo-velcro,CINTA DE CIERRE (TIPO VELCRO) AMARILLA 053 PARTE GANCHO,R-58792-BBW8U,0.66,https://canodiy.es/cintas-de-cierre-tipo-velcro/6450-8651-R+58792+BBW8U.html#/181-variante-ancho_100_mm
PASAMANERIA Y CINTAS,Cintas de Cierre tipo Velcro,cintas-de-cierre-tipo-velcro,CINTA DE CIERRE (TIPO VELCRO) AMARILLA 053 PARTE PELO,R-58786-KFDKA,0.66,https://canodiy.es/cintas-de-cierre-tipo-velcro/6449-8658-R+58786+KFDKA.html#/181-variante-ancho_100_mm
PASAMANERIA Y CINTAS,Cintas de Cierre tipo Velcro,cintas-de-cierre-tipo-velcro,CINTA DE CIERRE (TIPO VELCRO) AMARILLA 055 PARTE GANCHO,R-58792-SNUSC,0.66,https://canodiy.es/cintas-de-cierre-tipo-velcro/6452-8672-R+58792+SNUSC.html#/181-variante-ancho_100_mm
PASAMANERIA Y CINTAS,Cintas de Cierre tipo Velcro,cintas-de-cierre-tipo-velcro,CINTA DE CIERRE (TIPO VELCRO) AMARILLA 055 PARTE PELO,R-58786-3OAX6,0.66,https://canodiy.es/cintas-de-cierre-tipo-velcro/6451-8665-R+58786+3OAX6.html#/181-variante-ancho_100_mm
PASAMANERIA Y CINTAS,Cintas de Cierre tipo Velcro,cintas-de-cierre-tipo-velcro,CINTA DE CIERRE (TIPO VELCRO) AMARILLO FLÚOR 200 PARTE GANCHO,R-58792-7G9BX,0.66,https://canodiy.es/cintas-de-cierre-tipo-velcro/6532-8679-R+58792+7G9BX.html#/181-variante-ancho_100_mm
PASAMANERIA Y CINTAS,Cintas de Cierre tipo Velcro,cintas-de-cierre-tipo-velcro,CINTA DE CIERRE (TIPO VELCRO) AMARILLO FLÚOR 200 PARTE PELO,R-58786-OEDEL,0.66,https://canodiy.es/cintas-de-cierre-tipo-velcro/6531-8686-R+58786+OEDEL.html#/181-variante-ancho_100_mm
PASAMANERIA Y CINTAS,Cintas de Cierre tipo Velcro,cintas-de-cierre-tipo-velcro,CINTA DE CIERRE (TIPO VELCRO) AZUL 075 PARTE GANCHO,R-58792-ERBP2,0.66,https://canodiy.es/cintas-de-cierre-tipo-velcro/6456-8693-R+58792+ERBP2.html#/181-variante-ancho_100_mm
PASAMANERIA Y CINTAS,Cintas de Cierre tipo Velcro,cintas-de-cierre-tipo-velcro,CINTA DE CIERRE (TIPO VELCRO) AZUL 075 PARTE PELO,R-58786-NP6PW,0.66,https://canodiy.es/cintas-de-cierre-tipo-velcro/6455-8700-R+58786+NP6PW.html#/181-variante-ancho_100_mm
PASAMANERIA Y CINTAS,Cintas de Cierre tipo Velcro,cintas-de-cierre-tipo-velcro,CINTA DE CIERRE (TIPO VELCRO) AZUL 210 PARTE GANCHO,R-58792-KGBHZ,0.63,https://canodiy.es/cintas-de-cierre-tipo-velcro/6538-1716-R+58792+KGBHZ.html#/80-variante-ancho_100_mm
PASAMANERIA Y CINTAS,Cintas de Cierre tipo Velcro,cintas-de-cierre-tipo-velcro,CINTA DE CIERRE (TIPO VELCRO) AZUL 210 PARTE PELO,R-58786-7VMZW,0.66,https://canodiy.es/cintas-de-cierre-tipo-velcro/6537-8707-R+58786+7VMZW.html#/181-variante-ancho_100_mm
PASAMANERIA Y CINTAS,Cintas de Cierre tipo Velcro,cintas-de-cierre-tipo-velcro,CINTA DE CIERRE (TIPO VELCRO) AZUL CELESTE 168 PARTE GANCHO,R-58792-MDUF3,0.66,https://canodiy.es/cintas-de-cierre-tipo-velcro/6522-8714-R+58792+MDUF3.html#/181-variante-ancho_100_mm
PASAMANERIA Y CINTAS,Cintas de Cierre tipo Velcro,cintas-de-cierre-tipo-velcro,CINTA DE CIERRE (TIPO VELCRO) AZUL CELESTE 168 PARTE PELO,R-58786-CUT5R,0.66,https://canodiy.es/cintas-de-cierre-tipo-velcro/6521-8721-R+58786+CUT5R.html#/181-variante-ancho_100_mm
PASAMANERIA Y CINTAS,Cintas de Cierre tipo Velcro,cintas-de-cierre-tipo-velcro,CINTA DE CIERRE (TIPO VELCRO) AZUL MARINO 086 PARTE GANCHO,R-58792-3ZZ7R,0.66,https://canodiy.es/cintas-de-cierre-tipo-velcro/6460-8728-R+58792+3ZZ7R.html#/181-variante-ancho_100_mm
PASAMANERIA Y CINTAS,Cintas de Cierre tipo Velcro,cintas-de-cierre-tipo-velcro,CINTA DE CIERRE (TIPO VELCRO) AZUL MARINO 086 PARTE PELO,R-58786-OYVOU,0.66,https://canodiy.es/cintas-de-cierre-tipo-velcro/6459-8735-R+58786+OYVOU.html#/181-variante-ancho_100_mm
PASAMANERIA Y CINTAS,Cintas de Cierre tipo Velcro,cintas-de-cierre-tipo-velcro,CINTA DE CIERRE (TIPO VELCRO) AZUL MONTANA 081 PARTE GANCHO,R-58792-R9H2L,0.66,https://canodiy.es/cintas-de-cierre-tipo-velcro/6458-8742-R+58792+R9H2L.html#/181-variante-ancho_100_mm
PASAMANERIA Y CINTAS,Cintas de Cierre tipo Velcro,cintas-de-cierre-tipo-velcro,CINTA DE CIERRE (TIPO VELCRO) AZUL MONTANA 081 PARTE PELO,R-58786-LKJAY,0.66,https://canodiy.es/cintas-de-cierre-tipo-velcro/6457-8749-R+58786+LKJAY.html#/181-variante-ancho_100_mm
PASAMANERIA Y CINTAS,Cintas de Cierre tipo Velcro,cintas-de-cierre-tipo-velcro,CINTA DE CIERRE (TIPO VELCRO) BEIGE 006 PARTE GANCHO,R-58792-5AXGN,0.66,https://canodiy.es/cintas-de-cierre-tipo-velcro/6430-8756-R+58792+5AXGN.html#/181-variante-ancho_100_mm
PASAMANERIA Y CINTAS,Cintas de Cierre tipo Velcro,cintas-de-cierre-tipo-velcro,CINTA DE CIERRE (TIPO VELCRO) BEIGE 006 PARTE PELO,R-58786-FOXVW,0.66,https://canodiy.es/cintas-de-cierre-tipo-velcro/6425-8763-R+58786+FOXVW.html#/181-variante-ancho_100_mm
PASAMANERIA Y CINTAS,Cintas de Cierre tipo Velcro,cintas-de-cierre-tipo-velcro,CINTA DE CIERRE (TIPO VELCRO) BEIGE 008 PARTE GANCHO,R-58792-VLQ1Y,0.66,https://canodiy.es/cintas-de-cierre-tipo-velcro/6432-8770-R+58792+VLQ1Y.html#/181-variante-ancho_100_mm
PASAMANERIA Y CINTAS,Cintas de Cierre tipo Velcro,cintas-de-cierre-tipo-velcro,CINTA DE CIERRE (TIPO VELCRO) BEIGE 008 PARTE PELO,R-58786-QAQTL,0.66,https://canodiy.es/cintas-de-cierre-tipo-velcro/6431-8777-R+58786+QAQTL.html#/181-variante-ancho_100_mm
PASAMANERIA Y CINTAS,Cintas de Cierre tipo Velcro,cintas-de-cierre-tipo-velcro,CINTA DE CIERRE (TIPO VELCRO) BEIGE 009 PARTE GANCHO,R-58792-3JJ0L,0.66,https://canodiy.es/cintas-de-cierre-tipo-velcro/6434-8784-R+58792+3JJ0L.html#/181-variante-ancho_100_mm
PASAMANERIA Y CINTAS,Cintas de Cierre tipo Velcro,cintas-de-cierre-tipo-velcro,CINTA DE CIERRE (TIPO VELCRO) BEIGE 009 PARTE PELO,R-58786-OSLRM,0.66,https://canodiy.es/cintas-de-cierre-tipo-velcro/6433-8791-R+58786+OSLRM.html#/181-variante-ancho_100_mm
PASAMANERIA Y CINTAS,Cintas de Cierre tipo Velcro,cintas-de-cierre-tipo-velcro,CINTA DE CIERRE (TIPO VELCRO) BEIGE 131 PARTE GANCHO,R-58792-AVVGJ,0.66,https://canodiy.es/cintas-de-cierre-tipo-velcro/6500-8798-R+58792+AVVGJ.html#/181-variante-ancho_100_mm
PASAMANERIA Y CINTAS,Cintas de Cierre tipo Velcro,cintas-de-cierre-tipo-velcro,CINTA DE CIERRE (TIPO VELCRO) BEIGE 131 PARTE PELO,R-58786-ZO3TX,0.66,https://canodiy.es/cintas-de-cierre-tipo-velcro/6499-8805-R+58786+ZO3TX.html#/181-variante-ancho_100_mm
PASAMANERIA Y CINTAS,Cintas de Cierre tipo Velcro,cintas-de-cierre-tipo-velcro,CINTA DE CIERRE (TIPO VELCRO) BEIGE 193 PARTE GANCHO,R-58792-RE9UB,0.66,https://canodiy.es/cintas-de-cierre-tipo-velcro/6528-8812-R+58792+RE9UB.html#/181-variante-ancho_100_mm
PASAMANERIA Y CINTAS,Cintas de Cierre tipo Velcro,cintas-de-cierre-tipo-velcro,CINTA DE CIERRE (TIPO VELCRO) BEIGE 193 PARTE PELO,R-58786-GIQTQ,0.66,https://canodiy.es/cintas-de-cierre-tipo-velcro/6527-8819-R+58786+GIQTQ.html#/181-variante-ancho_100_mm
PASAMANERIA Y CINTAS,Cintas de Cierre tipo Velcro,cintas-de-cierre-tipo-velcro,CINTA DE CIERRE (TIPO VELCRO) BEIGE 194 PARTE GANCHO,R-58792-4WWQO,0.66,https://canodiy.es/cintas-de-cierre-tipo-velcro/6530-8826-R+58792+4WWQO.html#/181-variante-ancho_100_mm
PASAMANERIA Y CINTAS,Cintas de Cierre tipo Velcro,cintas-de-cierre-tipo-velcro,CINTA DE CIERRE (TIPO VELCRO) BEIGE 194 PARTE PELO,R-58786-BBWC0,0.66,https://canodiy.es/cintas-de-cierre-tipo-velcro/6529-8833-R+58786+BBWC0.html#/181-variante-ancho_100_mm
PASAMANERIA Y CINTAS,Cintas de Cierre tipo Velcro,cintas-de-cierre-tipo-velcro,CINTA DE CIERRE (TIPO VELCRO) BLANCO PARTE GANCHO,R-58792,0.66,https://canodiy.es/cintas-de-cierre-tipo-velcro/6420-8840-R+58792.html#/181-variante-ancho_100_mm
PASAMANERIA Y CINTAS,Cintas de Cierre tipo Velcro,cintas-de-cierre-tipo-velcro,CINTA DE CIERRE (TIPO VELCRO) BLANCO PARTE PELO,R-58786,0.66,https://canodiy.es/cintas-de-cierre-tipo-velcro/6419-8847-R+58786.html#/181-variante-ancho_100_mm
PASAMANERIA Y CINTAS,Cintas de Cierre tipo Velcro,cintas-de-cierre-tipo-velcro,CINTA DE CIERRE (TIPO VELCRO) BURDEOS 043 PARTE GANCHO,R-58792-8O7KP,0.66,https://canodiy.es/cintas-de-cierre-tipo-velcro/6445-8854-R+58792+8O7KP.html#/181-variante-ancho_100_mm
PASAMANERIA Y CINTAS,Cintas de Cierre tipo Velcro,cintas-de-cierre-tipo-velcro,CINTA DE CIERRE (TIPO VELCRO) BURDEOS 043 PARTE PELO,R-58786-NMUWP,0.66,https://canodiy.es/cintas-de-cierre-tipo-velcro/6444-8861-R+58786+NMUWP.html#/181-variante-ancho_100_mm
PASAMANERIA Y CINTAS,Cintas de Cierre tipo Velcro,cintas-de-cierre-tipo-velcro,CINTA DE CIERRE (TIPO VELCRO) CARAMELO 248 PARTE GANCHO,R-58792-C3DH8,0.66,https://canodiy.es/cintas-de-cierre-tipo-velcro/6547-8868-R+58792+C3DH8.html#/181-variante-ancho_100_mm
PASAMANERIA Y CINTAS,Cintas de Cierre tipo Velcro,cintas-de-cierre-tipo-velcro,CINTA DE CIERRE (TIPO VELCRO) CARAMELO 248 PARTE PELO,R-58786-SAQOZ,0.66,https://canodiy.es/cintas-de-cierre-tipo-velcro/6546-8875-R+58786+SAQOZ.html#/181-variante-ancho_100_mm
PASAMANERIA Y CINTAS,Cintas de Cierre tipo Velcro,cintas-de-cierre-tipo-velcro,CINTA DE CIERRE (TIPO VELCRO) CRUDO 002 PARTE GANCHO,R-58792-LBQ9S,0.66,https://canodiy.es/cintas-de-cierre-tipo-velcro/6424-8882-R+58792+LBQ9S.html#/181-variante-ancho_100_mm
PASAMANERIA Y CINTAS,Cintas de Cierre tipo Velcro,cintas-de-cierre-tipo-velcro,CINTA DE CIERRE (TIPO VELCRO) CRUDO 002 PARTE PELO,R-58786-WYBTS,0.66,https://canodiy.es/cintas-de-cierre-tipo-velcro/6558-8889-R+58786+WYBTS.html#/181-variante-ancho_100_mm
PASAMANERIA Y CINTAS,Cintas de Cierre tipo Velcro,cintas-de-cierre-tipo-velcro,CINTA DE CIERRE (TIPO VELCRO) FUCSIA 026 PARTE GANCHO,R-58792-SQJ5J,0.66,https://canodiy.es/cintas-de-cierre-tipo-velcro/6438-8896-R+58792+SQJ5J.html#/181-variante-ancho_100_mm
PASAMANERIA Y CINTAS,Cintas de Cierre tipo Velcro,cintas-de-cierre-tipo-velcro,CINTA DE CIERRE (TIPO VELCRO) FUCSIA 026 PARTE PELO,R-58786-WO8YD,0.66,https://canodiy.es/cintas-de-cierre-tipo-velcro/6437-8903-R+58786+WO8YD.html#/181-variante-ancho_100_mm
PASAMANERIA Y CINTAS,Cintas de Cierre tipo Velcro,cintas-de-cierre-tipo-velcro,CINTA DE CIERRE (TIPO VELCRO) GRIS 101 PARTE GANCHO,R-58792-OCZOV,0.66,https://canodiy.es/cintas-de-cierre-tipo-velcro/6464-8910-R+58792+OCZOV.html#/181-variante-ancho_100_mm
PASAMANERIA Y CINTAS,Cintas de Cierre tipo Velcro,cintas-de-cierre-tipo-velcro,CINTA DE CIERRE (TIPO VELCRO) GRIS 101 PARTE PELO,R-58786-K4LMC,0.66,https://canodiy.es/cintas-de-cierre-tipo-velcro/6463-8917-R+58786+K4LMC.html#/181-variante-ancho_100_mm
PASAMANERIA Y CINTAS,Cintas de Cierre tipo Velcro,cintas-de-cierre-tipo-velcro,CINTA DE CIERRE (TIPO VELCRO) GRIS 278 PARTE GANCHO,R-58792-8UP76,0.63,https://canodiy.es/cintas-de-cierre-tipo-velcro/6551-1786-R+58792+8UP76.html#/80-variante-ancho_100_mm
PASAMANERIA Y CINTAS,Cintas de Cierre tipo Velcro,cintas-de-cierre-tipo-velcro,CINTA DE CIERRE (TIPO VELCRO) GRIS 278 PARTE PELO,R-58786-YX0KV,0.66,https://canodiy.es/cintas-de-cierre-tipo-velcro/6550-8924-R+58786+YX0KV.html#/181-variante-ancho_100_mm
PASAMANERIA Y CINTAS,Cintas de Cierre tipo Velcro,cintas-de-cierre-tipo-velcro,CINTA DE CIERRE (TIPO VELCRO) GRIS AMARRONADO 157 PARTE GANCHO,R-58792-WYCX5,0.66,https://canodiy.es/cintas-de-cierre-tipo-velcro/6512-8931-R+58792+WYCX5.html#/181-variante-ancho_100_mm
PASAMANERIA Y CINTAS,Cintas de Cierre tipo Velcro,cintas-de-cierre-tipo-velcro,CINTA DE CIERRE (TIPO VELCRO) GRIS AMARRONADO 157 PARTE PELO,R-58786-AIKS2,0.66,https://canodiy.es/cintas-de-cierre-tipo-velcro/6511-8938-R+58786+AIKS2.html#/181-variante-ancho_100_mm
PASAMANERIA Y CINTAS,Cintas de Cierre tipo Velcro,cintas-de-cierre-tipo-velcro,CINTA DE CIERRE (TIPO VELCRO) GRIS OSCURO 288 PARTE GANCHO,R-58792-4TKSB,0.66,https://canodiy.es/cintas-de-cierre-tipo-velcro/6553-8945-R+58792+4TKSB.html#/181-variante-ancho_100_mm
PASAMANERIA Y CINTAS,Cintas de Cierre tipo Velcro,cintas-de-cierre-tipo-velcro,CINTA DE CIERRE (TIPO VELCRO) GRIS OSCURO 288 PARTE PELO,R-58786-QWP7K,0.66,https://canodiy.es/cintas-de-cierre-tipo-velcro/6552-8952-R+58786+QWP7K.html#/181-variante-ancho_100_mm
PASAMANERIA Y CINTAS,Cintas de Cierre tipo Velcro,cintas-de-cierre-tipo-velcro,CINTA DE CIERRE (TIPO VELCRO) LILA 061 PARTE GANCHO,R-58792-ILMOE,0.66,https://canodiy.es/cintas-de-cierre-tipo-velcro/6454-8959-R+58792+ILMOE.html#/181-variante-ancho_100_mm
PASAMANERIA Y CINTAS,Cintas de Cierre tipo Velcro,cintas-de-cierre-tipo-velcro,CINTA DE CIERRE (TIPO VELCRO) LILA 061 PARTE PELO,R-58786-2EDLV,0.63,https://canodiy.es/cintas-de-cierre-tipo-velcro/6453-1339-R+58786+2EDLV.html#/80-variante-ancho_100_mm
PASAMANERIA Y CINTAS,Cintas de Cierre tipo Velcro,cintas-de-cierre-tipo-velcro,CINTA DE CIERRE (TIPO VELCRO) MARRÓN 102 PARTE GANCHO,R-58792-LAKSS,0.63,https://canodiy.es/cintas-de-cierre-tipo-velcro/6466-1436-R+58792+LAKSS.html#/80-variante-ancho_100_mm
PASAMANERIA Y CINTAS,Cintas de Cierre tipo Velcro,cintas-de-cierre-tipo-velcro,CINTA DE CIERRE (TIPO VELCRO) MARRÓN 102 PARTE PELO,R-58786-3BSDO,0.66,https://canodiy.es/cintas-de-cierre-tipo-velcro/6465-8966-R+58786+3BSDO.html#/181-variante-ancho_100_mm
PASAMANERIA Y CINTAS,Cintas de Cierre tipo Velcro,cintas-de-cierre-tipo-velcro,CINTA DE CIERRE (TIPO VELCRO) MARRÓN 122 PARTE GANCHO,R-58792-4NSZQ,0.66,https://canodiy.es/cintas-de-cierre-tipo-velcro/6498-8973-R+58792+4NSZQ.html#/181-variante-ancho_100_mm
PASAMANERIA Y CINTAS,Cintas de Cierre tipo Velcro,cintas-de-cierre-tipo-velcro,CINTA DE CIERRE (TIPO VELCRO) MARRÓN 122 PARTE PELO,R-58786-JNTCZ,0.66,https://canodiy.es/cintas-de-cierre-tipo-velcro/6497-8980-R+58786+JNTCZ.html#/181-variante-ancho_100_mm
PASAMANERIA Y CINTAS,Cintas de Cierre tipo Velcro,cintas-de-cierre-tipo-velcro,CINTA DE CIERRE (TIPO VELCRO) MARRÓN 134  PARTE PELO,R-58786-QDU9F,0.66,https://canodiy.es/cintas-de-cierre-tipo-velcro/6503-8987-R+58786+QDU9F.html#/181-variante-ancho_100_mm
PASAMANERIA Y CINTAS,Cintas de Cierre tipo Velcro,cintas-de-cierre-tipo-velcro,CINTA DE CIERRE (TIPO VELCRO) MARRÓN 134 PARTE GANCHO,R-58792-LGIWD,0.66,https://canodiy.es/cintas-de-cierre-tipo-velcro/6504-8994-R+58792+LGIWD.html#/181-variante-ancho_100_mm
PASAMANERIA Y CINTAS,Cintas de Cierre tipo Velcro,cintas-de-cierre-tipo-velcro,CINTA DE CIERRE (TIPO VELCRO) MARRÓN 137 PARTE GANCHO,R-58792-PJITQ,0.66,https://canodiy.es/cintas-de-cierre-tipo-velcro/6506-9001-R+58792+PJITQ.html#/181-variante-ancho_100_mm
PASAMANERIA Y CINTAS,Cintas de Cierre tipo Velcro,cintas-de-cierre-tipo-velcro,CINTA DE CIERRE (TIPO VELCRO) MARRÓN 137 PARTE PELO,R-58786-TZ3UC,0.66,https://canodiy.es/cintas-de-cierre-tipo-velcro/6505-9008-R+58786+TZ3UC.html#/181-variante-ancho_100_mm
PASAMANERIA Y CINTAS,Cintas de Cierre tipo Velcro,cintas-de-cierre-tipo-velcro,CINTA DE CIERRE (TIPO VELCRO) MARRÓN 138 PARTE GANCHO,R-58792-W3FGI,0.66,https://canodiy.es/cintas-de-cierre-tipo-velcro/6508-9015-R+58792+W3FGI.html#/181-variante-ancho_100_mm
PASAMANERIA Y CINTAS,Cintas de Cierre tipo Velcro,cintas-de-cierre-tipo-velcro,CINTA DE CIERRE (TIPO VELCRO) MARRÓN 138 PARTE PELO,R-58786-TDTUG,0.63,https://canodiy.es/cintas-de-cierre-tipo-velcro/6507-1513-R+58786+TDTUG.html#/80-variante-ancho_100_mm
PASAMANERIA Y CINTAS,Cintas de Cierre tipo Velcro,cintas-de-cierre-tipo-velcro,CINTA DE CIERRE (TIPO VELCRO) MARRÓN CAMEL 250 PARTE GANCHO,R-58792-NJPKS,0.66,https://canodiy.es/cintas-de-cierre-tipo-velcro/6549-9022-R+58792+NJPKS.html#/181-variante-ancho_100_mm
PASAMANERIA Y CINTAS,Cintas de Cierre tipo Velcro,cintas-de-cierre-tipo-velcro,CINTA DE CIERRE (TIPO VELCRO) MARRÓN CAMEL 250 PARTE PELO,R-58786-N8IAY,0.66,https://canodiy.es/cintas-de-cierre-tipo-velcro/6548-9029-R+58786+N8IAY.html#/181-variante-ancho_100_mm
PASAMANERIA Y CINTAS,Cintas de Cierre tipo Velcro,cintas-de-cierre-tipo-velcro,CINTA DE CIERRE (TIPO VELCRO) MARRÓN CAOBA 133 PARTE GANCHO,R-58792-X6DDA,0.66,https://canodiy.es/cintas-de-cierre-tipo-velcro/6502-9036-R+58792+X6DDA.html#/181-variante-ancho_100_mm
PASAMANERIA Y CINTAS,Cintas de Cierre tipo Velcro,cintas-de-cierre-tipo-velcro,CINTA DE CIERRE (TIPO VELCRO) MARRÓN CAOBA 133 PARTE PELO,R-58786-36D3F,0.66,https://canodiy.es/cintas-de-cierre-tipo-velcro/6501-9043-R+58786+36D3F.html#/181-variante-ancho_100_mm
PASAMANERIA Y CINTAS,Cintas de Cierre tipo Velcro,cintas-de-cierre-tipo-velcro,CINTA DE CIERRE (TIPO VELCRO) MARRÓN OSCURO 153 PARTE GANCHO,R-58792-VJQ25,0.66,https://canodiy.es/cintas-de-cierre-tipo-velcro/6510-9050-R+58792+VJQ25.html#/181-variante-ancho_100_mm
PASAMANERIA Y CINTAS,Cintas de Cierre tipo Velcro,cintas-de-cierre-tipo-velcro,CINTA DE CIERRE (TIPO VELCRO) MARRÓN OSCURO 153 PARTE PELO,R-58786-AFGKM,0.66,https://canodiy.es/cintas-de-cierre-tipo-velcro/6509-9057-R+58786+AFGKM.html#/181-variante-ancho_100_mm
PASAMANERIA Y CINTAS,Cintas de Cierre tipo Velcro,cintas-de-cierre-tipo-velcro,CINTA DE CIERRE (TIPO VELCRO) MORADO 038 PARTE GANCHO,R-58792-ZPGF7,0.66,https://canodiy.es/cintas-de-cierre-tipo-velcro/6440-9064-R+58792+ZPGF7.html#/181-variante-ancho_100_mm
PASAMANERIA Y CINTAS,Cintas de Cierre tipo Velcro,cintas-de-cierre-tipo-velcro,CINTA DE CIERRE (TIPO VELCRO) MORADO 038 PARTE PELO,R-58786-BZBGD,0.66,https://canodiy.es/cintas-de-cierre-tipo-velcro/6439-9071-R+58786+BZBGD.html#/181-variante-ancho_100_mm
PASAMANERIA Y CINTAS,Cintas de Cierre tipo Velcro,cintas-de-cierre-tipo-velcro,CINTA DE CIERRE (TIPO VELCRO) MORADO 218 PARTE GANCHO,R-58792-9UR7W,0.66,https://canodiy.es/cintas-de-cierre-tipo-velcro/6540-9078-R+58792+9UR7W.html#/181-variante-ancho_100_mm
PASAMANERIA Y CINTAS,Cintas de Cierre tipo Velcro,cintas-de-cierre-tipo-velcro,CINTA DE CIERRE (TIPO VELCRO) MORADO 218 PARTE PELO,R-58786-XGBOC,0.66,https://canodiy.es/cintas-de-cierre-tipo-velcro/6539-9085-R+58786+XGBOC.html#/181-variante-ancho_100_mm
PASAMANERIA Y CINTAS,Cintas de Cierre tipo Velcro,cintas-de-cierre-tipo-velcro,CINTA DE CIERRE (TIPO VELCRO) NARANJA 051 PARTE GANCHO,R-58792-JYBOP,0.66,https://canodiy.es/cintas-de-cierre-tipo-velcro/6448-9092-R+58792+JYBOP.html#/181-variante-ancho_100_mm
PASAMANERIA Y CINTAS,Cintas de Cierre tipo Velcro,cintas-de-cierre-tipo-velcro,CINTA DE CIERRE (TIPO VELCRO) NARANJA 051 PARTE PELO,R-58786-VLSAE,0.66,https://canodiy.es/cintas-de-cierre-tipo-velcro/6447-9099-R+58786+VLSAE.html#/181-variante-ancho_100_mm
PASAMANERIA Y CINTAS,Cintas de Cierre tipo Velcro,cintas-de-cierre-tipo-velcro,CINTA DE CIERRE (TIPO VELCRO) NARANJA FLÚOR 204 PARTE GANCHO,R-58792-BHHKD,0.66,https://canodiy.es/cintas-de-cierre-tipo-velcro/6536-9106-R+58792+BHHKD.html#/181-variante-ancho_100_mm
PASAMANERIA Y CINTAS,Cintas de Cierre tipo Velcro,cintas-de-cierre-tipo-velcro,CINTA DE CIERRE (TIPO VELCRO) NARANJA FLÚOR 204 PARTE PELO,R-58786-HMOTS,0.66,https://canodiy.es/cintas-de-cierre-tipo-velcro/6535-9113-R+58786+HMOTS.html#/181-variante-ancho_100_mm
PASAMANERIA Y CINTAS,Cintas de Cierre tipo Velcro,cintas-de-cierre-tipo-velcro,CINTA DE CIERRE (TIPO VELCRO) NEGRO PARTE GANCHO,R-58792-NNV9M,0.66,https://canodiy.es/cintas-de-cierre-tipo-velcro/6422-9120-R+58792+NNV9M.html#/181-variante-ancho_100_mm
PASAMANERIA Y CINTAS,Cintas de Cierre tipo Velcro,cintas-de-cierre-tipo-velcro,CINTA DE CIERRE (TIPO VELCRO) NEGRO PARTE PELO,R-58786-IKQXB,0.66,https://canodiy.es/cintas-de-cierre-tipo-velcro/6421-9127-R+58786+IKQXB.html#/181-variante-ancho_100_mm
PASAMANERIA Y CINTAS,Cintas de Cierre tipo Velcro,cintas-de-cierre-tipo-velcro,CINTA DE CIERRE (TIPO VELCRO) ROJA 041 PARTE GANCHO,R-58792-F2EGZ,0.63,https://canodiy.es/cintas-de-cierre-tipo-velcro/6442-1276-R+58792+F2EGZ.html#/80-variante-ancho_100_mm
PASAMANERIA Y CINTAS,Cintas de Cierre tipo Velcro,cintas-de-cierre-tipo-velcro,CINTA DE CIERRE (TIPO VELCRO) ROJA 041 PARTE PELO,R-58786-VAL7J,0.66,https://canodiy.es/cintas-de-cierre-tipo-velcro/6441-9134-R+58786+VAL7J.html#/181-variante-ancho_100_mm
PASAMANERIA Y CINTAS,Cintas de Cierre tipo Velcro,cintas-de-cierre-tipo-velcro,CINTA DE CIERRE (TIPO VELCRO) ROSA 016 PARTE GANCHO,R-58792-GZC7E,0.66,https://canodiy.es/cintas-de-cierre-tipo-velcro/6436-9141-R+58792+GZC7E.html#/181-variante-ancho_100_mm
PASAMANERIA Y CINTAS,Cintas de Cierre tipo Velcro,cintas-de-cierre-tipo-velcro,CINTA DE CIERRE (TIPO VELCRO) ROSA 016 PARTE PELO,R-58786-XFG1F,0.66,https://canodiy.es/cintas-de-cierre-tipo-velcro/6435-9148-R+58786+XFG1F.html#/181-variante-ancho_100_mm
PASAMANERIA Y CINTAS,Cintas de Cierre tipo Velcro,cintas-de-cierre-tipo-velcro,CINTA DE CIERRE (TIPO VELCRO) ROSA 188 PARTE GANCHO,R-58792-OG63Z,0.66,https://canodiy.es/cintas-de-cierre-tipo-velcro/6526-9155-R+58792+OG63Z.html#/181-variante-ancho_100_mm
PASAMANERIA Y CINTAS,Cintas de Cierre tipo Velcro,cintas-de-cierre-tipo-velcro,CINTA DE CIERRE (TIPO VELCRO) ROSA 188 PARTE PELO,R-58786-QBQUP,0.66,https://canodiy.es/cintas-de-cierre-tipo-velcro/6525-9162-R+58786+QBQUP.html#/181-variante-ancho_100_mm
PASAMANERIA Y CINTAS,Cintas de Cierre tipo Velcro,cintas-de-cierre-tipo-velcro,CINTA DE CIERRE (TIPO VELCRO) ROSA FLÚOR 219 PARTE GANCHO,R-58792-YF7C8,0.66,https://canodiy.es/cintas-de-cierre-tipo-velcro/6545-9169-R+58792+YF7C8.html#/181-variante-ancho_100_mm
PASAMANERIA Y CINTAS,Cintas de Cierre tipo Velcro,cintas-de-cierre-tipo-velcro,CINTA DE CIERRE (TIPO VELCRO) ROSA FLÚOR 219 PARTE PELO,R-58786-OICI3,0.66,https://canodiy.es/cintas-de-cierre-tipo-velcro/6544-9176-R+58786+OICI3.html#/181-variante-ancho_100_mm
PASAMANERIA Y CINTAS,Cintas de Cierre tipo Velcro,cintas-de-cierre-tipo-velcro,CINTA DE CIERRE (TIPO VELCRO) ROSA SALMÓN 183 PARTE GANCHO,R-58792-YSJYZ,0.66,https://canodiy.es/cintas-de-cierre-tipo-velcro/6524-9183-R+58792+YSJYZ.html#/181-variante-ancho_100_mm
PASAMANERIA Y CINTAS,Cintas de Cierre tipo Velcro,cintas-de-cierre-tipo-velcro,CINTA DE CIERRE (TIPO VELCRO) ROSA SALMÓN 183 PARTE PELO,R-58786-FG5NZ,0.66,https://canodiy.es/cintas-de-cierre-tipo-velcro/6523-9190-R+58786+FG5NZ.html#/181-variante-ancho_100_mm
PASAMANERIA Y CINTAS,Cintas de Cierre tipo Velcro,cintas-de-cierre-tipo-velcro,CINTA DE CIERRE (TIPO VELCRO) TURQUESA 164 PARTE GANCHO,R-58792-VC5B7,0.63,https://canodiy.es/cintas-de-cierre-tipo-velcro/6520-1590-R+58792+VC5B7.html#/80-variante-ancho_100_mm
PASAMANERIA Y CINTAS,Cintas de Cierre tipo Velcro,cintas-de-cierre-tipo-velcro,CINTA DE CIERRE (TIPO VELCRO) TURQUESA 164 PARTE PELO,R-58786-HZYF7,0.66,https://canodiy.es/cintas-de-cierre-tipo-velcro/6519-9197-R+58786+HZYF7.html#/181-variante-ancho_100_mm
PASAMANERIA Y CINTAS,Cintas de Cierre tipo Velcro,cintas-de-cierre-tipo-velcro,CINTA DE CIERRE (TIPO VELCRO) TURQUESA OSCURO 160 PARTE GANCHO,R-58792-AD1M4,0.66,https://canodiy.es/cintas-de-cierre-tipo-velcro/6516-9204-R+58792+AD1M4.html#/181-variante-ancho_100_mm
PASAMANERIA Y CINTAS,Cintas de Cierre tipo Velcro,cintas-de-cierre-tipo-velcro,CINTA DE CIERRE (TIPO VELCRO) TURQUESA OSCURO 160 PARTE PELO,R-58786-ILS2E,0.66,https://canodiy.es/cintas-de-cierre-tipo-velcro/6515-9211-R+58786+ILS2E.html#/181-variante-ancho_100_mm
PASAMANERIA Y CINTAS,Cintas de Cierre tipo Velcro,cintas-de-cierre-tipo-velcro,CINTA DE CIERRE (TIPO VELCRO) VERDE 098 PARTE GANCHO,R-58792-BBW8V,0.66,https://canodiy.es/cintas-de-cierre-tipo-velcro/6462-9218-R+58792+BBW8V.html#/181-variante-ancho_100_mm
PASAMANERIA Y CINTAS,Cintas de Cierre tipo Velcro,cintas-de-cierre-tipo-velcro,CINTA DE CIERRE (TIPO VELCRO) VERDE 098 PARTE PELO,R-58786-G0IVG,0.66,https://canodiy.es/cintas-de-cierre-tipo-velcro/6461-9225-R+58786+G0IVG.html#/181-variante-ancho_100_mm
PASAMANERIA Y CINTAS,Cintas de Cierre tipo Velcro,cintas-de-cierre-tipo-velcro,CINTA DE CIERRE (TIPO VELCRO) VERDE FLÚOR 201 PARTE GANCHO,R-58792-NCYOV,0.66,https://canodiy.es/cintas-de-cierre-tipo-velcro/6534-9232-R+58792+NCYOV.html#/181-variante-ancho_100_mm
PASAMANERIA Y CINTAS,Cintas de Cierre tipo Velcro,cintas-de-cierre-tipo-velcro,CINTA DE CIERRE (TIPO VELCRO) VERDE FLÚOR 201 PARTE PELO,R-58786-CKSJ1,0.66,https://canodiy.es/cintas-de-cierre-tipo-velcro/6533-9239-R+58786+CKSJ1.html#/181-variante-ancho_100_mm
PASAMANERIA Y CINTAS,Cintas de Cierre tipo Velcro,cintas-de-cierre-tipo-velcro,CINTA DE CIERRE (TIPO VELCRO) VERDE MILITAR 158 PARTE GANCHO,R-58792-QF4VG,0.66,https://canodiy.es/cintas-de-cierre-tipo-velcro/6514-9246-R+58792+QF4VG.html#/181-variante-ancho_100_mm
PASAMANERIA Y CINTAS,Cintas de Cierre tipo Velcro,cintas-de-cierre-tipo-velcro,CINTA DE CIERRE (TIPO VELCRO) VERDE MILITAR 158 PARTE PELO,R-58786-DC6HF,0.66,https://canodiy.es/cintas-de-cierre-tipo-velcro/6513-9253-R+58786+DC6HF.html#/181-variante-ancho_100_mm
PASAMANERIA Y CINTAS,Cola de Ratón,cola-de-raton,MTS. COLA DE RATON ART. P750 C/ 002,R-19640,0.46,https://canodiy.es/cola-de-raton/6089-R+19640.html
PASAMANERIA Y CINTAS,Cola de Ratón,cola-de-raton,MTS. COLA DE RATON LILA ART. P750 C/ 051,R-18988,0.46,https://canodiy.es/cola-de-raton/1664-R+18988.html
PASAMANERIA Y CINTAS,Cola de Ratón,cola-de-raton,MTS. COLA DE RATÓN AMARILLO ART. P750 C/ 005,R-19642,0.46,https://canodiy.es/cola-de-raton/1647-R+19642.html
PASAMANERIA Y CINTAS,Cola de Ratón,cola-de-raton,MTS. COLA DE RATÓN AMARILLO ART. P750 C/ 586,R-20048,0.46,https://canodiy.es/cola-de-raton/1666-R+20048.html
PASAMANERIA Y CINTAS,Cola de Ratón,cola-de-raton,MTS. COLA DE RATÓN AMARILLO CLARO ART. P750 C/ 065,R-19650,0.46,https://canodiy.es/cola-de-raton/1652-R+19650.html
PASAMANERIA Y CINTAS,Cola de Ratón,cola-de-raton,MTS. COLA DE RATÓN AMARILLO FLUOR ART. P750 C/ 007,R-20038,0.46,https://canodiy.es/cola-de-raton/1668-R+20038-8428491057747.html
PASAMANERIA Y CINTAS,Cola de Ratón,cola-de-raton,MTS. COLA DE RATÓN AQUAMARINA ART. P750 C/ 021,R-19644,0.46,https://canodiy.es/cola-de-raton/1630-R+19644-8428491057075.html
PASAMANERIA Y CINTAS,Cola de Ratón,cola-de-raton,MTS. COLA DE RATÓN ART. P750 C/ 076,R-19653,0.46,https://canodiy.es/cola-de-raton/1671-R+19653.html
PASAMANERIA Y CINTAS,Cola de Ratón,cola-de-raton,MTS. COLA DE RATÓN AZUL ART. P750 C/ 027,R-18985,0.46,https://canodiy.es/cola-de-raton/1632-R+18985-8428491057099.html
PASAMANERIA Y CINTAS,Cola de Ratón,cola-de-raton,MTS. COLA DE RATÓN AZUL CLARO ART. P750 C/ 025,R-20097,0.46,https://canodiy.es/cola-de-raton/1631-R+20097-8428491057761.html
PASAMANERIA Y CINTAS,Cola de Ratón,cola-de-raton,MTS. COLA DE RATÓN AZUL OSCURO ART. P750 C/ 020,R-18984,0.46,https://canodiy.es/cola-de-raton/1629-R+18984-8428491057068.html
PASAMANERIA Y CINTAS,Cola de Ratón,cola-de-raton,MTS. COLA DE RATÓN AZUL OSCURO ART. P750 C/ 022,R-16688,0.46,https://canodiy.es/cola-de-raton/1673-R+16688-8428491057082.html
PASAMANERIA Y CINTAS,Cola de Ratón,cola-de-raton,MTS. COLA DE RATÓN BEIG ART. P750 C/ 003,R-19641,0.46,https://canodiy.es/cola-de-raton/1634-R+19641.html
PASAMANERIA Y CINTAS,Cola de Ratón,cola-de-raton,MTS. COLA DE RATÓN BLANCO ROTO ART. P750 C/ 028,R-19645,0.46,https://canodiy.es/cola-de-raton/1633-R+19645.html
PASAMANERIA Y CINTAS,Cola de Ratón,cola-de-raton,MTS. COLA DE RATÓN BLANCO ROTO ART. P750 C/ 602,R-20049,0.46,https://canodiy.es/cola-de-raton/1636-R+20049.html
PASAMANERIA Y CINTAS,Cola de Ratón,cola-de-raton,MTS. COLA DE RATÓN BURDEOS ART. P750 C/ 048,R-19648,0.46,https://canodiy.es/cola-de-raton/1646-R+19648.html
PASAMANERIA Y CINTAS,Cola de Ratón,cola-de-raton,MTS. COLA DE RATÓN CELESTE ART. P750 C/ 016,R-19643,0.46,https://canodiy.es/cola-de-raton/1628-R+19643.html
PASAMANERIA Y CINTAS,Cola de Ratón,cola-de-raton,MTS. COLA DE RATÓN DORADO ART. P750 C/ 087,R-19655,0.46,https://canodiy.es/cola-de-raton/1638-R+19655-8428491057310.html
PASAMANERIA Y CINTAS,Cola de Ratón,cola-de-raton,MTS. COLA DE RATÓN GRIS ART. P750 C/ 008,R-20086,0.46,https://canodiy.es/cola-de-raton/1623-R+20086-8428491057044.html
PASAMANERIA Y CINTAS,Cola de Ratón,cola-de-raton,MTS. COLA DE RATÓN GRIS ART. P750 C/ 011,R-17246,0.46,https://canodiy.es/cola-de-raton/1627-R+17246-8428491057341.html
PASAMANERIA Y CINTAS,Cola de Ratón,cola-de-raton,MTS. COLA DE RATÓN GRIS PALIDO ART. P750 C/ 056,R-16311,0.46,https://canodiy.es/cola-de-raton/1651-R+16311.html
PASAMANERIA Y CINTAS,Cola de Ratón,cola-de-raton,MTS. COLA DE RATÓN MARRÓN ART. P750 C/ 044,R-18987,0.46,https://canodiy.es/cola-de-raton/1662-R+18987-8428491057167.html
PASAMANERIA Y CINTAS,Cola de Ratón,cola-de-raton,MTS. COLA DE RATÓN MARRÓN ART. P750 C/ 074,R-20043,0.46,https://canodiy.es/cola-de-raton/1669-R+20043.html
PASAMANERIA Y CINTAS,Cola de Ratón,cola-de-raton,MTS. COLA DE RATÓN MARRÓN OSCURO ART. P750 C/ 043,R-16689,0.46,https://canodiy.es/cola-de-raton/1645-R+16689.html
PASAMANERIA Y CINTAS,Cola de Ratón,cola-de-raton,MTS. COLA DE RATÓN MORADO ART. P750 C/ 053,R-18989,0.46,https://canodiy.es/cola-de-raton/1643-R+18989.html
PASAMANERIA Y CINTAS,Cola de Ratón,cola-de-raton,MTS. COLA DE RATÓN MULTICOLOR ART. P755 C/ 555,R-21719,0.59,https://canodiy.es/cola-de-raton/1659-R+21719.html
PASAMANERIA Y CINTAS,Cola de Ratón,cola-de-raton,MTS. COLA DE RATÓN NARANJA ART. P750 C/ 082,R-19654,0.46,https://canodiy.es/cola-de-raton/1657-R+19654.html
PASAMANERIA Y CINTAS,Cola de Ratón,cola-de-raton,MTS. COLA DE RATÓN NARANJA CLARO ART. P750 C/ 042,R-19647,0.46,https://canodiy.es/cola-de-raton/1635-R+19647.html
PASAMANERIA Y CINTAS,Cola de Ratón,cola-de-raton,MTS. COLA DE RATÓN NARANJA FLUOR ART. P750 C/ 072,R-44447,0.46,https://canodiy.es/cola-de-raton/1672-R+44447-8428491057808.html
PASAMANERIA Y CINTAS,Cola de Ratón,cola-de-raton,MTS. COLA DE RATÓN NEGRO ART. P750 C/ 00,R-4729,0.46,https://canodiy.es/cola-de-raton/1626-R+4729-8428491057006.html
PASAMANERIA Y CINTAS,Cola de Ratón,cola-de-raton,MTS. COLA DE RATÓN ROJO ART. P750 C/ 046,R-17462,0.46,https://canodiy.es/cola-de-raton/1663-R+17462.html
PASAMANERIA Y CINTAS,Cola de Ratón,cola-de-raton,MTS. COLA DE RATÓN ROJO ART. P750 C/ 551,R-18849,0.46,https://canodiy.es/cola-de-raton/1661-R+18849-8428491057785.html
PASAMANERIA Y CINTAS,Cola de Ratón,cola-de-raton,MTS. COLA DE RATÓN ROSA ART. P750 C/ 030,R-20040,0.46,https://canodiy.es/cola-de-raton/1641-R+20040.html
PASAMANERIA Y CINTAS,Cola de Ratón,cola-de-raton,MTS. COLA DE RATÓN ROSA ART. P750 C/ 032,R-19646,0.46,https://canodiy.es/cola-de-raton/1642-R+19646.html
PASAMANERIA Y CINTAS,Cola de Ratón,cola-de-raton,MTS. COLA DE RATÓN ROSA ART. P750 C/ 034,R-18986,0.46,https://canodiy.es/cola-de-raton/1644-R+18986.html
PASAMANERIA Y CINTAS,Cola de Ratón,cola-de-raton,MTS. COLA DE RATÓN ROSA ART. P750 C/ 078,R-20045,0.46,https://canodiy.es/cola-de-raton/1655-R+20045.html
PASAMANERIA Y CINTAS,Cola de Ratón,cola-de-raton,MTS. COLA DE RATÓN ROSA ART. P750 C/ 083,R-20046,0.46,https://canodiy.es/cola-de-raton/1670-R+20046.html
PASAMANERIA Y CINTAS,Cola de Ratón,cola-de-raton,MTS. COLA DE RATÓN ROSA CLARO ART. P750 C/ 029,R-20039,0.46,https://canodiy.es/cola-de-raton/1640-R+20039.html
PASAMANERIA Y CINTAS,Cola de Ratón,cola-de-raton,MTS. COLA DE RATÓN ROSA FLUOR ART. P750 C/ 075,R-20044,0.46,https://canodiy.es/cola-de-raton/1654-R+20044.html
PASAMANERIA Y CINTAS,Cola de Ratón,cola-de-raton,MTS. COLA DE RATÓN ROSA PALIDO ART. P750 C/ 533,R-20047,0.46,https://canodiy.es/cola-de-raton/1649-R+20047.html
PASAMANERIA Y CINTAS,Cola de Ratón,cola-de-raton,MTS. COLA DE RATÓN TURQUESA ART. P750 C/ 073,R-19652,0.46,https://canodiy.es/cola-de-raton/1637-R+19652-8428491057273.html
PASAMANERIA Y CINTAS,Cola de Ratón,cola-de-raton,MTS. COLA DE RATÓN VERDE ART. P750 C/ 057,R-20098,0.46,https://canodiy.es/cola-de-raton/1665-R+20098-8428491057228.html
PASAMANERIA Y CINTAS,Cola de Ratón,cola-de-raton,MTS. COLA DE RATÓN VERDE ART. P750 C/ 060,R-18851,0.46,https://canodiy.es/cola-de-raton/1674-R+18851.html
PASAMANERIA Y CINTAS,Cola de Ratón,cola-de-raton,MTS. COLA DE RATÓN VERDE ART. P750 C/ 061,R-20041,0.46,https://canodiy.es/cola-de-raton/1667-R+20041.html
PASAMANERIA Y CINTAS,Cola de Ratón,cola-de-raton,MTS. COLA DE RATÓN VERDE ART. P750 C/ 088,R-19656,0.46,https://canodiy.es/cola-de-raton/1658-R+19656.html
PASAMANERIA Y CINTAS,Cola de Ratón,cola-de-raton,MTS. COLA DE RATÓN VERDE CLARO ART. P750 C/ 067,R-20042,0.46,https://canodiy.es/cola-de-raton/1653-R+20042.html
PASAMANERIA Y CINTAS,Cola de Ratón,cola-de-raton,MTS. COLA DE RATÓN VERDE KAKI ART. P750 C/ 055,R-19649,0.46,https://canodiy.es/cola-de-raton/1650-R+19649.html
PASAMANERIA Y CINTAS,Cola de Ratón,cola-de-raton,MTS. COLA DE RATÓN VERDE OSCURO ART. P750 C/ 063,R-44446,0.46,https://canodiy.es/cola-de-raton/1639-R+44446-8428491057235.html
PASAMANERIA Y CINTAS,Mochila,mochila,ANILLA PLÁSTICO REGULADORA MOCHILA 20MM. REF. 50029 C/ NEGRO,R-46768,0.19,https://canodiy.es/mochila/1980-R+46768-9999999037139.html
PASAMANERIA Y CINTAS,Mochila,mochila,ANILLA PLÁSTICO REGULADORA MOCHILA 25MM. REF. 50029 C/ NEGRO,R-46771,0.22,https://canodiy.es/mochila/1981-R+46771-9999999019319.html
PASAMANERIA Y CINTAS,Mochila,mochila,ANILLA PLÁSTICO REGULADORA MOCHILA 50MM. REF. 50029 C/ NEGRO,R-46772,0.27,https://canodiy.es/mochila/2017-R+46772.html
PASAMANERIA Y CINTAS,Mochila,mochila,CIERRE PLASTICO MOCHILA 15MM. REF. 2012 C/ NEGRO,R-46755,0.22,https://canodiy.es/mochila/1973-R+46755.html
PASAMANERIA Y CINTAS,Mochila,mochila,CIERRE PLASTICO MOCHILA 25MM. REF. 2013 C/ NEGRO,R-46762,0.25,https://canodiy.es/mochila/1975-R+46762-9999999019326.html
PASAMANERIA Y CINTAS,Mochila,mochila,CIERRE PLASTICO MOCHILA 30MM. REF. 2013 C/ NEGRO,R-46763,0.29,https://canodiy.es/mochila/1976-R+46763.html
PASAMANERIA Y CINTAS,Mochila,mochila,CIERRE PLÁSTICO MOCHILA 20MM. REF. 2013 C/ NEGRO,R-46761,0.23,https://canodiy.es/mochila/1974-R+46761.html
PASAMANERIA Y CINTAS,Mochila,mochila,CIERRE PLÁSTICO MOCHILA 50MM. REF. 2013 C/ NEGRO,R-46799,0.32,https://canodiy.es/mochila/1977-R+46799.html
PASAMANERIA Y CINTAS,Mochila,mochila,CIERRE PLÁSTICO PRISIONERO OVALADA REF. 6046 8MM. C/ NEGRO,R-46774,0.17,https://canodiy.es/mochila/2019-R+46774-9999999025969.html
PASAMANERIA Y CINTAS,Mochila,mochila,CINTA ALGODÓN ESPIGA AMARILLO 30MM REF. 393 C/ 273,R-57031,1.73,https://canodiy.es/mochila/5987-R+57031-9999999009921.html
PASAMANERIA Y CINTAS,Mochila,mochila,CINTA ALGODÓN ESPIGA AZUL 30MM REF. 393 C/ 265,R-57045,1.73,https://canodiy.es/mochila/5989-R+57045.html
PASAMANERIA Y CINTAS,Mochila,mochila,CINTA ALGODÓN ESPIGA AZUL ELÉCTRICO 30MM REF. 393 C/ 606,R-57046,1.73,https://canodiy.es/mochila/5994-R+57046.html
PASAMANERIA Y CINTAS,Mochila,mochila,CINTA ALGODÓN ESPIGA AZUL MARINO 30MM Y 40MM REF. 393 C/ 008,R-61227-1UN55,1.73,https://canodiy.es/mochila/7066-9279-R+61227+1UN55.html#/182-variante-ancho_30_mm
PASAMANERIA Y CINTAS,Mochila,mochila,CINTA ALGODÓN ESPIGA BEIGE 30MM Y 40MM REF. 393 C/ 004,R-61227-ZMU5V,1.73,https://canodiy.es/mochila/7062-7375-R+61227+ZMU5V.html#/182-variante-ancho_30_mm
PASAMANERIA Y CINTAS,Mochila,mochila,CINTA ALGODÓN ESPIGA BLANCO 30MM Y 40MM REF. 393 C/ 025,R-61227-XEEVW,1.73,https://canodiy.es/mochila/7061-7379-R+61227+XEEVW.html#/182-variante-ancho_30_mm
PASAMANERIA Y CINTAS,Mochila,mochila,CINTA ALGODÓN ESPIGA BLANCO ROTO 30MM Y 40MM REF. 393 C/ 101,R-61227-DM23H,1.73,https://canodiy.es/mochila/7067-7377-R+61227+DM23H.html#/182-variante-ancho_30_mm
PASAMANERIA Y CINTAS,Mochila,mochila,CINTA ALGODÓN ESPIGA BURDEOS 30MM REF. 393 C/ 990,R-57036,1.73,https://canodiy.es/mochila/5977-R+57036-9999999010491.html
PASAMANERIA Y CINTAS,Mochila,mochila,CINTA ALGODÓN ESPIGA FUCSIA 30MM REF. 393 C/ 143,R-57034,1.73,https://canodiy.es/mochila/5991-R+57034-8413632512810.html
PASAMANERIA Y CINTAS,Mochila,mochila,CINTA ALGODÓN ESPIGA GRIS 30MM Y 40MM REF. 393 C/ 015,R-61227,1.73,https://canodiy.es/mochila/7060-7381-R+61227.html#/182-variante-ancho_30_mm
PASAMANERIA Y CINTAS,Mochila,mochila,CINTA ALGODÓN ESPIGA GRIS OSCURO 30MM REF. 393 C/ 292,R-57043,1.73,https://canodiy.es/mochila/5993-R+57043.html
PASAMANERIA Y CINTAS,Mochila,mochila,CINTA ALGODÓN ESPIGA LILA 30MM REF. 393 C/ 262,R-57049,1.73,https://canodiy.es/mochila/5990-R+57049.html
PASAMANERIA Y CINTAS,Mochila,mochila,CINTA ALGODÓN ESPIGA MARRÓN 30MM Y 40MM REF. 393 C/ 274,R-61227-IFH6Z,1.73,https://canodiy.es/mochila/7064-9635-R+61227+IFH6Z.html#/182-variante-ancho_30_mm
PASAMANERIA Y CINTAS,Mochila,mochila,CINTA ALGODÓN ESPIGA MARRÓN CAMEL 30MM REF. 393 C/ 005,R-57039,1.73,https://canodiy.es/mochila/5984-R+57039-9999999010118.html
PASAMANERIA Y CINTAS,Mochila,mochila,CINTA ALGODÓN ESPIGA MORADO 30MM REF. 393 C/ 267,R-57048,1.73,https://canodiy.es/mochila/5975-R+57048-8413632512872.html
PASAMANERIA Y CINTAS,Mochila,mochila,CINTA ALGODÓN ESPIGA NARANJA 30MM Y 40MM REF. 393 C/ 174,R-61227-DBRST,1.73,https://canodiy.es/mochila/7147-7383-R+61227+DBRST.html#/182-variante-ancho_30_mm
PASAMANERIA Y CINTAS,Mochila,mochila,CINTA ALGODÓN ESPIGA NEGRO 30MM Y 40MM REF. 393 C/ 012,R-61227-NYAGT,1.73,https://canodiy.es/mochila/7065-7385-R+61227+NYAGT.html#/182-variante-ancho_30_mm
PASAMANERIA Y CINTAS,Mochila,mochila,CINTA ALGODÓN ESPIGA ROJA 30MM REF. 393 C/ 003,R-57035,1.73,https://canodiy.es/mochila/5981-R+57035-8413632512728.html
PASAMANERIA Y CINTAS,Mochila,mochila,CINTA ALGODÓN ESPIGA ROSA 30MM REF. 393 C/ 155,R-57033,1.73,https://canodiy.es/mochila/5976-R+57033.html
PASAMANERIA Y CINTAS,Mochila,mochila,CINTA ALGODÓN ESPIGA VERDE 30MM REF. 393 C/ 202,R-57041,1.73,https://canodiy.es/mochila/5992-R+57041-9999999010125.html
PASAMANERIA Y CINTAS,Mochila,mochila,CINTA ALGODÓN ESPIGA VERDE KAKI 30MM REF. 393 C/ 987,R-57038,1.73,https://canodiy.es/mochila/5995-R+57038-8413632512926.html
PASAMANERIA Y CINTAS,Mochila,mochila,CINTA ALGODÓN ESPIGA VERDE OSCURO 30MM Y 40MM REF. 393 C/ 991,R-61227-LKJ9V,1.73,https://canodiy.es/mochila/7063-7389-R+61227+LKJ9V.html#/182-variante-ancho_30_mm
PASAMANERIA Y CINTAS,Mochila,mochila,CINTA ALGODÓN ESPIGA VERDE PISTACHO 30MM REF. 393 C/ 103,R-57040,1.73,https://canodiy.es/mochila/5988-R+57040-9999999009938.html
PASAMANERIA Y CINTAS,Mochila,mochila,CINTA BEIGE DE LONETA PARA ASAS DE BOLSO Y MOCHILAS - 40 MM,R-62902,5.5,https://canodiy.es/mochila/8525-R+62902.html
PASAMANERIA Y CINTAS,Mochila,mochila,CINTA DE MOCHILA 160 NEGRA 001 40MM,R-44962,0.88,https://canodiy.es/mochila/6413-R+44962-8428491049025.html
PASAMANERIA Y CINTAS,Mochila,mochila,CINTADE MOCHILA 160 GRIS CLARO 008 25MM,R-44948,0.64,https://canodiy.es/mochila/9210-R+44948-8428491048707.html
PASAMANERIA Y CINTAS,Mochila,mochila,MOSQUETONES 10MM. REF. 3051 C/ NEGRO,R-46764,0.17,https://canodiy.es/mochila/1978-R+46764.html
PASAMANERIA Y CINTAS,Otras Cintas,otras-cintas,MTS. CINTA BANDERA ESPAÑA P470 6MM. C/001,R-23531,0.44,https://canodiy.es/otras-cintas/4865-R+23531.html
PASAMANERIA Y CINTAS,Otras Cintas,otras-cintas,MTS. CINTA BANDERA P470 12MM. C/001 ESPAÑA,R-28094,0.51,https://canodiy.es/otras-cintas/4866-R+28094-8428491100115.html
PASAMANERIA Y CINTAS,Otras Cintas,otras-cintas,MTS. CINTA BANDERA P470 18MM. C/001 ESPAÑA,R-23579,0.62,https://canodiy.es/otras-cintas/4867-R+23579.html
PASAMANERIA Y CINTAS,Otras Cintas,otras-cintas,MTS. CINTA BANDERA P470 25MM. C/001 ESPAÑA,R-21870,0.76,https://canodiy.es/otras-cintas/4868-R+21870-8428491100153.html
PASAMANERIA Y CINTAS,Otras Cintas,otras-cintas,MTS. FLECO MADROÑO 10MM. ART. 584400 C/ 0004 AMARILLO,R-57384,0.91,https://canodiy.es/otras-cintas/6090-R+57384.html
PASAMANERIA Y CINTAS,Otras Cintas,otras-cintas,MTS. FLECO MADROÑO 10MM. ART. 584400 C/ 0015 VERDE,R-57384-LOBZR,0.91,https://canodiy.es/otras-cintas/6091-R+57384+LOBZR.html
PASAMANERIA Y CINTAS,Otras Cintas,otras-cintas,MTS. FLECO MADROÑO 10MM. ART. 584400 C/ 0019 AZUL,R-57384-CH03D,0.91,https://canodiy.es/otras-cintas/6093-R+57384+CH03D.html
PASAMANERIA Y CINTAS,Otras Cintas,otras-cintas,MTS. FLECO MADROÑO 20X40MM. ART. 853007 C/ 0007 FUCSIA,R-43209,1.15,https://canodiy.es/otras-cintas/2206-R+43209-9999999016035.html
PASAMANERIA Y CINTAS,Otras Cintas,otras-cintas,MTS. FLECO MADROÑO 20X40MM. ART. 853007 C/ 0021 MALVA,R-42883,1.15,https://canodiy.es/otras-cintas/2207-R+42883.html
PASAMANERIA Y CINTAS,Otras Cintas,otras-cintas,MTS. FLECO MADROÑO 20X40MM. ART. 853007 C/ 0221 ROSA,R-43078,1.15,https://canodiy.es/otras-cintas/2208-R+43078.html
PASAMANERIA Y CINTAS,Otras Cintas,otras-cintas,MTS. PASAMANERIA DE LANA BLANCO ROTO 4111 C/ 135,R-57431,0.65,https://canodiy.es/otras-cintas/6108-R+57431-9999999019708.html
PASAMANERIA Y CINTAS,Otras Cintas,otras-cintas,MTS. PASAMANERIA DE LANA NEGRO 4111 C/ 050,R-57431-XVUT7,0.65,https://canodiy.es/otras-cintas/6113-R+57431+XVUT7.html
PASAMANERIA Y CINTAS,Otras Cintas,otras-cintas,MTS. PASAMANERIA LENTEJUELA 4MM AMARILLA 30142.004.542,R-57418-XIJGF,0.36,https://canodiy.es/otras-cintas/6104-R+57418+XIJGF.html
PASAMANERIA Y CINTAS,Otras Cintas,otras-cintas,MTS. PASAMANERIA LENTEJUELA 4MM NEGRO 30142.004.236,R-57418,0.36,https://canodiy.es/otras-cintas/6102-R+57418.html
PASAMANERIA Y CINTAS,Otras Cintas,otras-cintas,MTS. PASAMANERIA LENTEJUELA 4MM ROSA 30142.004.501,R-57418-VTMGB,0.36,https://canodiy.es/otras-cintas/6103-R+57418+VTMGB.html
PASAMANERIA Y CINTAS,Otras Cintas,otras-cintas,MTS. PASAMANERIA PUNTILLA BLANCA 054101.000.0001,R-57434-CUNOK,0.48,https://canodiy.es/otras-cintas/6114-R+57434+CUNOK.html
PASAMANERIA Y CINTAS,Otras Cintas,otras-cintas,MTS. PASAMANERÍA PUNTILLA ELÁSTICA LILA 5046 C/ 018,R-57475,0.51,https://canodiy.es/otras-cintas/6129-R+57475.html
PASAMANERIA Y CINTAS,Otras Cintas,otras-cintas,MTS. PASAMANERÍA PUNTILLA ELÁSTICA NYLON BLANCA 054114.000.0003,R-57434,0.51,https://canodiy.es/otras-cintas/6109-R+57434-9999999015977.html
PASAMANERIA Y CINTAS,Otras Cintas,otras-cintas,MTS. PASAMANERÍA PUNTILLA ELÁSTICA NYLON BLANCA 054115.000.0003,R-57434-SSLKS,0.51,https://canodiy.es/otras-cintas/6110-R+57434+SSLKS-9999999015984.html
PASAMANERIA Y CINTAS,Otras Cintas,otras-cintas,MTS. PASAMANERÍA PUNTILLA ELÁSTICA NYLON NEGRO 054158.000.0002,R-57434-VXRYU-GLZSI,1.0,https://canodiy.es/otras-cintas/6112-R+57434+VXRYU+GLZSI-9999999014260.html
PASAMANERIA Y CINTAS,Otras Cintas,otras-cintas,MTS. PASAMANERÍA TUL NEGRO CON BOLAS METALIZADAS COSIDAS 744010.000.0002,R-57423,6.03,https://canodiy.es/otras-cintas/6106-R+57423.html
PASAMANERIA Y CINTAS,Otras Cintas,otras-cintas,MTS. VIVO ELÁSTICO BOLITAS FLOCADAS BLANCO ROTO REF. 5513 C/ 9000,R-57428,0.8,https://canodiy.es/otras-cintas/6107-R+57428.html
PASAMANERIA Y CINTAS,Otras Cintas,otras-cintas,TIRA TRENZADA SINTÉNTICAINYECTADA 5 MM COLOR MARRÓN,R-68250,1.42,https://canodiy.es/otras-cintas/9649-R+68250-9999999036477.html
PASAMANERIA Y CINTAS,Otras Cintas,otras-cintas,TIRA TRENZADA SINTÉNTICAINYECTADA 5 MM COLOR NEGRO,R-68218,1.42,https://canodiy.es/otras-cintas/9648-R+68218-9999999036422.html
PASAMANERIA Y CINTAS,PASAMANERÍA Y DECORACIÓN,pasamaneria-y-decoracion,MTS. PERLA REDONDA 8MM C/ BLANCO,R-42797,1.14,https://canodiy.es/pasamaneria-y-decoracion/1608-R+42797.html
SOPORTES Y REFUERZOS,Cintas Adhesivas,cintas-adhesivas,ROLLO 50MTS CINTA ADHESIVA DOBLE CARA 12MM,R-6450,2.87,https://canodiy.es/cintas-adhesivas/1693-R+6450-9999999011610.html
SOPORTES Y REFUERZOS,Cintas Adhesivas,cintas-adhesivas,ROLLO 50MTS CINTA ADHESIVA DOBLE CARA 16MM,R-42582,3.81,https://canodiy.es/cintas-adhesivas/1694-R+42582.html
SOPORTES Y REFUERZOS,Cintas Adhesivas,cintas-adhesivas,ROLLO 50MTS CINTA ADHESIVA DOBLE CARA 19MM,R-315,4.54,https://canodiy.es/cintas-adhesivas/1695-R+315-9999999015427.html
SOPORTES Y REFUERZOS,Cintas Adhesivas,cintas-adhesivas,ROLLO 50MTS CINTA ADHESIVA DOBLE CARA 20MM,R-41646,4.78,https://canodiy.es/cintas-adhesivas/1696-R+41646.html
SOPORTES Y REFUERZOS,Cintas Adhesivas,cintas-adhesivas,ROLLO 50MTS CINTA ADHESIVA DOBLE CARA 25MM,R-29459,5.97,https://canodiy.es/cintas-adhesivas/1697-R+29459-9999999011641.html
SOPORTES Y REFUERZOS,Cintas Adhesivas,cintas-adhesivas,ROLLO 50MTS CINTA ADHESIVA DOBLE CARA 30MM,R-3244,7.17,https://canodiy.es/cintas-adhesivas/1698-R+3244-9999999015533.html
SOPORTES Y REFUERZOS,Cintas Adhesivas,cintas-adhesivas,ROLLO 50MTS CINTA ADHESIVA DOBLE CARA 32MM,R-15058,7.65,https://canodiy.es/cintas-adhesivas/1699-R+15058.html
SOPORTES Y REFUERZOS,Cintas Adhesivas,cintas-adhesivas,ROLLO 50MTS CINTA ADHESIVA DOBLE CARA 3MM,R-5077,0.72,https://canodiy.es/cintas-adhesivas/1689-R+5077-9999999006128.html
SOPORTES Y REFUERZOS,Cintas Adhesivas,cintas-adhesivas,ROLLO 50MTS CINTA ADHESIVA DOBLE CARA 4MM,R-2129,0.97,https://canodiy.es/cintas-adhesivas/1690-R+2129-9999999006135.html
SOPORTES Y REFUERZOS,Cintas Adhesivas,cintas-adhesivas,ROLLO 50MTS CINTA ADHESIVA DOBLE CARA 6MM,R-312,1.42,https://canodiy.es/cintas-adhesivas/1691-R+312-9999999006142.html
SOPORTES Y REFUERZOS,Cintas Adhesivas,cintas-adhesivas,ROLLO 50MTS CINTA ADHESIVA DOBLE CARA 9MM,R-4274,2.15,https://canodiy.es/cintas-adhesivas/1692-R+4274-9999999004582.html
SOPORTES Y REFUERZOS,Cintas Adhesivas,cintas-adhesivas,ROLLO CELOFÁN CIERRABOLSAS 12MM TRANSPARENTE,R-15605,1.77,https://canodiy.es/cintas-adhesivas/361-R+15605-8410782112655.html
SOPORTES Y REFUERZOS,Cintas Adhesivas,cintas-adhesivas,ROLLO CINTA ADH. PAPEL LISO 50 MTS X 15MM.,R-14954,1.51,https://canodiy.es/cintas-adhesivas/1808-R+14954-9999999012259.html
SOPORTES Y REFUERZOS,Cintas Adhesivas,cintas-adhesivas,ROLLO CINTA ADH. PAPEL LISO 50 MTS X 20MM.,R-19260,2.02,https://canodiy.es/cintas-adhesivas/1810-R+19260.html
SOPORTES Y REFUERZOS,Cintas Adhesivas,cintas-adhesivas,ROLLO CINTA ADH. PAPEL LISO 50MTS X 10MM.,R-15916,1.0,https://canodiy.es/cintas-adhesivas/1806-R+15916-9999999012235.html
SOPORTES Y REFUERZOS,Cintas Adhesivas,cintas-adhesivas,ROLLO CINTA ADH. PAPEL LISO 50MTS X 12MM,R-19261,1.21,https://canodiy.es/cintas-adhesivas/1807-R+19261-9999999012242.html
SOPORTES Y REFUERZOS,Cintas Adhesivas,cintas-adhesivas,ROLLO CINTA ADH. PAPEL LISO 50MTS X 18MM.,R-17882,1.82,https://canodiy.es/cintas-adhesivas/1809-R+17882-9999999004636.html
SOPORTES Y REFUERZOS,Cintas Adhesivas,cintas-adhesivas,ROLLO CINTA ADH. PAPEL LISO 50MTS X 25MM.,R-12082,2.52,https://canodiy.es/cintas-adhesivas/1811-R+12082-9999999004315.html
SOPORTES Y REFUERZOS,Cintas Adhesivas,cintas-adhesivas,ROLLO CINTA ADH. PAPEL LISO 50MTS X 30MM.,R-19262,3.03,https://canodiy.es/cintas-adhesivas/1812-R+19262-9999999013300.html
SOPORTES Y REFUERZOS,Cintas Adhesivas,cintas-adhesivas,ROLLO CINTA ADH. PAPEL LISO 50MTS X 8MM.,R-22680,0.81,https://canodiy.es/cintas-adhesivas/1805-R+22680.html
SOPORTES Y REFUERZOS,Cintas Adhesivas,cintas-adhesivas,ROLLO CINTA ADHESIVA NYLON 658 45 MTS 19MM. NEGRA,R-56513,4.65,https://canodiy.es/cintas-adhesivas/9638-R+56513-9999999004766.html
SOPORTES Y REFUERZOS,Cintas Adhesivas,cintas-adhesivas,ROLLO CINTA ADHESIVA NYLON 658 45MTS 12MM. BLANCA,R-5061,2.93,https://canodiy.es/cintas-adhesivas/8903-R+5061-9999999006074.html
SOPORTES Y REFUERZOS,Cintas Adhesivas,cintas-adhesivas,ROLLO CINTA ADHESIVA NYLON 658 45MTS 12MM. NEGRA,R-51631,2.93,https://canodiy.es/cintas-adhesivas/8904-R+51631-9999999012808.html
SOPORTES Y REFUERZOS,Cintas Adhesivas,cintas-adhesivas,ROLLO CINTA ADHESIVA NYLON 660 45MTS 15MM. BLANCA,R-55474,2.86,https://canodiy.es/cintas-adhesivas/6275-R+55474-9999999004179.html
SOPORTES Y REFUERZOS,Cintas Adhesivas,cintas-adhesivas,ROLLO CINTA ADHESIVA NYLON 660 45MTS 15MM. NEGRA,R-56203,2.86,https://canodiy.es/cintas-adhesivas/6274-R+56203-9999999004193.html
SOPORTES Y REFUERZOS,Cintas Adhesivas,cintas-adhesivas,ROLLO CINTA ADHESIVA NYLON 660 45MTS 19MM. BLANCA,R-322,3.45,https://canodiy.es/cintas-adhesivas/6276-R+322-9999999005725.html
SOPORTES Y REFUERZOS,Cintas Adhesivas,cintas-adhesivas,ROLLO CINTA ADHESIVA NYLON 660 45MTS 25MM. BLANCA,R-56202,4.75,https://canodiy.es/cintas-adhesivas/6279-R+56202-9999999004186.html
SOPORTES Y REFUERZOS,Cintas Adhesivas,cintas-adhesivas,ROLLO CINTA ADHESIVA NYLON 660 45MTS 25MM. NEGRA,R-56204,4.75,https://canodiy.es/cintas-adhesivas/6278-R+56204-9999999004162.html
SOPORTES Y REFUERZOS,Cintas Adhesivas,cintas-adhesivas,ROLLO CINTA ADHESIVA NYLON 660 45MTS 30MM. BLANCA,R-56857,5.7,https://canodiy.es/cintas-adhesivas/6280-R+56857-9999999005770.html
SOPORTES Y REFUERZOS,Cintas Adhesivas,cintas-adhesivas,ROLLO CINTA ADHESIVA NYLON 660 45MTS 4MM. BLANCA,R-317,0.76,https://canodiy.es/cintas-adhesivas/6267-R+317-9999999004810.html
SOPORTES Y REFUERZOS,Cintas Adhesivas,cintas-adhesivas,ROLLO CINTA ADHESIVA NYLON 660 45MTS 4MM. NEGRA,R-327,0.84,https://canodiy.es/cintas-adhesivas/6268-R+327-9999999005626.html
SOPORTES Y REFUERZOS,Cintas Adhesivas,cintas-adhesivas,ROLLO CINTA ADHESIVA NYLON 660 45MTS 6MM. BLANCA,R-57545,1.14,https://canodiy.es/cintas-adhesivas/6269-R+57545-9999999007644.html
SOPORTES Y REFUERZOS,Cintas Adhesivas,cintas-adhesivas,ROLLO CINTA ADHESIVA NYLON 660 45MTS 6MM. NEGRA,R-56520,1.14,https://canodiy.es/cintas-adhesivas/6270-R+56520-9999999005688.html
SOPORTES Y REFUERZOS,Cintas Adhesivas,cintas-adhesivas,ROLLO CINTA ADHESIVA NYLON 660 45MTS 9MM. NEGRA,R-330,1.91,https://canodiy.es/cintas-adhesivas/6271-R+330-9999999005695.html
SOPORTES Y REFUERZOS,Cintas Adhesivas,cintas-adhesivas,ROLLO CINTA ADHESIVA TAPA COSTURAS IDEAL TAPE 50MTS 15MM. BLANCA,R-51001,3.4,https://canodiy.es/cintas-adhesivas/6281-R+51001-9999999005343.html
SOPORTES Y REFUERZOS,Cintas Adhesivas,cintas-adhesivas,ROLLO CINTA ADHESIVA TAPA COSTURAS IDEAL TAPE 50MTS 15MM. NEGRA,R-51002,3.4,https://canodiy.es/cintas-adhesivas/6282-R+51002-9999999004629.html
SOPORTES Y REFUERZOS,Rellenos y Refuerzos para Asas,rellenos-y-refuerzos-para-asas,CORDÓN DE REFUERZO DE GEL REDONDO 10 MM PARA ASAS DE BOLSO,R-17685,5.11,https://canodiy.es/rellenos-y-refuerzos-para-asas/2224-R+17685-9999999019111.html
SOPORTES Y REFUERZOS,Rellenos y Refuerzos para Asas,rellenos-y-refuerzos-para-asas,CORDÓN DE REFUERZO DE GEL REDONDO 6 MM PARA ASAS DE BOLSO,R-17683,3.4,https://canodiy.es/rellenos-y-refuerzos-para-asas/2236-R+17683-9999999008146.html
SOPORTES Y REFUERZOS,Rellenos y Refuerzos para Asas,rellenos-y-refuerzos-para-asas,CORDÓN DE REFUERZO DE GEL REDONDO 8 MM PARA ASAS DE BOLSO,R-17684,3.89,https://canodiy.es/rellenos-y-refuerzos-para-asas/2238-R+17684-9999999019104.html
SOPORTES Y REFUERZOS,SOPORTES Y REFUERZOS,soportes-y-refuerzos,ROLLO (50MTS) TIRA DE PLASTICO 3MM. C/MARRON,R-44020,4.96,https://canodiy.es/soportes-y-refuerzos/1141-R-44020.html
SOPORTES Y REFUERZOS,Tiras de cuero por metros,tiras-de-cuero-por-metros,TIRA DE PIEL REFORZADA 3 MM COLOR AZUL 312,R-66216,1.04,https://canodiy.es/tiras-de-cuero-por-metros/9688-R+66216-9999999030215.html
SOPORTES Y REFUERZOS,Tiras de cuero por metros,tiras-de-cuero-por-metros,TIRA DE PIEL REFORZADA 3 MM COLOR BLANCO ROTO 802,R-66214,1.04,https://canodiy.es/tiras-de-cuero-por-metros/9690-R+66214-9999999030192.html
SOPORTES Y REFUERZOS,Tiras de cuero por metros,tiras-de-cuero-por-metros,TIRA DE PIEL REFORZADA 3 MM COLOR MARRÓN 179,R-66215,1.04,https://canodiy.es/tiras-de-cuero-por-metros/9691-R+66215-9999999030208.html
SOPORTES Y REFUERZOS,Tiras de cuero por metros,tiras-de-cuero-por-metros,TIRA DE PIEL REFORZADA 3 MM COLOR NEGRO,R-66212,1.04,https://canodiy.es/tiras-de-cuero-por-metros/9689-R+66212-9999999030178.html
SOPORTES Y REFUERZOS,Tiras de cuero por metros,tiras-de-cuero-por-metros,"TIRA TRENZADA DE CUERO 4,5 MM x 2 MM BEIGE 215",R-68547,6.23,https://canodiy.es/tiras-de-cuero-por-metros/9715-R+68547-9999999037085.html
TINTES Y QUIMICOS,CANO ECO-GREEN,cano-eco-green,PACK 5 COLORES ZEUS 2000 PARA CUERO ESSENTIAL,R-67793,190.58,https://canodiy.es/cano-eco-green/9544-R+67793.html
TINTES Y QUIMICOS,CANO ECO-GREEN,cano-eco-green,PINTURA PARA CUERO ZEUS 2000 AMARILLO ORO,R-44739-QFHKX-PINAS,3.88,https://canodiy.es/cano-eco-green/3326-9434-R+44739+QFHKX+PINAS.html#/112-variante-bote_60_gramos
TINTES Y QUIMICOS,CANO ECO-GREEN,cano-eco-green,PINTURA PARA CUERO ZEUS 2000 AZUL,R-44739-DGGCK,3.88,https://canodiy.es/cano-eco-green/2469-9460-R+44739+DGGCK.html#/112-variante-bote_60_gramos
TINTES Y QUIMICOS,CANO ECO-GREEN,cano-eco-green,PINTURA PARA CUERO ZEUS 2000 BLANCO,R-44739-QFHKX,3.88,https://canodiy.es/cano-eco-green/2464-9442-R+44739+QFHKX.html#/112-variante-bote_60_gramos
TINTES Y QUIMICOS,CANO ECO-GREEN,cano-eco-green,PINTURA PARA CUERO ZEUS 2000 BURDEOS,R-44739-QFHKX-BKRHV,3.88,https://canodiy.es/cano-eco-green/3325-9449-R+44739+QFHKX+BKRHV.html#/112-variante-bote_60_gramos
TINTES Y QUIMICOS,CANO ECO-GREEN,cano-eco-green,PINTURA PARA CUERO ZEUS 2000 CARAMELO,R-44739-UX7PK,3.88,https://canodiy.es/cano-eco-green/2471-7240-R+44739+UX7PK.html#/112-variante-bote_60_gramos
TINTES Y QUIMICOS,CANO ECO-GREEN,cano-eco-green,PINTURA PARA CUERO ZEUS 2000 COBALTO,R-44739-QFHKX-OTNX9,3.88,https://canodiy.es/cano-eco-green/3323-9467-R+44739+QFHKX+OTNX9.html#/117-variante-bote_de_60_gramos
TINTES Y QUIMICOS,CANO ECO-GREEN,cano-eco-green,PINTURA PARA CUERO ZEUS 2000 MARRÓN,R-44739-QFHKX-IJKJ5,3.88,https://canodiy.es/cano-eco-green/3321-9464-R+44739+QFHKX+IJKJ5.html#/112-variante-bote_60_gramos
TINTES Y QUIMICOS,CANO ECO-GREEN,cano-eco-green,PINTURA PARA CUERO ZEUS 2000 MARRÓN CLARO,R-44739-QFHKX-R6GSN,3.88,https://canodiy.es/cano-eco-green/3322-9470-R+44739+QFHKX+R6GSN.html#/112-variante-bote_60_gramos
TINTES Y QUIMICOS,CANO ECO-GREEN,cano-eco-green,PINTURA PARA CUERO ZEUS 2000 NEGRO,R-44739-S7HRI,3.88,https://canodiy.es/cano-eco-green/2465-9477-R+44739+S7HRI.html#/112-variante-bote_60_gramos
TINTES Y QUIMICOS,CANO ECO-GREEN,cano-eco-green,PINTURA PARA CUERO ZEUS 2000 ROJO,R-44739-QFHKX-J7HEK,3.88,https://canodiy.es/cano-eco-green/3324-7261-R+44739+QFHKX+J7HEK.html#/112-variante-bote_60_gramos
TINTES Y QUIMICOS,CANO ECO-GREEN,cano-eco-green,PINTURA PARA CUERO ZEUS 2000 ROSA,R-44739-QFHKX-C8NBC,3.88,https://canodiy.es/cano-eco-green/3320-9488-R+44739+QFHKX+C8NBC.html#/112-variante-bote_60_gramos
TINTES Y QUIMICOS,CANO ECO-GREEN,cano-eco-green,PINTURA PARA CUERO ZEUS 2000 VERDE,R-44739-QFHKX-SYVHZ,3.88,https://canodiy.es/cano-eco-green/2468-9503-R+44739+QFHKX+SYVHZ.html#/112-variante-bote_60_gramos
TINTES Y QUIMICOS,Ceras para Reparar Cueros,ceras-para-reparar-cueros,CERA DE REPARADORA 3002/28 CARMINE RED,R-3861,4.9,https://canodiy.es/ceras-para-reparar-cueros/137-R+3861.html
TINTES Y QUIMICOS,Ceras para Reparar Cueros,ceras-para-reparar-cueros,CERA REPARADOR 5021/41 WATER BLUE,R-3874,4.9,https://canodiy.es/ceras-para-reparar-cueros/148-R+3874.html
TINTES Y QUIMICOS,Ceras para Reparar Cueros,ceras-para-reparar-cueros,CERA REPARADORA 1001/12 BEIGE,R-3845,4.9,https://canodiy.es/ceras-para-reparar-cueros/127-R+3845.html
TINTES Y QUIMICOS,Ceras para Reparar Cueros,ceras-para-reparar-cueros,CERA REPARADORA 1013/00 NATURAL,R-3883,4.9,https://canodiy.es/ceras-para-reparar-cueros/130-R+3883-9999999033629.html
TINTES Y QUIMICOS,Ceras para Reparar Cueros,ceras-para-reparar-cueros,CERA REPARADORA 1019/18 GREY YELLOW,R-3851,4.9,https://canodiy.es/ceras-para-reparar-cueros/128-R+3851.html
TINTES Y QUIMICOS,Ceras para Reparar Cueros,ceras-para-reparar-cueros,CERA REPARADORA 1023/31 TRAFFIC YELLOW,R-3864,4.9,https://canodiy.es/ceras-para-reparar-cueros/129-R+3864.html
TINTES Y QUIMICOS,Ceras para Reparar Cueros,ceras-para-reparar-cueros,CERA REPARADORA 2010/30 SIGNAL ORANGE,R-3863,4.9,https://canodiy.es/ceras-para-reparar-cueros/131-R+3863.html
TINTES Y QUIMICOS,Ceras para Reparar Cueros,ceras-para-reparar-cueros,CERA REPARADORA 3000/29 FLAME RED,R-3862,4.9,https://canodiy.es/ceras-para-reparar-cueros/138-R+3862.html
TINTES Y QUIMICOS,Ceras para Reparar Cueros,ceras-para-reparar-cueros,CERA REPARADORA 3004/25 PUPPLE RED,R-3858,4.9,https://canodiy.es/ceras-para-reparar-cueros/134-R+3858.html
TINTES Y QUIMICOS,Ceras para Reparar Cueros,ceras-para-reparar-cueros,CERA REPARADORA 3005/26 WINE RED,R-3859,4.9,https://canodiy.es/ceras-para-reparar-cueros/135-R+3859.html
TINTES Y QUIMICOS,Ceras para Reparar Cueros,ceras-para-reparar-cueros,CERA REPARADORA 3009/23 OXIDE RED,R-3856,4.9,https://canodiy.es/ceras-para-reparar-cueros/132-R+3856.html
TINTES Y QUIMICOS,Ceras para Reparar Cueros,ceras-para-reparar-cueros,CERA REPARADORA 3015/32 LIGHT PINK,R-3865,4.9,https://canodiy.es/ceras-para-reparar-cueros/139-R+3865.html
TINTES Y QUIMICOS,Ceras para Reparar Cueros,ceras-para-reparar-cueros,CERA REPARADORA 4001/34 RED LILAC,R-3867,4.9,https://canodiy.es/ceras-para-reparar-cueros/141-R+3867.html
TINTES Y QUIMICOS,Ceras para Reparar Cueros,ceras-para-reparar-cueros,CERA REPARADORA 4002/33 RED VIOLET,R-3866,4.9,https://canodiy.es/ceras-para-reparar-cueros/140-R+3866.html
TINTES Y QUIMICOS,Ceras para Reparar Cueros,ceras-para-reparar-cueros,CERA REPARADORA 4007/35 PURPLE VIOLET,R-3868,4.9,https://canodiy.es/ceras-para-reparar-cueros/142-R+3868.html
TINTES Y QUIMICOS,Ceras para Reparar Cueros,ceras-para-reparar-cueros,CERA REPARADORA 5000/38 VIOLET BLUE,R-3871,4.9,https://canodiy.es/ceras-para-reparar-cueros/145-R+3871.html
TINTES Y QUIMICOS,Ceras para Reparar Cueros,ceras-para-reparar-cueros,CERA REPARADORA 5009/39 AZURA BLUE,R-3872,4.9,https://canodiy.es/ceras-para-reparar-cueros/146-R+3872.html
TINTES Y QUIMICOS,Ceras para Reparar Cueros,ceras-para-reparar-cueros,CERA REPARADORA 5009/44 MINT GREEN,R-3877,4.9,https://canodiy.es/ceras-para-reparar-cueros/149-R+3877.html
TINTES Y QUIMICOS,Ceras para Reparar Cueros,ceras-para-reparar-cueros,CERA REPARADORA 5011/36 STEEK BLUE,R-3869,4.9,https://canodiy.es/ceras-para-reparar-cueros/143-R+3869.html
TINTES Y QUIMICOS,Ceras para Reparar Cueros,ceras-para-reparar-cueros,CERA REPARADORA 5013/37 COBAL BLUE,R-3870,4.9,https://canodiy.es/ceras-para-reparar-cueros/144-R+3870.html
TINTES Y QUIMICOS,Ceras para Reparar Cueros,ceras-para-reparar-cueros,CERA REPARADORA 6003/46 OLIVE GREEN,R-3879,4.9,https://canodiy.es/ceras-para-reparar-cueros/153-R+3879.html
TINTES Y QUIMICOS,Ceras para Reparar Cueros,ceras-para-reparar-cueros,CERA REPARADORA 6021/42 PALE GREEN,R-3875,4.9,https://canodiy.es/ceras-para-reparar-cueros/150-R+3875.html
TINTES Y QUIMICOS,Ceras para Reparar Cueros,ceras-para-reparar-cueros,CERA REPARADORA 6025/45 FERN GREEN,R-3878,4.9,https://canodiy.es/ceras-para-reparar-cueros/152-R+3878.html
TINTES Y QUIMICOS,Ceras para Reparar Cueros,ceras-para-reparar-cueros,CERA REPARADORA 7001/02 SILVER GREY,R-3835,4.9,https://canodiy.es/ceras-para-reparar-cueros/155-R+3835.html
TINTES Y QUIMICOS,Ceras para Reparar Cueros,ceras-para-reparar-cueros,CERA REPARADORA 7016/01 ANTHRACITE GREY,R-3834,4.9,https://canodiy.es/ceras-para-reparar-cueros/154-R+3834.html
TINTES Y QUIMICOS,Ceras para Reparar Cueros,ceras-para-reparar-cueros,CERA REPARADORA 7032/03 PEBBLE GREY,R-3836,4.9,https://canodiy.es/ceras-para-reparar-cueros/156-R+3836.html
TINTES Y QUIMICOS,Ceras para Reparar Cueros,ceras-para-reparar-cueros,CERA REPARADORA 7035/04 LIGHT GREY,R-3837,4.9,https://canodiy.es/ceras-para-reparar-cueros/157-R+3837.html
TINTES Y QUIMICOS,Ceras para Reparar Cueros,ceras-para-reparar-cueros,CERA REPARADORA 8000/47 GREEN BROWN,R-3880,4.9,https://canodiy.es/ceras-para-reparar-cueros/172-R+3880.html
TINTES Y QUIMICOS,Ceras para Reparar Cueros,ceras-para-reparar-cueros,CERA REPARADORA 8001/11 OCHER BROWN,R-3844,4.9,https://canodiy.es/ceras-para-reparar-cueros/162-R+3844-9999999019623.html
TINTES Y QUIMICOS,Ceras para Reparar Cueros,ceras-para-reparar-cueros,CERA REPARADORA 8002/15 SIGNAL BROWN,R-3848,4.9,https://canodiy.es/ceras-para-reparar-cueros/165-R+3848.html
TINTES Y QUIMICOS,Ceras para Reparar Cueros,ceras-para-reparar-cueros,CERA REPARADORA 8003/09 CLAY BROWN,R-3842,4.9,https://canodiy.es/ceras-para-reparar-cueros/161-R+3842-9999999019609.html
TINTES Y QUIMICOS,Ceras para Reparar Cueros,ceras-para-reparar-cueros,CERA REPARADORA 8004/14 COPPER BROWN,R-3847,4.9,https://canodiy.es/ceras-para-reparar-cueros/164-R+3847.html
TINTES Y QUIMICOS,Ceras para Reparar Cueros,ceras-para-reparar-cueros,CERA REPARADORA 8007/08 FAWN BROWN,R-3841,4.9,https://canodiy.es/ceras-para-reparar-cueros/160-R+3841.html
TINTES Y QUIMICOS,Ceras para Reparar Cueros,ceras-para-reparar-cueros,CERA REPARADORA 8011/13 NUT BROWN,R-3846,4.9,https://canodiy.es/ceras-para-reparar-cueros/163-R+3846.html
TINTES Y QUIMICOS,Ceras para Reparar Cueros,ceras-para-reparar-cueros,CERA REPARADORA 8012/22 RED BROWN,R-3855,4.9,https://canodiy.es/ceras-para-reparar-cueros/171-R+3855.html
TINTES Y QUIMICOS,Ceras para Reparar Cueros,ceras-para-reparar-cueros,CERA REPARADORA 8014/06 SEPIA BROWN,R-3839,4.9,https://canodiy.es/ceras-para-reparar-cueros/158-R+3839.html
TINTES Y QUIMICOS,Ceras para Reparar Cueros,ceras-para-reparar-cueros,CERA REPARADORA 8015/21 CHESTNUT BROWN,R-3854,4.9,https://canodiy.es/ceras-para-reparar-cueros/170-R+3854.html
TINTES Y QUIMICOS,Ceras para Reparar Cueros,ceras-para-reparar-cueros,CERA REPARADORA 8016/20 MAHOGANY BROWN,R-3853,4.9,https://canodiy.es/ceras-para-reparar-cueros/169-R+3853.html
TINTES Y QUIMICOS,Ceras para Reparar Cueros,ceras-para-reparar-cueros,CERA REPARADORA 8017/19 CHOCOLATE BROWN,R-3852,4.9,https://canodiy.es/ceras-para-reparar-cueros/168-R+3852.html
TINTES Y QUIMICOS,Ceras para Reparar Cueros,ceras-para-reparar-cueros,CERA REPARADORA 8024/16 BEIG BROWN,R-3849,4.9,https://canodiy.es/ceras-para-reparar-cueros/166-R+3849.html
TINTES Y QUIMICOS,Ceras para Reparar Cueros,ceras-para-reparar-cueros,CERA REPARADORA 8025/17 PALE BROWN,R-3850,4.9,https://canodiy.es/ceras-para-reparar-cueros/167-R+3850.html
TINTES Y QUIMICOS,Ceras para Reparar Cueros,ceras-para-reparar-cueros,CERA REPARADORA 8028/07 TERRA BROWN,R-3840,4.9,https://canodiy.es/ceras-para-reparar-cueros/159-R+3840.html
TINTES Y QUIMICOS,Ceras para Reparar Cueros,ceras-para-reparar-cueros,CERA REPARADORA 9004/49 BLACK,R-3882,4.9,https://canodiy.es/ceras-para-reparar-cueros/352-R+3882-9999999019593.html
TINTES Y QUIMICOS,Ceras para Reparar Cueros,ceras-para-reparar-cueros,CERA REPARADORA 9010/48 WHITE,R-3881,4.9,https://canodiy.es/ceras-para-reparar-cueros/173-R+3881-9999999034428.html
TINTES Y QUIMICOS,Ceras para Reparar Cueros,ceras-para-reparar-cueros,CERA REPARADORA MOSS GREEN 6005/43,R-3876,4.9,https://canodiy.es/ceras-para-reparar-cueros/151-R+3876.html
TINTES Y QUIMICOS,Ceras para Reparar Cueros,ceras-para-reparar-cueros,CERA REPARADORA SKY BLU 5015 /40,R-3873,4.9,https://canodiy.es/ceras-para-reparar-cueros/147-R+3873.html
TINTES Y QUIMICOS,Ceras para Reparar Cueros,ceras-para-reparar-cueros,CERA REPARADORA3007/27 BLACK RED,R-3860,4.9,https://canodiy.es/ceras-para-reparar-cueros/136-R+3860.html
TINTES Y QUIMICOS,Ceras para Reparar Cueros,ceras-para-reparar-cueros,LAPICERO CERA REPARADORA 3011/24 RED BROWN,R-3857,4.9,https://canodiy.es/ceras-para-reparar-cueros/133-R+3857.html
TINTES Y QUIMICOS,Ceras para Reparar Cueros,ceras-para-reparar-cueros,LAPICEROS CERAS-PELIKAN MARCAR PIEL C/AMARILLO,R-27788,3.51,https://canodiy.es/ceras-para-reparar-cueros/276-R+27788-4012700701107.html
TINTES Y QUIMICOS,Ceras para Reparar Cueros,ceras-para-reparar-cueros,LAPICEROS CERAS-PELIKAN MARCAR PIEL C/BLANCO,R-22529,3.51,https://canodiy.es/ceras-para-reparar-cueros/274-R+22529-4012700701114.html
TINTES Y QUIMICOS,Ceras para Reparar Cueros,ceras-para-reparar-cueros,LAPICEROS CERAS-PELIKAN MARCAR PIEL C/NEGRO,R-22528,3.51,https://canodiy.es/ceras-para-reparar-cueros/273-R+22528-4012700701060.html
TINTES Y QUIMICOS,Ceras para Reparar Cueros,ceras-para-reparar-cueros,LAPICEROS CERAS-PELIKAN MARCAR PIEL C/ROJO,R-25583,3.51,https://canodiy.es/ceras-para-reparar-cueros/275-R+25583-4012700701084.html
TINTES Y QUIMICOS,Ceras para Reparar Cueros,ceras-para-reparar-cueros,LAPICEROS-CERAS GOYA MARCAR PIEL C/ROJO,R-41396,3.51,https://canodiy.es/ceras-para-reparar-cueros/1112-R+41396-9999999022586.html
TINTES Y QUIMICOS,Ceras para Reparar Cueros,ceras-para-reparar-cueros,TARRINA (50GR.) DRYDER MASILLA REPARAR CUEROS,R-46841,6.35,https://canodiy.es/ceras-para-reparar-cueros/1983-R+46841.html
TINTES Y QUIMICOS,Con Brillo,con-brillo,PACK 5 COLORES PARA CANTOS AFRODITA ESSENTIAL 1 KG,R-67772,209.75,https://canodiy.es/con-brillo/9538-R+67772.html
TINTES Y QUIMICOS,Con Brillo,con-brillo,PACK 5 COLORES PARA CANTOS AFRODITA ESSENTIAL 250 GR,R-67753,83.79,https://canodiy.es/con-brillo/9536-R+67753.html
TINTES Y QUIMICOS,Con Brillo,con-brillo,PACK AFRODITA TINTA DE CANTOS BOTES DE 1 KG,R-67768,671.21,https://canodiy.es/con-brillo/9537-R+67768.html
TINTES Y QUIMICOS,Con Brillo,con-brillo,PACK AFRODITA TINTA DE CANTOS BOTES DE 250 GRAMOS,R-60705,268.13,https://canodiy.es/con-brillo/6962-R+60705.html
TINTES Y QUIMICOS,Con Brillo,con-brillo,PACK AFRODITA TINTA DE CANTOS BOTES DE 60 GRAMOS,R-60360,83.34,https://canodiy.es/con-brillo/6867-R+60360.html
TINTES Y QUIMICOS,Cuero,cuero-,BOTE (15ML) HEAT REPAIR REPARADOR A CALOR DE CUERO,R-55936,74.64,https://canodiy.es/cuero-/5939-R+55936.html
TINTES Y QUIMICOS,Cuero,cuero-,BOTE (15ML) SURFACE REPAIR REPARACIÓN DE ABRASAIONES EN SUPERFICIES,R-55988,55.17,https://canodiy.es/cuero-/5940-R+55988.html
TINTES Y QUIMICOS,Cuero,cuero-,BOTE (1L ) DULLING AGENT EFECTO MATE,R-55835,118.45,https://canodiy.es/cuero-/5917-R+55835.html
TINTES Y QUIMICOS,Cuero,cuero-,BOTE (1L) ADHESION PROMOTER PROMOTOR DE ADHERENCIA,R-55777,104.47,https://canodiy.es/cuero-/5928-R+55777.html
TINTES Y QUIMICOS,Cuero,cuero-,BOTE (1L) ANTI-SQUEAK ANTIRUIDO PARA LA PIEL,R-55779,39.28,https://canodiy.es/cuero-/5933-R+55779.html
TINTES Y QUIMICOS,Cuero,cuero-,BOTE (1L) DEEP CLEANER F LIMPIADOR SOLVENTE PARA CUERO,R-55833,49.23,https://canodiy.es/cuero-/5920-R+55833.html
TINTES Y QUIMICOS,Cuero,cuero-,BOTE (1L) DYE TRANSFER BLOCKER LIMPIADOR PRODUNDO PARA CUERO,R-55838,88.62,https://canodiy.es/cuero-/5922-R+55838.html
TINTES Y QUIMICOS,Cuero,cuero-,BOTE (1L) FILLER ADDITIVE REPARADOR DE GRIETAS,R-55905,119.26,https://canodiy.es/cuero-/5910-R+55905.html
TINTES Y QUIMICOS,Cuero,cuero-,BOTE (20ML) INK REMOVER QUITAMANCHAS DE TINTA,R-55941,16.43,https://canodiy.es/cuero-/5938-R+55941.html
TINTES Y QUIMICOS,Cuero,cuero-,BOTE (20ML) LEATHER GLUE WB COLA PARA CUERO,R-55954,19.27,https://canodiy.es/cuero-/5937-R+55954.html
TINTES Y QUIMICOS,Cuero,cuero-,BOTE (250ML)  LEATHER PROTECTOR PROTECTOR DE CUERO,R-55955,22.31,https://canodiy.es/cuero-/5904-R+55955.html
TINTES Y QUIMICOS,Cuero,cuero-,BOTE (250ML) ADHESION PROMOTER PROMOTOR DE ADHERENCIA,R-55776,28.81,https://canodiy.es/cuero-/5927-R+55776.html
TINTES Y QUIMICOS,Cuero,cuero-,BOTE (250ML) ANTI-SQUEAK ANTIRUIDO PARA LA PIEL,R-55778,14.2,https://canodiy.es/cuero-/5932-R+55778.html
TINTES Y QUIMICOS,Cuero,cuero-,BOTE (250ML) COLOR BONDER AGLUTINANTE DE COLOR,R-55825,37.73,https://canodiy.es/cuero-/5929-R+55825.html
TINTES Y QUIMICOS,Cuero,cuero-,BOTE (250ML) CROSSLINKER AZ6 CATALIZADOR-RETICULADOR,R-55827,117.18,https://canodiy.es/cuero-/5926-R+55827.html
TINTES Y QUIMICOS,Cuero,cuero-,BOTE (250ML) CROSSLINKER IC CATALIZADOR-RETICULADOR,R-55828,58.89,https://canodiy.es/cuero-/5925-R+55828.html
TINTES Y QUIMICOS,Cuero,cuero-,BOTE (250ML) DEEP CLEANER F LIMPIADOR SOLVENTE PARA CUERO,R-55832,19.5,https://canodiy.es/cuero-/5919-R+55832.html
TINTES Y QUIMICOS,Cuero,cuero-,BOTE (250ML) DULLING AGENT EFECTO MATE,R-55834,29.51,https://canodiy.es/cuero-/5916-R+55834.html
TINTES Y QUIMICOS,Cuero,cuero-,BOTE (250ML) DYE TRANSFER BLOCKER LIMPIADOR PROFUNDO PARA CUERO,R-55836,25.6,https://canodiy.es/cuero-/5921-R+55836.html
TINTES Y QUIMICOS,Cuero,cuero-,BOTE (250ML) DYE TRANSFER STAIN REMOVER LIMPIADOR DE TEÑIDOS PARA CUERO,R-55840,31.32,https://canodiy.es/cuero-/5923-R+55840.html
TINTES Y QUIMICOS,Cuero,cuero-,BOTE (250ML) ECO CROSSLINKER CATALIZADOR/RETICULADOR,R-55842,177.04,https://canodiy.es/cuero-/5924-R+55842.html
TINTES Y QUIMICOS,Cuero,cuero-,BOTE (250ML) ECOGUARD PROTECTOR DE ANTE Y NUBUCK,R-55843,27.99,https://canodiy.es/cuero-/5918-R+55843.html
TINTES Y QUIMICOS,Cuero,cuero-,BOTE (250ML) EXTRA ADHESION PARA REPINTAR CUERO,R-55845,28.81,https://canodiy.es/cuero-/5915-R+55845.html
TINTES Y QUIMICOS,Cuero,cuero-,BOTE (250ML) FILLER ADDITIVE REPARADOR DE GRIETAS,R-56934,38.6,https://canodiy.es/cuero-/5909-R+56934.html
TINTES Y QUIMICOS,Cuero,cuero-,BOTE (250ML) FM NON-SLIP ADITIVO ANTIDESLIZANTE EFECTO GOMOSO,R-55910,55.14,https://canodiy.es/cuero-/5911-R+55910.html
TINTES Y QUIMICOS,Cuero,cuero-,BOTE (250ML) FM SLIP ADDITIVE TACTO SEDOSO AL CUERO,R-55909,55.14,https://canodiy.es/cuero-/5907-R+55909.html
TINTES Y QUIMICOS,Cuero,cuero-,BOTE (250ML) HCC BASE PINTURA CONCENTRADA PARA CUERO,R-56972,26.47,https://canodiy.es/cuero-/5944-641-R+56972.html#/8-variante-blanco
TINTES Y QUIMICOS,Cuero,cuero-,BOTE (250ML) HIGH GLOSS LEATHER- PROTECTOR DE CUERO ALTO BRILLO,R-55937,22.31,https://canodiy.es/cuero-/5905-R+55937.html
TINTES Y QUIMICOS,Cuero,cuero-,BOTE (250ML) LEATHER CLEANER LIMPIADOR DE CUERO,R-55951,9.95,https://canodiy.es/cuero-/5902-R+55951.html
TINTES Y QUIMICOS,Cuero,cuero-,BOTE (250ML) LEATHER Y TEXTIL ODOR REMOVER ELIMINADOR DE OLORES DE CUERO Y TEXTIL,R-55949,23.92,https://canodiy.es/cuero-/5903-R+55949.html
TINTES Y QUIMICOS,Cuero,cuero-,BOTE (250ML) MOLD REMOVER ANTI MOHO,R-55964,38.53,https://canodiy.es/cuero-/5899-R+55964.html
TINTES Y QUIMICOS,Cuero,cuero-,BOTE (250ML) NUBUCK CLEANER LIMPIADOR DE NUBUCK,R-55974,14.2,https://canodiy.es/cuero-/5900-R+55974.html
TINTES Y QUIMICOS,Cuero,cuero-,BOTE (250ML) PULL UP REVIVER RENOVACIÓN DEL CUERO ENCERADO,R-55981,21.51,https://canodiy.es/cuero-/5897-R+55981.html
TINTES Y QUIMICOS,Cuero,cuero-,BOTE (250ML) SPEW REMOVER ELIMINADOR SUDORACIÓN DEL CUERO,R-55985,38.53,https://canodiy.es/cuero-/5895-R+55985.html
TINTES Y QUIMICOS,Cuero,cuero-,BOTE (250ML) TOP COAT GLOSS FIJADOR BRILLANTE,R-55996,35.9,https://canodiy.es/cuero-/5891-R+55996.html
TINTES Y QUIMICOS,Cuero,cuero-,BOTE (250ML) TOP COAT MATTE FIJADOR MATE,R-55999,39.19,https://canodiy.es/cuero-/5893-R+55999.html
TINTES Y QUIMICOS,Cuero,cuero-,BOTE (250ML) TUAN PLUS TINTAS PARA CUERO CON ANILINA,R-56976,26.4,https://canodiy.es/cuero-/5945-662-R+56976.html#/73-variante-neutro
TINTES Y QUIMICOS,Cuero,cuero-,BOTE (250ML) TUP PINTURA DE RETOQUE PARA CUERO,R-56968,26.4,https://canodiy.es/cuero-/5943-619-R+56968.html#/8-variante-blanco
TINTES Y QUIMICOS,Cuero,cuero-,BOTE (30GR) POWDER DEGREASER DESENGRASANTE EN POLVO,R-55977,16.22,https://canodiy.es/cuero-/5941-R+55977.html
TINTES Y QUIMICOS,Cuero,cuero-,BOTE (50ML) GRAIN COPIER COPIADOR DE HUELLAS DEL CUERO,R-55911,171.33,https://canodiy.es/cuero-/5942-R+55911.html
TINTES Y QUIMICOS,Cuero,cuero-,BOTE (75ML) MENDER FAST MASILLA RÁPIDA PARA CUERO,R-55117,22.61,https://canodiy.es/cuero-/5936-R+55117.html
TINTES Y QUIMICOS,Cuero,cuero-,BOTE EN SPRAY (400ML) QUITAGRASAS PARA CUERO Y TEXTIL,R-55948,53.77,https://canodiy.es/cuero-/5906-R+55948.html
TINTES Y QUIMICOS,Cuero,cuero-,KIT MAXI LIMPIEZA Y PROTECCIÓN PARA ANTE Y NUBUCK,R-56055,47.87,https://canodiy.es/cuero-/5885-R+56055.html
TINTES Y QUIMICOS,Cuero,cuero-,MAXI KIT DE LIMPIEZA Y PROTECCIÓN DEL CUERO CON QUITAMANCHAS DE TINTA,R-32462,45.41,https://canodiy.es/cuero-/1202-R+32462.html
TINTES Y QUIMICOS,Cuero,cuero-,MAXI KIT LIMPIADOR PARA CUERO ENCERADO,R-56057,37.33,https://canodiy.es/cuero-/5887-R+56057.html
TINTES Y QUIMICOS,Cuero,cuero-,MAXI KIT LIMPIEZA Y PROTECCIÓN DEL CUERO,R-56048,37.33,https://canodiy.es/cuero-/5882-R+56048.html
TINTES Y QUIMICOS,Cuero,cuero-,MINI KIT DE LIMPIEZA Y PROTECCIÓN DE CUERO,R-56051,24.2,https://canodiy.es/cuero-/5884-R+56051.html
TINTES Y QUIMICOS,Cuero,cuero-,MINI KIT DE LIMPIEZA Y PROTECCIÓN DE CUERO CON QUITAMANCHAS DE TINTA,R-56052,34.78,https://canodiy.es/cuero-/5883-R+56052.html
TINTES Y QUIMICOS,Cuero Auto,cuero-auto,BOTE (10ML) STITCHING PROTECTOR DE COSTURAS,R-55987,31.51,https://canodiy.es/cuero-auto/5934-R+55987.html
TINTES Y QUIMICOS,Cuero Auto,cuero-auto,BOTE (1L) COLOR BONDER AGLUTINANTE DE COLOR,R-55826,113.39,https://canodiy.es/cuero-auto/5930-R+55826.html
TINTES Y QUIMICOS,Cuero Auto,cuero-auto,BOTE (20ML) LEATHER ADDITIVE FRAGANCE FRAGANCIA PARA EL CUERO,R-55950,53.77,https://canodiy.es/cuero-auto/5935-R+55950.html
TINTES Y QUIMICOS,Cuero Auto,cuero-auto,BOTE (250ML) CAR LEATHER PROTECTOR DE CUERO ASIENTOS DE COCHE,R-55794,22.31,https://canodiy.es/cuero-auto/5931-R+55794.html
TINTES Y QUIMICOS,Cuero Auto,cuero-auto,BOTE (250ML) TEXTURING WB GRABADO Y TEXTURIZADO PARA CUERO Y PLÁSTICO,R-55992,19.87,https://canodiy.es/cuero-auto/5894-R+55992.html
TINTES Y QUIMICOS,Cuero Auto,cuero-auto,BOTE (250ML) TOP COAT FAST FIJADOR RÁPIDO,R-55993,41.95,https://canodiy.es/cuero-auto/5892-R+55993.html
TINTES Y QUIMICOS,Cuero Auto,cuero-auto,KIT MAXI DE LIMPIEZA Y PROTECCIÓN DEL CUERO DEL COCHE,R-56044,52.51,https://canodiy.es/cuero-auto/5890-R+56044.html
TINTES Y QUIMICOS,Cuero Auto,cuero-auto,KIT RENOVACION VOLANTE DE CUERO,R-56882,41.55,https://canodiy.es/cuero-auto/5881-9748-R+56882.html#/154-variante-color_beig
TINTES Y QUIMICOS,Cuero Regenerado,cuero-regenerado,MTS. CUERSON O SALPA 0.4MM C/NATURAL,R-29838,3.2,https://canodiy.es/cuero-regenerado/1823-R+29838-9999999006845.html
TINTES Y QUIMICOS,Cuero Regenerado,cuero-regenerado,MTS. CUERSON O SALPA 0.6MM C/NATURAL,R-22432,5.22,https://canodiy.es/cuero-regenerado/7032-R+22432-9999999006777.html
TINTES Y QUIMICOS,Cuero Regenerado,cuero-regenerado,MTS. CUERSON O SALPA 0.6MM C/NEGRO,R-13613,5.63,https://canodiy.es/cuero-regenerado/1822-R+13613-9999999006821.html
TINTES Y QUIMICOS,Cuero Regenerado,cuero-regenerado,MTS. CUERSON O SALPA 0.8MM C/NATURAL,R-13227,9.71,https://canodiy.es/cuero-regenerado/2472-R+13227-9999999006760.html
TINTES Y QUIMICOS,Cuero Regenerado,cuero-regenerado,MTS. CUERSON O SALPA 0.8MM C/NEGRO,R-13375,7.89,https://canodiy.es/cuero-regenerado/3260-R+13375-9999999006753.html
TINTES Y QUIMICOS,Cuero Regenerado,cuero-regenerado,MTS. CUERSON O SALPA 1.0MM C/NATURAL,R-14831,10.01,https://canodiy.es/cuero-regenerado/3261-R+14831-9999999006791.html
TINTES Y QUIMICOS,Cuero Regenerado,cuero-regenerado,MTS. CUERSON O SALPA 1.0MM C/NEGRO,R-13614,9.41,https://canodiy.es/cuero-regenerado/3262-R+13614-9999999016493.html
TINTES Y QUIMICOS,Cuero Sintético,cuero-sintetico-,MTS CUERO SINTÉTICO ARIEL AMARILLO C/13332,R-41908,11.74,https://canodiy.es/cuero-sintetico-/2477-R+41908.html
TINTES Y QUIMICOS,Cuero Sintético,cuero-sintetico-,MTS CUERO SINTÉTICO ARIEL AZUL C/13330,R-49290,11.74,https://canodiy.es/cuero-sintetico-/2496-R+49290.html
TINTES Y QUIMICOS,Cuero Sintético,cuero-sintetico-,MTS CUERO SINTÉTICO ARIEL AZUL MARINO C/13336,R-40741,11.74,https://canodiy.es/cuero-sintetico-/2475-R+40741.html
TINTES Y QUIMICOS,Cuero Sintético,cuero-sintetico-,MTS CUERO SINTÉTICO ARIEL BEIG CLARO C/13091,R-49294,11.74,https://canodiy.es/cuero-sintetico-/2500-R+49294.html
TINTES Y QUIMICOS,Cuero Sintético,cuero-sintetico-,MTS CUERO SINTÉTICO ARIEL BEIGE C/12951,R-43838,11.74,https://canodiy.es/cuero-sintetico-/2489-R+43838.html
TINTES Y QUIMICOS,Cuero Sintético,cuero-sintetico-,MTS CUERO SINTÉTICO ARIEL BEIGE CLARO C/410,R-49284,11.74,https://canodiy.es/cuero-sintetico-/2490-R+49284.html
TINTES Y QUIMICOS,Cuero Sintético,cuero-sintetico-,MTS CUERO SINTÉTICO ARIEL BLANCO C/12950,R-43834,11.74,https://canodiy.es/cuero-sintetico-/2485-R+43834.html
TINTES Y QUIMICOS,Cuero Sintético,cuero-sintetico-,MTS CUERO SINTÉTICO ARIEL BURDEOS C/13329,R-49291,11.74,https://canodiy.es/cuero-sintetico-/2497-R+49291.html
TINTES Y QUIMICOS,Cuero Sintético,cuero-sintetico-,MTS CUERO SINTÉTICO ARIEL FUXIA C/13334,R-49293,11.74,https://canodiy.es/cuero-sintetico-/2499-R+49293.html
TINTES Y QUIMICOS,Cuero Sintético,cuero-sintetico-,MTS CUERO SINTÉTICO ARIEL GRIS C/13327,R-49288,11.74,https://canodiy.es/cuero-sintetico-/2494-R+49288.html
TINTES Y QUIMICOS,Cuero Sintético,cuero-sintetico-,MTS CUERO SINTÉTICO ARIEL GRIS CLARO C/13328,R-43837,11.74,https://canodiy.es/cuero-sintetico-/2488-R+43837-9999999019654.html
TINTES Y QUIMICOS,Cuero Sintético,cuero-sintetico-,MTS CUERO SINTÉTICO ARIEL MARRÓN C/13325,R-43835,11.74,https://canodiy.es/cuero-sintetico-/2486-R+43835.html
TINTES Y QUIMICOS,Cuero Sintético,cuero-sintetico-,MTS CUERO SINTÉTICO ARIEL MARRÓN CAMEL C/13326,R-49287,11.74,https://canodiy.es/cuero-sintetico-/2493-R+49287.html
TINTES Y QUIMICOS,Cuero Sintético,cuero-sintetico-,MTS CUERO SINTÉTICO ARIEL MARRÓN CLARO C/13324,R-49286,11.74,https://canodiy.es/cuero-sintetico-/2492-R+49286.html
TINTES Y QUIMICOS,Cuero Sintético,cuero-sintetico-,MTS CUERO SINTÉTICO ARIEL MARRÓN OSCURO C/8921,R-49289,11.74,https://canodiy.es/cuero-sintetico-/2495-R+49289.html
TINTES Y QUIMICOS,Cuero Sintético,cuero-sintetico-,MTS CUERO SINTÉTICO ARIEL NARANJA C/13335,R-49292,11.74,https://canodiy.es/cuero-sintetico-/2498-R+49292.html
TINTES Y QUIMICOS,Cuero Sintético,cuero-sintetico-,MTS CUERO SINTÉTICO ARIEL NEGRO C/99,R-39045,11.74,https://canodiy.es/cuero-sintetico-/2474-R+39045.html
TINTES Y QUIMICOS,Cuero Sintético,cuero-sintetico-,MTS CUERO SINTÉTICO ARIEL ROJO C/13333,R-40742,11.74,https://canodiy.es/cuero-sintetico-/2476-R+40742-9999999030529.html
TINTES Y QUIMICOS,Cuero Sintético,cuero-sintetico-,MTS CUERO SINTÉTICO ARIEL ROSA C/13323,R-43836,11.74,https://canodiy.es/cuero-sintetico-/2487-R+43836.html
TINTES Y QUIMICOS,Cuero Sintético,cuero-sintetico-,MTS CUERO SINTÉTICO ARIEL ROSA CLARO C/13322,R-49285,11.74,https://canodiy.es/cuero-sintetico-/2491-R+49285.html
TINTES Y QUIMICOS,Cuero Sintético,cuero-sintetico-,MTS CUERO SINTÉTICO ARIEL VERDE C/13331,R-41909,11.74,https://canodiy.es/cuero-sintetico-/2478-R+41909.html
TINTES Y QUIMICOS,Cuidado y mantenimiento,cuidado-y-mantenimiento,BOTELLA DE 1 LITRO LIMPIADOR DE CUERO  POWER CLEANER,R-55979,32.26,https://canodiy.es/cuidado-y-mantenimiento/6810-R+55979.html
TINTES Y QUIMICOS,Kits Cuidado,kits-cuidado,KIT REPARADOR LIMPIEZA NUBUCK,R-65087,29.95,https://canodiy.es/kits-cuidado/8910-R+65087.html
TINTES Y QUIMICOS,Kits Cuidado,kits-cuidado,KIT REPARADOR NUTRE Y IMPERMEABILIZANTE  SPORT,R-65088,29.95,https://canodiy.es/kits-cuidado/8911-R+65088.html
TINTES Y QUIMICOS,Kits Cuidado,kits-cuidado,KIT REPARADOR SNEAKERS BLANCAS,R-65089,29.95,https://canodiy.es/kits-cuidado/8908-R+65089.html
TINTES Y QUIMICOS,Limpiadores para Cueros,limpiadores-para-cueros,BOTE (1 KILO) HIGIA LAVADOR DE CUERO AL AGUA,R-31592-D8OBC,22.87,https://canodiy.es/limpiadores-para-cueros/6344-R+31592+D8OBC.html
TINTES Y QUIMICOS,Limpiadores para Cueros,limpiadores-para-cueros,BOTE (250GRS) ARES LIMPIADOR PARA PIEL C/ NEUTRO,R-44780,8.89,https://canodiy.es/limpiadores-para-cueros/3050-R+44780.html
TINTES Y QUIMICOS,Limpiadores para Cueros,limpiadores-para-cueros,BOTE (250GRS) HIGIA LAVADOR DE CUERO AL AGUA,R-31592-0LL88,6.67,https://canodiy.es/limpiadores-para-cueros/6342-R+31592+0LL88.html
TINTES Y QUIMICOS,Limpiadores para Cueros,limpiadores-para-cueros,BOTE (250GRS) POSEIDON LIMPIADOR JABONOSO PARA CUERO C/ NEUTRO,R-44784,6.67,https://canodiy.es/limpiadores-para-cueros/1818-R+44784.html
TINTES Y QUIMICOS,Limpiadores para Cueros,limpiadores-para-cueros,BOTE (60GRS) ARES LIMPIADOR PARA PIEL C/ NEUTRO,R-44781,4.45,https://canodiy.es/limpiadores-para-cueros/8229-R+44781.html
TINTES Y QUIMICOS,Limpiadores para Cueros,limpiadores-para-cueros,BOTE (60GRS) HIGIA LAVADOR DE CUERO AL AGUA,R-31592-B243E,4.45,https://canodiy.es/limpiadores-para-cueros/6343-R+31592+B243E.html
TINTES Y QUIMICOS,Limpiadores para Cueros,limpiadores-para-cueros,BOTE (60GRS) POSEIDON LIMPIADOR JABONOSO PARA CUERO C/ NEUTRO,R-44785,4.45,https://canodiy.es/limpiadores-para-cueros/1817-R+44785.html
TINTES Y QUIMICOS,Otros Productos,otros-productos,ACEITE ESPECIAL PARA MÁQUINA DE COSER,R-7259,9.53,https://canodiy.es/otros-productos/1939-R+7259.html
TINTES Y QUIMICOS,Otros Productos,otros-productos,ACEITERA RELLENA DE ACEITE ESPECIAL PARA MÁQUINA DE COSER,R-11646,4.27,https://canodiy.es/otros-productos/40-R+11646.html
TINTES Y QUIMICOS,Otros Productos,otros-productos,BOTE SPRAY LUBRICANTE AFLOJA-TODO JJ02-S,R-39612,13.49,https://canodiy.es/otros-productos/1798-R+39612-9999999005916.html
TINTES Y QUIMICOS,Otros Productos,otros-productos,SPRAY DE LIMPIEZA MAQUINARIA DK5,R-33678,14.41,https://canodiy.es/otros-productos/1797-R+33678.html
TINTES Y QUIMICOS,Otros Productos,otros-productos,SPRAY SILICONA MARATON 500 ML,R-25616,5.08,https://canodiy.es/otros-productos/3792-R+25616.html
TINTES Y QUIMICOS,Otros Productos,otros-productos,TARRINA (50GRS) VALKIRIA CERA PULIDO C/ 000 NEUTRO,R-47177,4.45,https://canodiy.es/otros-productos/3332-R+47177.html
TINTES Y QUIMICOS,Otros Productos,otros-productos,TARRINA (50GRS) VICTORIA CERA FINAL C/ 000 NEUTRO,R-47193,4.45,https://canodiy.es/otros-productos/3733-R+47193.html
TINTES Y QUIMICOS,Otros Productos,otros-productos,TARRINA (50GRS) VICTORIA CERA FINAL C/ 007 MARRON OSCURO,R-47194,4.45,https://canodiy.es/otros-productos/3732-R+47194.html
TINTES Y QUIMICOS,Otros Productos,otros-productos,TARRINA (50GRS) VICTORIA CERA FINAL C/ 019 NEGRO,R-47197,4.45,https://canodiy.es/otros-productos/3731-R+47197.html
TINTES Y QUIMICOS,Pintura para Cuero,pintura-para-cuero,PACK GÉMINIS 2019 (250GR) REPARADOR NEGRO + FIJADOR NEUTRO,R-67747,22.65,https://canodiy.es/pintura-para-cuero/9534-R+67747.html
TINTES Y QUIMICOS,Pintura para Cuero,pintura-para-cuero,PACK GÉMINIS 2019 (60GR) REPARADOR NEGRO +  FIJADOR NEUTRO,R-61484,7.25,https://canodiy.es/pintura-para-cuero/7101-R+61484.html
TINTES Y QUIMICOS,Pintura para Cuero,pintura-para-cuero,PACK ZEUS 2000 PINTURA PARA CUERO BOTES DE 1 kg,R-67792,533.61,https://canodiy.es/pintura-para-cuero/9543-R+67792.html
TINTES Y QUIMICOS,Pintura para Cuero,pintura-para-cuero,PACK ZEUS 2000 PINTURA PARA CUERO BOTES DE 250 GRAMOS,R-60040,204.37,https://canodiy.es/pintura-para-cuero/6789-R+60040.html
TINTES Y QUIMICOS,Pintura para Cuero,pintura-para-cuero,PACK ZEUS 2000 PINTURA PARA CUERO BOTES DE 60 GRAMOS,R-60039,54.25,https://canodiy.es/pintura-para-cuero/6788-R+60039.html
TINTES Y QUIMICOS,Pintura para Cuero,pintura-para-cuero,PINTURA PARA CUERO ZEUS 2000 AMARILLO LIMON,R-44739-VMVI4,3.88,https://canodiy.es/pintura-para-cuero/2467-7242-R+44739+VMVI4.html#/112-variante-bote_60_gramos
TINTES Y QUIMICOS,Pintura para Cuero,pintura-para-cuero,PINTURA PARA CUERO ZEUS 2000 ROJO FUEGO,R-44739-SSQTK,3.88,https://canodiy.es/pintura-para-cuero/2466-9481-R+44739+SSQTK.html#/112-variante-bote_60_gramos
TINTES Y QUIMICOS,Plástico,plastico,BOTE (250ML) PLASTIC PRIMER S IMPRIMACIÓN PARA PLÁSTICO,R-55976,23.44,https://canodiy.es/plastico/5898-R+55976.html
TINTES Y QUIMICOS,Prendas de Piel,prendas-de-piel,KIT REPARADOR CUERO NEGRO,R-65090,29.95,https://canodiy.es/prendas-de-piel/8907-R+65090.html
TINTES Y QUIMICOS,Protectores para Cueros,protectores-para-cueros,PANDORA FIJADOR CUERO C/ NEUTRO,R-44783,2.63,https://canodiy.es/protectores-para-cueros/1815-7372-R+44783.html#/112-variante-bote_60_gramos
TINTES Y QUIMICOS,Protectores para Cueros,protectores-para-cueros,TARRINA (50GRS) ICARO CERA PROTECTORA C/ NEUTRO,R-44789,4.45,https://canodiy.es/protectores-para-cueros/1814-R+44789.html
TINTES Y QUIMICOS,Sin Brillo,sin-brillo,PACK APOLO 16 COLORES DE 1 KILO PINTURA PARA CANTOS DE CUERO EFECTO GOMOSO,R-67784,671.21,https://canodiy.es/sin-brillo/9539-R+67784.html
TINTES Y QUIMICOS,Sin Brillo,sin-brillo,PACK APOLO 16 COLORES DE 250 GRAMOS PINTURA PARA CANTOS DE CUERO EFECTO GOMOSO,R-60358-M11BK,268.13,https://canodiy.es/sin-brillo/6868-R+60358+M11BK.html
TINTES Y QUIMICOS,Sin Brillo,sin-brillo,PACK APOLO 16 COLORES DE 60 GRAMOS PINTURA PARA CANTOS DE CUERO EFECTO GOMOSO,R-60358,83.34,https://canodiy.es/sin-brillo/6866-R+60358.html
TINTES Y QUIMICOS,Sin Brillo,sin-brillo,PACK APOLO 5 COLORES ESENCIALES PARA CANTOS DE CUERO (1 KILO),R-67787,215.8,https://canodiy.es/sin-brillo/9540-R+67787.html
TINTES Y QUIMICOS,Sin Brillo,sin-brillo,PACK APOLO 5 COLORES ESENCIALES PARA CANTOS DE CUERO (250 G),R-67789,83.79,https://canodiy.es/sin-brillo/9541-R+67789.html
TINTES Y QUIMICOS,TINTES Y PRODUCTOS QUÍMICOS,tintes-y-productos-quimicos,BOTE SPRAY IMPERMEABILIZANTE (200ML) RAINSTOP,R-54064,9.91,https://canodiy.es/tintes-y-productos-quimicos/5005-R+54064.html
TINTES Y QUIMICOS,TINTES Y PRODUCTOS QUÍMICOS,tintes-y-productos-quimicos,BOTE SPRAY LIMPIADOR PARA CUERO (250ML) STAIN AWAY,R-54063,13.53,https://canodiy.es/tintes-y-productos-quimicos/5006-R+54063.html
TINTES Y QUIMICOS,Tejido,tejido,BOTE (250GRS) FABRIC INK PLUS REMOVER QUITAMANCHAS DE TINTA,R-55849,23.44,https://canodiy.es/tejido/5914-R+55849.html
TINTES Y QUIMICOS,Tejido,tejido,BOTE (250GRS) FABRIC ORGANIC REMOVER QUITAMANCHAS ORGANICO PARA TEJIDOS,R-55850,17.84,https://canodiy.es/tejido/5912-R+55850.html
TINTES Y QUIMICOS,Tejido,tejido,BOTE (250GRS) FABRIC RUST REMOVER QUITAMANCHAS DE OXIDO PARA TELA,R-55851,17.84,https://canodiy.es/tejido/5913-R+55851.html
TINTES Y QUIMICOS,Tejido,tejido,BOTE (250ML) MICROFIBER CLEANER LIMPIADOR DE MICROFIBRA,R-55963,11.97,https://canodiy.es/tejido/5901-R+55963.html
TINTES Y QUIMICOS,Tejido,tejido,BOTE (250ML) TEXTILE PROTECTOR ANTIMANCHAS PARA TELA,R-55989,21.7,https://canodiy.es/tejido/5896-R+55989.html
TINTES Y QUIMICOS,Tejido,tejido,KIT LIMPIEZA MAXI PARA TELAS DE MICROFIBRA,R-56054,35.63,https://canodiy.es/tejido/5886-R+56054.html
TINTES Y QUIMICOS,Tejido,tejido,MAXI KIT DE LIMPIEZA Y PROTECCIÓN DE TAPICERÍA DE TELA,R-56068,48.29,https://canodiy.es/tejido/5889-R+56068.html
TINTES Y QUIMICOS,Tejido Auto,tejido-auto,KIT PARA EL CUIDADO DE LA TAPIZERÍA DE TELA DEL COCHE,R-56045,74.84,https://canodiy.es/tejido-auto/5888-R+56045.html
TINTES Y QUIMICOS,Tintes Cantos para Cueros,tintes-cantos-para-cueros,AFRODITA PINTURA PARA CANTOS DEL CUERO CON BRILLO C/ 050 NEUTRO,R-44807,5.22,https://canodiy.es/tintes-cantos-para-cueros/1766-7369-R+44807.html#/112-variante-bote_60_gramos
TINTES Y QUIMICOS,Tintes Cantos para Cueros,tintes-cantos-para-cueros,AFRODITA PINTURA PARA CANTOS DEL CUERO CON BRILLO C/ 051 BLANCO,R-44817,5.22,https://canodiy.es/tintes-cantos-para-cueros/1776-7273-R+44817.html#/112-variante-bote_60_gramos
TINTES Y QUIMICOS,Tintes Cantos para Cueros,tintes-cantos-para-cueros,AFRODITA PINTURA PARA CANTOS DEL CUERO CON BRILLO C/ 053 VERDE BOTELLA,R-44813,5.22,https://canodiy.es/tintes-cantos-para-cueros/1772-7276-R+44813.html#/112-variante-bote_60_gramos
TINTES Y QUIMICOS,Tintes Cantos para Cueros,tintes-cantos-para-cueros,AFRODITA PINTURA PARA CANTOS DEL CUERO CON BRILLO C/ 055 AMARILLO,R-44810,5.22,https://canodiy.es/tintes-cantos-para-cueros/1769-7279-R+44810.html#/112-variante-bote_60_gramos
TINTES Y QUIMICOS,Tintes Cantos para Cueros,tintes-cantos-para-cueros,AFRODITA PINTURA PARA CANTOS DEL CUERO CON BRILLO C/ 058 BURDEOS,R-44812,5.22,https://canodiy.es/tintes-cantos-para-cueros/1771-7282-R+44812.html#/112-variante-bote_60_gramos
TINTES Y QUIMICOS,Tintes Cantos para Cueros,tintes-cantos-para-cueros,AFRODITA PINTURA PARA CANTOS DEL CUERO CON BRILLO C/ 067 CUERO,R-44809,5.22,https://canodiy.es/tintes-cantos-para-cueros/1768-7285-R+44809.html#/112-variante-bote_60_gramos
TINTES Y QUIMICOS,Tintes Cantos para Cueros,tintes-cantos-para-cueros,AFRODITA PINTURA PARA CANTOS DEL CUERO CON BRILLO C/ 071 ROJO,R-44811,5.22,https://canodiy.es/tintes-cantos-para-cueros/1770-7288-R+44811.html#/112-variante-bote_60_gramos
TINTES Y QUIMICOS,Tintes Cantos para Cueros,tintes-cantos-para-cueros,AFRODITA PINTURA PARA CANTOS DEL CUERO CON BRILLO C/ 076 EBANO,R-44808,5.22,https://canodiy.es/tintes-cantos-para-cueros/1767-9707-R+44808.html#/112-variante-bote_60_gramos
TINTES Y QUIMICOS,Tintes Cantos para Cueros,tintes-cantos-para-cueros,AFRODITA PINTURA PARA CANTOS DEL CUERO CON BRILLO C/ 085 MARINO,R-44814,5.22,https://canodiy.es/tintes-cantos-para-cueros/1773-7294-R+44814.html#/112-variante-bote_60_gramos
TINTES Y QUIMICOS,Tintes Cantos para Cueros,tintes-cantos-para-cueros,AFRODITA PINTURA PARA CANTOS DEL CUERO CON BRILLO C/ 099 NEGRO,R-44806,5.22,https://canodiy.es/tintes-cantos-para-cueros/1765-7297-R+44806.html#/112-variante-bote_60_gramos
TINTES Y QUIMICOS,Tintes Cantos para Cueros,tintes-cantos-para-cueros,AFRODITA PINTURA PARA CANTOS DEL CUERO CON BRILLO C/ 507 BEIG CLARO,R-44818,5.22,https://canodiy.es/tintes-cantos-para-cueros/1777-7300-R+44818.html#/112-variante-bote_60_gramos
TINTES Y QUIMICOS,Tintes Cantos para Cueros,tintes-cantos-para-cueros,AFRODITA PINTURA PARA CANTOS DEL CUERO CON BRILLO C/ 564 FUXIA,R-44816,5.22,https://canodiy.es/tintes-cantos-para-cueros/5572-7303-R+44816.html#/112-variante-bote_60_gramos
TINTES Y QUIMICOS,Tintes Cantos para Cueros,tintes-cantos-para-cueros,AFRODITA PINTURA PARA CANTOS DEL CUERO CON BRILLO C/ 586 VIOLETA,R-44820,5.22,https://canodiy.es/tintes-cantos-para-cueros/1779-7306-R+44820.html#/112-variante-bote_60_gramos
TINTES Y QUIMICOS,Tintes Cantos para Cueros,tintes-cantos-para-cueros,AFRODITA PINTURA PARA CANTOS DEL CUERO CON BRILLO C/ 592 TOSTADO,R-44819,5.22,https://canodiy.es/tintes-cantos-para-cueros/1778-7309-R+44819.html#/112-variante-bote_60_gramos
TINTES Y QUIMICOS,Tintes Cantos para Cueros,tintes-cantos-para-cueros,AFRODITA PINTURA PARA CANTOS DEL CUERO CON BRILLO C/ 661 AZUL ELECTRICO,R-44815,5.22,https://canodiy.es/tintes-cantos-para-cueros/1774-7312-R+44815.html#/112-variante-bote_60_gramos
TINTES Y QUIMICOS,Tintes Cantos para Cueros,tintes-cantos-para-cueros,AFRODITA PINTURA PARA CANTOS DEL CUERO CON BRILLO C/ 673 GRIS,R-44821,5.22,https://canodiy.es/tintes-cantos-para-cueros/1780-7315-R+44821.html#/112-variante-bote_60_gramos
TINTES Y QUIMICOS,Tintes Cantos para Cueros,tintes-cantos-para-cueros,APOLO PINTURA PARA CANTOS DEL CUERO COLOR AMARILLO 055 EFECTO GOMOSO,R-44732,5.22,https://canodiy.es/tintes-cantos-para-cueros/1753-7327-R+44732.html#/112-variante-bote_60_gramos
TINTES Y QUIMICOS,Tintes Cantos para Cueros,tintes-cantos-para-cueros,APOLO PINTURA PARA CANTOS DEL CUERO COLOR AZUL ELÉTRICO 661 EFECTO GOMOSO,R-44737,5.22,https://canodiy.es/tintes-cantos-para-cueros/1758-7360-R+44737.html#/112-variante-bote_60_gramos
TINTES Y QUIMICOS,Tintes Cantos para Cueros,tintes-cantos-para-cueros,APOLO PINTURA PARA CANTOS DEL CUERO COLOR BEIGE 507 EFECTO GOMOSO,R-44740,5.22,https://canodiy.es/tintes-cantos-para-cueros/1761-7348-R+44740.html#/112-variante-bote_60_gramos
TINTES Y QUIMICOS,Tintes Cantos para Cueros,tintes-cantos-para-cueros,APOLO PINTURA PARA CANTOS DEL CUERO COLOR BLANCO 051  EFECTO GOMOSO,R-44739,5.22,https://canodiy.es/tintes-cantos-para-cueros/1760-7321-R+44739.html#/112-variante-bote_60_gramos
TINTES Y QUIMICOS,Tintes Cantos para Cueros,tintes-cantos-para-cueros,APOLO PINTURA PARA CANTOS DEL CUERO COLOR BURDEOS 058 EFECTO GOMOSO,R-44734,5.22,https://canodiy.es/tintes-cantos-para-cueros/1755-7330-R+44734.html#/112-variante-bote_60_gramos
TINTES Y QUIMICOS,Tintes Cantos para Cueros,tintes-cantos-para-cueros,APOLO PINTURA PARA CANTOS DEL CUERO COLOR CUERO 067 EFECTO GOMOSO,R-44731,5.22,https://canodiy.es/tintes-cantos-para-cueros/1752-7333-R+44731.html#/112-variante-bote_60_gramos
TINTES Y QUIMICOS,Tintes Cantos para Cueros,tintes-cantos-para-cueros,APOLO PINTURA PARA CANTOS DEL CUERO COLOR FUCSIA 564 EFECTO GOMOSO,R-44738,5.22,https://canodiy.es/tintes-cantos-para-cueros/1759-7351-R+44738.html#/112-variante-bote_60_gramos
TINTES Y QUIMICOS,Tintes Cantos para Cueros,tintes-cantos-para-cueros,APOLO PINTURA PARA CANTOS DEL CUERO COLOR GRIS 673 EFECTO GOMOSO,R-44743,5.22,https://canodiy.es/tintes-cantos-para-cueros/1764-7363-R+44743.html#/112-variante-bote_60_gramos
TINTES Y QUIMICOS,Tintes Cantos para Cueros,tintes-cantos-para-cueros,APOLO PINTURA PARA CANTOS DEL CUERO COLOR MARINO 085  EFECTO GOMOSO,R-44736,5.22,https://canodiy.es/tintes-cantos-para-cueros/1757-7342-R+44736.html#/112-variante-bote_60_gramos
TINTES Y QUIMICOS,Tintes Cantos para Cueros,tintes-cantos-para-cueros,APOLO PINTURA PARA CANTOS DEL CUERO COLOR NEGRO 099 EFECTO GOMOSO,R-44728,5.22,https://canodiy.es/tintes-cantos-para-cueros/1749-9414-R+44728.html#/112-variante-bote_60_gramos
TINTES Y QUIMICOS,Tintes Cantos para Cueros,tintes-cantos-para-cueros,APOLO PINTURA PARA CANTOS DEL CUERO COLOR NEUTRO EFECTO GOMOSO,R-44729,5.22,https://canodiy.es/tintes-cantos-para-cueros/1750-7318-R+44729.html#/112-variante-bote_60_gramos
TINTES Y QUIMICOS,Tintes Cantos para Cueros,tintes-cantos-para-cueros,APOLO PINTURA PARA CANTOS DEL CUERO COLOR ROJO 071 EFECTO GOMOSO,R-44733,5.22,https://canodiy.es/tintes-cantos-para-cueros/1754-7336-R+44733.html#/112-variante-bote_60_gramos
TINTES Y QUIMICOS,Tintes Cantos para Cueros,tintes-cantos-para-cueros,APOLO PINTURA PARA CANTOS DEL CUERO COLOR TOSTADO 592 EFECTO GOMOSO,R-44741,5.22,https://canodiy.es/tintes-cantos-para-cueros/1762-7357-R+44741.html#/112-variante-bote_60_gramos
TINTES Y QUIMICOS,Tintes Cantos para Cueros,tintes-cantos-para-cueros,APOLO PINTURA PARA CANTOS DEL CUERO COLOR VERDE 053 EFECTO GOMOSO,R-44735,5.22,https://canodiy.es/tintes-cantos-para-cueros/1756-7324-R+44735.html#/112-variante-bote_60_gramos
TINTES Y QUIMICOS,Tintes Cantos para Cueros,tintes-cantos-para-cueros,APOLO PINTURA PARA CANTOS DEL CUERO COLOR VIOLETA 586 EFECTO GOMOSO,R-44742,5.22,https://canodiy.es/tintes-cantos-para-cueros/1763-7354-R+44742.html#/112-variante-bote_60_gramos
TINTES Y QUIMICOS,Tintes Cantos para Cueros,tintes-cantos-para-cueros,APOLO PINTURA PARA CANTOS DEL CUERO COLOR ÉBANO 076 EFECTO GOMOSO,R-44730,5.22,https://canodiy.es/tintes-cantos-para-cueros/1751-7339-R+44730.html#/112-variante-bote_60_gramos
TINTES Y QUIMICOS,Tintes Cantos para Cueros,tintes-cantos-para-cueros,HERCULES TAPAPOROS PARA CANTOS NEUTRO,R-60589,4.45,https://canodiy.es/tintes-cantos-para-cueros/6959-7366-R+60589.html#/112-variante-bote_60_gramos
TINTES Y QUIMICOS,Tintes para Cuero,tintes-para-cuero,PACK 5 COLORES ZEUS CREMA FLUIDA TINTE PARA CUERO 1 KG,R-67811,190.58,https://canodiy.es/tintes-para-cuero/9548-R+67811.html
TINTES Y QUIMICOS,Tintes para Cuero,tintes-para-cuero,PACK ZEUS CREMA FLUIDA BOTES DE 250 GRAMOS,R-59963,248.08,https://canodiy.es/tintes-para-cuero/6783-R+59963.html
TINTES Y QUIMICOS,Tintes para Cuero,tintes-para-cuero,PACK ZEUS CREMA FLUIDA BOTES DE 60 GRAMOS,R-59936,69.52,https://canodiy.es/tintes-para-cuero/6773-R+59936.html
TINTES Y QUIMICOS,Tintes para Cuero,tintes-para-cuero,PACK ZEUS CREMA FLUIDA TINTES PARA CUERO BOTES DE 1 kg,R-67804,647.96,https://canodiy.es/tintes-para-cuero/9547-R+67804.html
TINTES Y QUIMICOS,Tintes para Cuero,tintes-para-cuero,TINTA ZEUS CREMA FLUIDA C/ 003 AZUL TURQUESA,R-44591,4.09,https://canodiy.es/tintes-para-cuero/4127-6171-R+44591.html#/112-variante-bote_60_gramos
TINTES Y QUIMICOS,Tintes para Cuero,tintes-para-cuero,TINTA ZEUS CREMA FLUIDA C/ 004 FUCSIA,R-45258,4.09,https://canodiy.es/tintes-para-cuero/4101-6320-R+45258.html#/112-variante-bote_60_gramos
TINTES Y QUIMICOS,Tintes para Cuero,tintes-para-cuero,TINTA ZEUS CREMA FLUIDA C/ 005 VERDE,R-44588,4.09,https://canodiy.es/tintes-para-cuero/4123-6323-R+44588.html#/112-variante-bote_60_gramos
TINTES Y QUIMICOS,Tintes para Cuero,tintes-para-cuero,TINTA ZEUS CREMA FLUIDA C/ 006 AZUL MEDIO,R-44586,4.09,https://canodiy.es/tintes-para-cuero/4120-6326-R+44586.html#/112-variante-bote_60_gramos
TINTES Y QUIMICOS,Tintes para Cuero,tintes-para-cuero,TINTA ZEUS CREMA FLUIDA C/ 008 MARRON CLARO,R-44460,4.09,https://canodiy.es/tintes-para-cuero/4112-6329-R+44460.html#/112-variante-bote_60_gramos
TINTES Y QUIMICOS,Tintes para Cuero,tintes-para-cuero,TINTA ZEUS CREMA FLUIDA C/ 010 NEUTRO,R-44451,4.09,https://canodiy.es/tintes-para-cuero/4109-6332-R+44451.html#/112-variante-bote_60_gramos
TINTES Y QUIMICOS,Tintes para Cuero,tintes-para-cuero,TINTA ZEUS CREMA FLUIDA C/ 012 CUERO,R-44580,4.09,https://canodiy.es/tintes-para-cuero/4114-6335-R+44580.html#/112-variante-bote_60_gramos
TINTES Y QUIMICOS,Tintes para Cuero,tintes-para-cuero,TINTA ZEUS CREMA FLUIDA C/ 015 ROJO,R-44584,4.09,https://canodiy.es/tintes-para-cuero/4104-6338-R+44584.html#/112-variante-bote_60_gramos
TINTES Y QUIMICOS,Tintes para Cuero,tintes-para-cuero,TINTA ZEUS CREMA FLUIDA C/ 016 NARANJA,R-44589,4.09,https://canodiy.es/tintes-para-cuero/4125-6341-R+44589.html#/112-variante-bote_60_gramos
TINTES Y QUIMICOS,Tintes para Cuero,tintes-para-cuero,TINTA ZEUS CREMA FLUIDA C/ 017 BURDEOS,R-44585,4.09,https://canodiy.es/tintes-para-cuero/4119-6344-R+44585.html#/112-variante-bote_60_gramos
TINTES Y QUIMICOS,Tintes para Cuero,tintes-para-cuero,TINTA ZEUS CREMA FLUIDA C/ 018 AMARILLO,R-44583,4.09,https://canodiy.es/tintes-para-cuero/4116-6347-R+44583.html#/112-variante-bote_60_gramos
TINTES Y QUIMICOS,Tintes para Cuero,tintes-para-cuero,TINTA ZEUS CREMA FLUIDA C/ 019 NEGRO,R-44590,38.12,https://canodiy.es/tintes-para-cuero/4126-6348-R+44590.html#/110-variante-bote_1_kilo
TINTES Y QUIMICOS,Tintes para Cuero,tintes-para-cuero,TINTA ZEUS CREMA FLUIDA C/ 023 MARRON,R-44581,4.09,https://canodiy.es/tintes-para-cuero/4106-6353-R+44581.html#/112-variante-bote_60_gramos
TINTES Y QUIMICOS,Tintes para Cuero,tintes-para-cuero,TINTA ZEUS CREMA FLUIDA C/ 083 GRIS,R-44593,4.09,https://canodiy.es/tintes-para-cuero/4129-6356-R+44593.html#/113-variante-zeus_60_gramos
TINTES Y QUIMICOS,Tintes para Cuero,tintes-para-cuero,TINTA ZEUS CREMA FLUIDA C/ 112 AZUL OSCURO,R-44587,4.09,https://canodiy.es/tintes-para-cuero/4122-6359-R+44587.html#/112-variante-bote_60_gramos
TINTES Y QUIMICOS,Tintes para Cuero,tintes-para-cuero,TINTA ZEUS CREMA FLUIDA C/ 171 MARRON OSCURO,R-44582,4.09,https://canodiy.es/tintes-para-cuero/4115-6362-R+44582.html#/112-variante-bote_60_gramos
TINTES Y QUIMICOS,Tintes para Cuero,tintes-para-cuero,TINTA ZEUS CREMA FLUIDA C/ 453 AZUL ELECTRICO,R-44592,4.09,https://canodiy.es/tintes-para-cuero/4128-6365-R+44592.html#/112-variante-bote_60_gramos
